Date,Year,Model,Revenue,Quantity Sold,Region,Country,Channel
01/01/2019,2019.0,BMW X2,94654.0,2.0,Africa,Nigeria,Wholesale
01/01/2019,2019.0,BMW M4,111259.0,1.0,Africa,Kenya,Wholesale
02/01/2019,2019.0,BMW 6 Series,94881.0,3.0,South America,Chile,Wholesale
04/01/2019,2019.0,BMW X2,35293.0,4.0,Asia,South Korea,Wholesale
04/01/2019,2019.0,BMW M2,76275.0,5.0,Asia,Japan,Wholesale
05/01/2019,2019.0,BMW iX3,74929.0,3.0,Asia,South Korea,Wholesale
06/01/2019,2019.0,BMW 8 Series,82563.0,4.0,South America,Colombia,Dealership
07/01/2019,2019.0,BMW 7 Series,71767.0,3.0,South America,Chile,Wholesale
07/01/2019,2019.0,BMW iX3,67202.0,4.0,Africa,Morocco,Wholesale
07/01/2019,2019.0,BMW i4,82195.0,5.0,Asia,Japan,Wholesale
08/01/2019,2019.0,BMW X4,106309.0,3.0,Europe,Italy,Wholesale
08/01/2019,2019.0,BMW M3,35983.0,4.0,Europe,Spain,Wholesale
08/01/2019,2019.0,BMW X6,74863.0,1.0,South America,Peru,Dealership
09/01/2019,2019.0,BMW 5 Series,59157.0,2.0,North America,Mexico,Dealership
09/01/2019,2019.0,BMW X6,59493.0,4.0,North America,United States,Wholesale
10/01/2019,2019.0,BMW M5,89019.0,4.0,Europe,Italy,Dealership
10/01/2019,2019.0,BMW 8 Series,113748.0,4.0,North America,Mexico,Wholesale
10/01/2019,2019.0,BMW 8 Series,68568.0,3.0,North America,Canada,Wholesale
11/01/2019,2019.0,BMW M4,118264.0,2.0,Europe,France,Wholesale
12/01/2019,2019.0,BMW X1,78586.0,3.0,Europe,Spain,Wholesale
12/01/2019,2019.0,BMW M4,44063.0,4.0,North America,Mexico,Wholesale
12/01/2019,2019.0,BMW 2 Series,82810.0,4.0,South America,Argentina,Dealership
0,0.0,0,0.0,0.0,0,0,0
13/01/2019,2019.0,BMW M4,99626.0,2.0,Asia,Japan,Wholesale
13/01/2019,2019.0,BMW X5,118393.0,1.0,North America,United States,Wholesale
14/01/2019,2019.0,BMW i4,93737.0,3.0,Asia,China,Dealership
15/01/2019,2019.0,BMW M8,101997.0,1.0,South America,Colombia,Wholesale
15/01/2019,2019.0,BMW X1,107838.0,4.0,Africa,Kenya,Dealership
15/01/2019,2019.0,BMW 6 Series,53877.0,4.0,Asia,South Korea,Dealership
16/01/2019,2019.0,BMW iX,73420.0,5.0,South America,Brazil,Wholesale
16/01/2019,2019.0,BMW M2,112782.0,5.0,South America,Peru,Dealership
16/01/2019,2019.0,BMW iX,100875.0,1.0,Asia,China,Wholesale
16/01/2019,2019.0,BMW i8,55094.0,5.0,Asia,India,Dealership
17/01/2019,2019.0,BMW X6,104500.0,2.0,Europe,Spain,Wholesale
17/01/2019,2019.0,BMW M3,60373.0,1.0,South America,Colombia,Wholesale
17/01/2019,2019.0,BMW 8 Series,53898.0,5.0,Africa,Egypt,Wholesale
17/01/2019,2019.0,BMW 2 Series,77937.0,5.0,South America,Brazil,Dealership
18/01/2019,2019.0,BMW i3,66388.0,2.0,Asia,China,Wholesale
18/01/2019,2019.0,BMW 5 Series,118627.0,2.0,North America,Mexico,Dealership
18/01/2019,2019.0,BMW 5 Series,112462.0,1.0,Africa,Egypt,Wholesale
19/01/2019,2019.0,BMW Z4,64030.0,3.0,Africa,Egypt,Dealership
19/01/2019,2019.0,BMW i3,91913.0,2.0,South America,Argentina,Wholesale
19/01/2019,2019.0,BMW 5 Series,53184.0,5.0,North America,Mexico,Dealership
19/01/2019,2019.0,BMW 2 Series,76721.0,1.0,Asia,Japan,Wholesale
19/01/2019,2019.0,BMW 4 Series,103236.0,3.0,Asia,Japan,Wholesale
20/01/2019,2019.0,BMW i3,72296.0,1.0,Europe,Italy,Dealership
20/01/2019,2019.0,BMW M4,34286.0,5.0,South America,Chile,Dealership
21/01/2019,2019.0,BMW i3,117156.0,3.0,South America,Colombia,Wholesale
21/01/2019,2019.0,BMW M8,73639.0,3.0,North America,Canada,Wholesale
21/01/2019,2019.0,BMW 6 Series,60431.0,2.0,South America,Argentina,Wholesale
21/01/2019,2019.0,BMW M5,92363.0,4.0,Africa,Egypt,Dealership
21/01/2019,2019.0,BMW iX3,45072.0,5.0,Europe,Germany,Wholesale
21/01/2019,2019.0,BMW 6 Series,40916.0,4.0,Africa,South Africa,Wholesale
22/01/2019,2019.0,BMW 7 Series,77369.0,5.0,South America,Colombia,Wholesale
22/01/2019,2019.0,BMW iX3,48946.0,1.0,North America,United States,Wholesale
23/01/2019,2019.0,BMW 6 Series,51863.0,4.0,South America,Peru,Dealership
23/01/2019,2019.0,BMW Z4,90064.0,3.0,Europe,Germany,Wholesale
24/01/2019,2019.0,BMW X5,90656.0,2.0,Europe,France,Wholesale
24/01/2019,2019.0,BMW M8,53545.0,5.0,Europe,United Kingdom,Wholesale
24/01/2019,2019.0,BMW X1,54019.0,2.0,Africa,Kenya,Wholesale
25/01/2019,2019.0,BMW M2,86625.0,5.0,Europe,Germany,Dealership
26/01/2019,2019.0,BMW 5 Series,81701.0,3.0,North America,United States,Wholesale
27/01/2019,2019.0,BMW M2,57386.0,3.0,South America,Brazil,Wholesale
28/01/2019,2019.0,BMW 7 Series,105769.0,3.0,Asia,India,Dealership
28/01/2019,2019.0,BMW X2,47822.0,3.0,Africa,Kenya,Wholesale
28/01/2019,2019.0,BMW M2,105462.0,3.0,South America,Brazil,Wholesale
28/01/2019,2019.0,BMW M5,70023.0,2.0,Europe,United Kingdom,Wholesale
28/01/2019,2019.0,BMW M3,85878.0,1.0,Europe,France,Wholesale
29/01/2019,2019.0,BMW i3,77984.0,4.0,South America,Argentina,Wholesale
29/01/2019,2019.0,BMW 5 Series,86577.0,2.0,North America,Canada,Wholesale
29/01/2019,2019.0,BMW X4,106369.0,4.0,Africa,Egypt,Dealership
29/01/2019,2019.0,BMW X2,80929.0,1.0,South America,Brazil,Dealership
30/01/2019,2019.0,BMW iX3,57081.0,5.0,Asia,China,Wholesale
30/01/2019,2019.0,BMW X3,32751.0,1.0,Africa,Nigeria,Dealership
31/01/2019,2019.0,BMW M4,70194.0,1.0,Africa,Egypt,Dealership
31/01/2019,2019.0,BMW X1,88479.0,5.0,Africa,Kenya,Dealership
31/01/2019,2019.0,BMW 4 Series,56953.0,4.0,Africa,Kenya,Wholesale
31/01/2019,2019.0,BMW X2,48642.0,3.0,Asia,China,Wholesale
31/01/2019,2019.0,BMW X5,81176.0,5.0,Asia,Japan,Wholesale
31/01/2019,2019.0,BMW X7,51863.0,5.0,North America,Mexico,Wholesale
31/01/2019,2019.0,BMW i4,48114.0,1.0,Europe,France,Dealership
01/02/2019,2019.0,BMW X5,86843.0,5.0,Africa,Morocco,Dealership
01/02/2019,2019.0,BMW i4,72563.0,2.0,Europe,Spain,Wholesale
01/02/2019,2019.0,BMW 4 Series,60373.0,3.0,Europe,United Kingdom,Wholesale
01/02/2019,2019.0,BMW 6 Series,108104.0,1.0,Europe,Spain,Wholesale
01/02/2019,2019.0,BMW X4,94746.0,4.0,Asia,South Korea,Wholesale
01/02/2019,2019.0,BMW X5,116973.0,4.0,North America,United States,Dealership
02/02/2019,2019.0,BMW 3 Series,77470.0,4.0,South America,Brazil,Wholesale
02/02/2019,2019.0,BMW X5,75760.0,4.0,Asia,China,Dealership
03/02/2019,2019.0,BMW X3,109449.0,4.0,Africa,Kenya,Wholesale
03/02/2019,2019.0,BMW 1 Series,73884.0,1.0,Asia,India,Wholesale
03/02/2019,2019.0,BMW 5 Series,35565.0,2.0,Europe,United Kingdom,Wholesale
03/02/2019,2019.0,BMW iX3,116488.0,2.0,Africa,South Africa,Wholesale
03/02/2019,2019.0,BMW X6,107554.0,4.0,Asia,Japan,Wholesale
04/02/2019,2019.0,BMW 5 Series,51340.0,2.0,South America,Argentina,Wholesale
04/02/2019,2019.0,BMW X3,108651.0,3.0,South America,Peru,Wholesale
05/02/2019,2019.0,BMW M4,61772.0,2.0,South America,Chile,Dealership
06/02/2019,2019.0,BMW 4 Series,112888.0,5.0,North America,Canada,Dealership
06/02/2019,2019.0,BMW 7 Series,88975.0,4.0,Asia,Japan,Dealership
06/02/2019,2019.0,BMW i4,111344.0,5.0,Europe,France,Wholesale
07/02/2019,2019.0,BMW i3,36918.0,5.0,Asia,India,Wholesale
07/02/2019,2019.0,BMW X3,80711.0,4.0,South America,Brazil,Dealership
07/02/2019,2019.0,BMW X2,60070.0,1.0,North America,Mexico,Dealership
07/02/2019,2019.0,BMW 4 Series,43366.0,2.0,North America,United States,Wholesale
08/02/2019,2019.0,BMW X1,39200.0,3.0,Asia,China,Dealership
08/02/2019,2019.0,BMW M3,89151.0,1.0,Asia,Japan,Dealership
08/02/2019,2019.0,BMW X5,53226.0,3.0,Africa,Morocco,Wholesale
08/02/2019,2019.0,BMW X5,116891.0,4.0,Asia,Thailand,Wholesale
08/02/2019,2019.0,BMW Z4,90085.0,2.0,Europe,Germany,Wholesale
08/02/2019,2019.0,BMW M4,53486.0,1.0,Europe,United Kingdom,Dealership
09/02/2019,2019.0,BMW iX,34700.0,4.0,Europe,Germany,Wholesale
09/02/2019,2019.0,BMW M4,111863.0,1.0,Asia,South Korea,Dealership
09/02/2019,2019.0,BMW M4,37988.0,5.0,South America,Colombia,Wholesale
10/02/2019,2019.0,BMW 7 Series,31634.0,2.0,Africa,South Africa,Wholesale
10/02/2019,2019.0,BMW 4 Series,94052.0,2.0,South America,Argentina,Wholesale
10/02/2019,2019.0,BMW i3,73352.0,4.0,Europe,United Kingdom,Wholesale
11/02/2019,2019.0,BMW X6,90634.0,4.0,Asia,India,Dealership
11/02/2019,2019.0,BMW X7,75939.0,4.0,Africa,Morocco,Wholesale
11/02/2019,2019.0,BMW i8,95327.0,2.0,Europe,Germany,Dealership
13/02/2019,2019.0,BMW X4,117498.0,5.0,South America,Peru,Dealership
13/02/2019,2019.0,BMW iX3,100938.0,2.0,Europe,Spain,Wholesale
13/02/2019,2019.0,BMW i8,36900.0,4.0,North America,Canada,Wholesale
14/02/2019,2019.0,BMW M4,49332.0,3.0,Africa,South Africa,Wholesale
14/02/2019,2019.0,BMW X2,100672.0,5.0,Asia,China,Wholesale
15/02/2019,2019.0,BMW X3,101627.0,2.0,North America,Canada,Wholesale
15/02/2019,2019.0,BMW 7 Series,98203.0,3.0,South America,Brazil,Dealership
15/02/2019,2019.0,BMW 8 Series,118499.0,5.0,Asia,Japan,Dealership
15/02/2019,2019.0,BMW M2,85943.0,2.0,Asia,Japan,Wholesale
16/02/2019,2019.0,BMW 1 Series,36221.0,4.0,South America,Brazil,Dealership
16/02/2019,2019.0,BMW M3,51788.0,2.0,North America,Canada,Wholesale
16/02/2019,2019.0,BMW 7 Series,59350.0,5.0,Asia,Thailand,Wholesale
17/02/2019,2019.0,BMW 7 Series,43264.0,4.0,Africa,Nigeria,Wholesale
17/02/2019,2019.0,BMW i4,60816.0,1.0,North America,United States,Wholesale
17/02/2019,2019.0,BMW X1,37426.0,3.0,South America,Peru,Wholesale
18/02/2019,2019.0,BMW 3 Series,44287.0,4.0,Europe,Spain,Dealership
18/02/2019,2019.0,BMW 7 Series,119622.0,4.0,Asia,India,Wholesale
18/02/2019,2019.0,BMW X6,78659.0,5.0,Asia,India,Dealership
19/02/2019,2019.0,BMW X6,91852.0,5.0,Africa,Nigeria,Wholesale
19/02/2019,2019.0,BMW iX3,42583.0,3.0,Europe,Germany,Wholesale
19/02/2019,2019.0,BMW i8,67455.0,5.0,Europe,United Kingdom,Wholesale
19/02/2019,2019.0,BMW X4,102454.0,4.0,Asia,India,Wholesale
19/02/2019,2019.0,BMW X5,113401.0,3.0,Europe,Italy,Wholesale
20/02/2019,2019.0,BMW i8,63314.0,3.0,South America,Colombia,Wholesale
20/02/2019,2019.0,BMW i8,42134.0,2.0,Europe,United Kingdom,Dealership
20/02/2019,2019.0,BMW i8,67525.0,4.0,Africa,Kenya,Wholesale
20/02/2019,2019.0,BMW M4,90345.0,4.0,Africa,Morocco,Wholesale
21/02/2019,2019.0,BMW 2 Series,63617.0,5.0,North America,Mexico,Wholesale
21/02/2019,2019.0,BMW 2 Series,93444.0,4.0,Europe,United Kingdom,Wholesale
21/02/2019,2019.0,BMW X6,113489.0,5.0,Africa,Kenya,Wholesale
21/02/2019,2019.0,BMW i4,36487.0,4.0,Europe,Italy,Wholesale
22/02/2019,2019.0,BMW M8,84890.0,2.0,Europe,Spain,Wholesale
22/02/2019,2019.0,BMW X5,86865.0,4.0,Asia,Japan,Wholesale
22/02/2019,2019.0,BMW iX3,76295.0,2.0,Africa,Nigeria,Wholesale
23/02/2019,2019.0,BMW X5,117702.0,4.0,Asia,China,Wholesale
24/02/2019,2019.0,BMW 6 Series,80294.0,4.0,Asia,Thailand,Wholesale
24/02/2019,2019.0,BMW X2,108959.0,1.0,North America,Mexico,Wholesale
24/02/2019,2019.0,BMW M4,106844.0,4.0,Africa,Nigeria,Dealership
25/02/2019,2019.0,BMW 5 Series,81564.0,2.0,North America,Mexico,Wholesale
25/02/2019,2019.0,BMW X4,35804.0,3.0,South America,Chile,Dealership
26/02/2019,2019.0,BMW X6,78643.0,2.0,Africa,Kenya,Wholesale
27/02/2019,2019.0,BMW 2 Series,119063.0,4.0,North America,Mexico,Dealership
27/02/2019,2019.0,BMW i8,64635.0,5.0,South America,Argentina,Wholesale
27/02/2019,2019.0,BMW 8 Series,43068.0,1.0,South America,Colombia,Wholesale
28/02/2019,2019.0,BMW X6,92306.0,5.0,Africa,Morocco,Wholesale
28/02/2019,2019.0,BMW X4,97639.0,1.0,Asia,India,Wholesale
28/02/2019,2019.0,BMW X5,34163.0,1.0,North America,Canada,Dealership
02/03/2019,2019.0,BMW Z4,65169.0,5.0,North America,Canada,Wholesale
02/03/2019,2019.0,BMW X6,46515.0,4.0,Africa,Nigeria,Wholesale
03/03/2019,2019.0,BMW 4 Series,101533.0,2.0,Africa,Kenya,Dealership
03/03/2019,2019.0,BMW X2,89432.0,5.0,North America,United States,Wholesale
03/03/2019,2019.0,BMW Z4,115343.0,3.0,South America,Argentina,Wholesale
04/03/2019,2019.0,BMW 3 Series,114463.0,1.0,Africa,Morocco,Wholesale
04/03/2019,2019.0,BMW iX,97741.0,2.0,South America,Peru,Wholesale
04/03/2019,2019.0,BMW 5 Series,109517.0,3.0,Asia,China,Dealership
04/03/2019,2019.0,BMW X7,72018.0,2.0,North America,Canada,Wholesale
05/03/2019,2019.0,BMW i4,92546.0,4.0,North America,Canada,Dealership
05/03/2019,2019.0,BMW 6 Series,110490.0,3.0,North America,Canada,Dealership
05/03/2019,2019.0,BMW 7 Series,106167.0,5.0,Europe,Germany,Dealership
06/03/2019,2019.0,BMW X4,107179.0,2.0,South America,Argentina,Dealership
07/03/2019,2019.0,BMW 8 Series,59292.0,5.0,North America,Canada,Wholesale
07/03/2019,2019.0,BMW Z4,88990.0,5.0,Africa,South Africa,Wholesale
07/03/2019,2019.0,BMW 4 Series,58949.0,2.0,Europe,Italy,Dealership
07/03/2019,2019.0,BMW i3,86964.0,2.0,Africa,Kenya,Dealership
08/03/2019,2019.0,BMW 7 Series,97541.0,1.0,Africa,Kenya,Dealership
08/03/2019,2019.0,BMW M2,97419.0,1.0,Europe,France,Wholesale
08/03/2019,2019.0,BMW 2 Series,64527.0,3.0,Africa,South Africa,Dealership
08/03/2019,2019.0,BMW i3,58385.0,3.0,South America,Argentina,Wholesale
08/03/2019,2019.0,BMW 7 Series,68913.0,3.0,Asia,Japan,Dealership
09/03/2019,2019.0,BMW M3,104861.0,1.0,Asia,Thailand,Wholesale
09/03/2019,2019.0,BMW iX,74133.0,5.0,Africa,Nigeria,Wholesale
10/03/2019,2019.0,BMW i8,101484.0,4.0,Africa,Egypt,Dealership
10/03/2019,2019.0,BMW 6 Series,89481.0,4.0,South America,Chile,Wholesale
10/03/2019,2019.0,BMW 4 Series,44227.0,2.0,Africa,Egypt,Wholesale
11/03/2019,2019.0,BMW X3,105969.0,1.0,North America,Mexico,Dealership
11/03/2019,2019.0,BMW X2,96042.0,2.0,North America,Mexico,Dealership
12/03/2019,2019.0,BMW 1 Series,65271.0,4.0,North America,United States,Wholesale
12/03/2019,2019.0,BMW 1 Series,112594.0,2.0,Asia,South Korea,Wholesale
12/03/2019,2019.0,BMW M5,105653.0,1.0,South America,Argentina,Wholesale
12/03/2019,2019.0,BMW X3,55775.0,1.0,North America,Mexico,Wholesale
13/03/2019,2019.0,BMW Z4,45014.0,1.0,South America,Peru,Dealership
13/03/2019,2019.0,BMW 4 Series,69314.0,4.0,Europe,Italy,Wholesale
14/03/2019,2019.0,BMW i4,63336.0,1.0,Asia,China,Wholesale
14/03/2019,2019.0,BMW X5,90690.0,3.0,South America,Peru,Wholesale
14/03/2019,2019.0,BMW 5 Series,56627.0,3.0,Europe,Germany,Wholesale
15/03/2019,2019.0,BMW 6 Series,37587.0,1.0,Africa,Kenya,Wholesale
15/03/2019,2019.0,BMW M8,73023.0,3.0,South America,Colombia,Wholesale
15/03/2019,2019.0,BMW 7 Series,64229.0,1.0,South America,Brazil,Wholesale
15/03/2019,2019.0,BMW M8,32870.0,4.0,Asia,Thailand,Wholesale
15/03/2019,2019.0,BMW X4,77457.0,3.0,North America,Canada,Wholesale
16/03/2019,2019.0,BMW 1 Series,65500.0,4.0,South America,Peru,Wholesale
16/03/2019,2019.0,BMW X1,119547.0,3.0,Europe,United Kingdom,Dealership
16/03/2019,2019.0,BMW 5 Series,93503.0,5.0,South America,Brazil,Dealership
17/03/2019,2019.0,BMW M4,92237.0,5.0,South America,Colombia,Wholesale
18/03/2019,2019.0,BMW 5 Series,117694.0,4.0,Africa,Egypt,Wholesale
18/03/2019,2019.0,BMW i4,102378.0,3.0,Africa,Nigeria,Dealership
18/03/2019,2019.0,BMW X2,41423.0,5.0,Europe,Spain,Dealership
19/03/2019,2019.0,BMW iX,49039.0,1.0,Asia,China,Wholesale
19/03/2019,2019.0,BMW i8,64511.0,2.0,North America,Canada,Wholesale
20/03/2019,2019.0,BMW X6,109798.0,5.0,North America,United States,Wholesale
20/03/2019,2019.0,BMW X6,53583.0,5.0,Africa,South Africa,Dealership
20/03/2019,2019.0,BMW X4,52765.0,1.0,South America,Brazil,Wholesale
20/03/2019,2019.0,BMW Z4,106730.0,5.0,North America,United States,Wholesale
20/03/2019,2019.0,BMW X3,94546.0,5.0,North America,United States,Wholesale
20/03/2019,2019.0,BMW 7 Series,69530.0,5.0,Europe,Spain,Wholesale
20/03/2019,2019.0,BMW X3,58111.0,3.0,North America,United States,Wholesale
20/03/2019,2019.0,BMW iX3,31076.0,5.0,South America,Chile,Wholesale
21/03/2019,2019.0,BMW 2 Series,106752.0,2.0,North America,Mexico,Dealership
22/03/2019,2019.0,BMW M3,44567.0,3.0,Europe,Spain,Wholesale
23/03/2019,2019.0,BMW 6 Series,70289.0,3.0,South America,Argentina,Wholesale
23/03/2019,2019.0,BMW 3 Series,63299.0,4.0,North America,Mexico,Dealership
23/03/2019,2019.0,BMW 2 Series,54463.0,5.0,Europe,France,Wholesale
23/03/2019,2019.0,BMW X2,107195.0,2.0,Europe,Germany,Wholesale
24/03/2019,2019.0,BMW X2,80978.0,2.0,North America,Canada,Wholesale
25/03/2019,2019.0,BMW i3,61852.0,4.0,South America,Colombia,Wholesale
25/03/2019,2019.0,BMW X4,76779.0,2.0,Asia,India,Dealership
26/03/2019,2019.0,BMW X7,58333.0,3.0,North America,Mexico,Wholesale
26/03/2019,2019.0,BMW iX,41629.0,1.0,Asia,India,Dealership
26/03/2019,2019.0,BMW 6 Series,68648.0,3.0,Europe,Germany,Wholesale
26/03/2019,2019.0,BMW 1 Series,102681.0,1.0,Europe,Spain,Wholesale
26/03/2019,2019.0,BMW i4,62919.0,2.0,Europe,Spain,Wholesale
26/03/2019,2019.0,BMW X1,84289.0,5.0,South America,Chile,Wholesale
27/03/2019,2019.0,BMW X3,85441.0,1.0,Asia,Thailand,Wholesale
27/03/2019,2019.0,BMW M8,119294.0,3.0,South America,Chile,Wholesale
27/03/2019,2019.0,BMW X5,76809.0,3.0,Asia,South Korea,Wholesale
27/03/2019,2019.0,BMW M4,106031.0,3.0,Africa,Egypt,Wholesale
27/03/2019,2019.0,BMW i4,68875.0,3.0,Asia,China,Wholesale
28/03/2019,2019.0,BMW 5 Series,42069.0,4.0,Africa,Nigeria,Dealership
28/03/2019,2019.0,BMW i3,93726.0,2.0,Asia,Japan,Dealership
28/03/2019,2019.0,BMW X3,114682.0,5.0,Europe,Spain,Wholesale
28/03/2019,2019.0,BMW i8,49887.0,4.0,Europe,United Kingdom,Dealership
29/03/2019,2019.0,BMW 8 Series,30605.0,2.0,North America,United States,Wholesale
29/03/2019,2019.0,BMW X3,107952.0,1.0,Asia,South Korea,Wholesale
30/03/2019,2019.0,BMW M8,84697.0,4.0,South America,Chile,Wholesale
30/03/2019,2019.0,BMW M2,83649.0,4.0,South America,Peru,Wholesale
31/03/2019,2019.0,BMW X2,114559.0,4.0,Africa,Morocco,Dealership
31/03/2019,2019.0,BMW X6,73426.0,4.0,Asia,Japan,Wholesale
31/03/2019,2019.0,BMW X2,71682.0,1.0,Africa,Kenya,Wholesale
01/04/2019,2019.0,BMW X5,73388.0,3.0,Asia,Japan,Dealership
01/04/2019,2019.0,BMW X7,80142.0,4.0,Africa,Nigeria,Dealership
01/04/2019,2019.0,BMW i8,90049.0,2.0,South America,Argentina,Wholesale
02/04/2019,2019.0,BMW M2,100540.0,3.0,South America,Chile,Wholesale
02/04/2019,2019.0,BMW X1,90361.0,1.0,Asia,Japan,Wholesale
03/04/2019,2019.0,BMW 1 Series,64519.0,5.0,Europe,Spain,Dealership
03/04/2019,2019.0,BMW i8,118992.0,1.0,Africa,Nigeria,Wholesale
05/04/2019,2019.0,BMW M5,88353.0,5.0,South America,Chile,Wholesale
05/04/2019,2019.0,BMW i4,69648.0,2.0,Asia,India,Wholesale
05/04/2019,2019.0,BMW 3 Series,33573.0,5.0,South America,Colombia,Wholesale
05/04/2019,2019.0,BMW 4 Series,106859.0,4.0,Africa,Nigeria,Wholesale
05/04/2019,2019.0,BMW i4,91599.0,3.0,South America,Chile,Wholesale
05/04/2019,2019.0,BMW 8 Series,103965.0,3.0,South America,Argentina,Wholesale
06/04/2019,2019.0,BMW 4 Series,110373.0,4.0,Asia,China,Wholesale
06/04/2019,2019.0,BMW 5 Series,65377.0,3.0,South America,Peru,Wholesale
07/04/2019,2019.0,BMW iX3,116923.0,1.0,Europe,Spain,Wholesale
07/04/2019,2019.0,BMW M4,114728.0,4.0,Asia,Japan,Wholesale
07/04/2019,2019.0,BMW 8 Series,72986.0,4.0,Europe,Spain,Wholesale
07/04/2019,2019.0,BMW X4,53810.0,3.0,Europe,Spain,Wholesale
07/04/2019,2019.0,BMW i8,69768.0,5.0,Asia,China,Dealership
08/04/2019,2019.0,BMW X3,60100.0,2.0,Asia,Thailand,Wholesale
08/04/2019,2019.0,BMW i8,112871.0,5.0,Africa,Morocco,Wholesale
08/04/2019,2019.0,BMW 6 Series,91264.0,1.0,South America,Chile,Wholesale
09/04/2019,2019.0,BMW X1,67269.0,4.0,North America,United States,Wholesale
09/04/2019,2019.0,BMW 4 Series,79781.0,4.0,Asia,Japan,Dealership
09/04/2019,2019.0,BMW X6,89113.0,1.0,North America,United States,Wholesale
09/04/2019,2019.0,BMW 7 Series,79190.0,2.0,South America,Argentina,Dealership
09/04/2019,2019.0,BMW M4,33646.0,4.0,North America,United States,Wholesale
10/04/2019,2019.0,BMW i3,88413.0,5.0,North America,Canada,Dealership
10/04/2019,2019.0,BMW X7,84626.0,1.0,Africa,Morocco,Wholesale
10/04/2019,2019.0,BMW Z4,103750.0,4.0,North America,Canada,Dealership
12/04/2019,2019.0,BMW iX,48001.0,5.0,North America,Canada,Wholesale
12/04/2019,2019.0,BMW 7 Series,105043.0,1.0,Africa,Morocco,Wholesale
13/04/2019,2019.0,BMW iX,95039.0,1.0,Europe,Germany,Dealership
13/04/2019,2019.0,BMW 1 Series,38360.0,1.0,Africa,Kenya,Dealership
14/04/2019,2019.0,BMW iX,57014.0,2.0,Asia,India,Wholesale
15/04/2019,2019.0,BMW 5 Series,115658.0,1.0,Africa,Kenya,Wholesale
15/04/2019,2019.0,BMW 6 Series,34909.0,3.0,North America,Mexico,Wholesale
15/04/2019,2019.0,BMW 3 Series,107090.0,3.0,Africa,Kenya,Wholesale
16/04/2019,2019.0,BMW Z4,62007.0,1.0,Europe,Germany,Dealership
16/04/2019,2019.0,BMW X7,112141.0,4.0,South America,Brazil,Wholesale
17/04/2019,2019.0,BMW X1,117691.0,3.0,Africa,Morocco,Dealership
17/04/2019,2019.0,BMW 7 Series,112990.0,5.0,Europe,Germany,Wholesale
17/04/2019,2019.0,BMW 4 Series,78556.0,5.0,South America,Chile,Wholesale
17/04/2019,2019.0,BMW X5,93177.0,4.0,Africa,Egypt,Wholesale
17/04/2019,2019.0,BMW X7,98495.0,5.0,Africa,Morocco,Dealership
18/04/2019,2019.0,BMW 5 Series,44559.0,4.0,Asia,Japan,Dealership
19/04/2019,2019.0,BMW 8 Series,110919.0,5.0,Africa,Kenya,Wholesale
19/04/2019,2019.0,BMW X3,66963.0,1.0,South America,Chile,Dealership
19/04/2019,2019.0,BMW i8,101521.0,5.0,North America,Mexico,Dealership
20/04/2019,2019.0,BMW 6 Series,98201.0,1.0,South America,Brazil,Wholesale
20/04/2019,2019.0,BMW X4,42869.0,5.0,North America,Canada,Wholesale
20/04/2019,2019.0,BMW iX,74974.0,5.0,North America,Mexico,Dealership
20/04/2019,2019.0,BMW M4,110535.0,5.0,South America,Argentina,Dealership
20/04/2019,2019.0,BMW M2,106489.0,1.0,Africa,Morocco,Dealership
21/04/2019,2019.0,BMW i4,79117.0,5.0,Asia,India,Dealership
21/04/2019,2019.0,BMW X1,57609.0,5.0,Europe,United Kingdom,Dealership
22/04/2019,2019.0,BMW X5,93956.0,2.0,Africa,Egypt,Wholesale
22/04/2019,2019.0,BMW 6 Series,32976.0,1.0,South America,Brazil,Dealership
22/04/2019,2019.0,BMW X1,53138.0,3.0,Asia,India,Wholesale
22/04/2019,2019.0,BMW M8,47843.0,4.0,Africa,Nigeria,Wholesale
22/04/2019,2019.0,BMW X5,62559.0,2.0,South America,Argentina,Dealership
22/04/2019,2019.0,BMW M8,108255.0,5.0,Asia,India,Dealership
23/04/2019,2019.0,BMW 1 Series,64162.0,3.0,Europe,United Kingdom,Wholesale
23/04/2019,2019.0,BMW M5,59048.0,3.0,South America,Argentina,Wholesale
23/04/2019,2019.0,BMW X3,106347.0,5.0,Asia,Thailand,Dealership
23/04/2019,2019.0,BMW M4,104397.0,5.0,South America,Brazil,Wholesale
23/04/2019,2019.0,BMW M4,81759.0,2.0,Asia,Thailand,Wholesale
23/04/2019,2019.0,BMW M5,48220.0,1.0,North America,United States,Wholesale
23/04/2019,2019.0,BMW 8 Series,31887.0,2.0,South America,Brazil,Wholesale
24/04/2019,2019.0,BMW iX3,93153.0,1.0,Africa,Morocco,Wholesale
24/04/2019,2019.0,BMW X5,44852.0,3.0,Europe,France,Dealership
24/04/2019,2019.0,BMW iX3,86938.0,4.0,Europe,United Kingdom,Wholesale
25/04/2019,2019.0,BMW M8,104398.0,5.0,Asia,South Korea,Wholesale
25/04/2019,2019.0,BMW M8,49351.0,2.0,North America,United States,Wholesale
26/04/2019,2019.0,BMW 5 Series,116506.0,3.0,Africa,Morocco,Dealership
26/04/2019,2019.0,BMW M4,82513.0,2.0,South America,Chile,Wholesale
27/04/2019,2019.0,BMW X4,74619.0,1.0,South America,Argentina,Wholesale
27/04/2019,2019.0,BMW X5,30207.0,5.0,North America,Canada,Wholesale
27/04/2019,2019.0,BMW X1,51400.0,1.0,Europe,Spain,Wholesale
27/04/2019,2019.0,BMW Z4,88822.0,1.0,North America,Canada,Wholesale
27/04/2019,2019.0,BMW 1 Series,70682.0,1.0,Asia,Thailand,Dealership
28/04/2019,2019.0,BMW 5 Series,83168.0,3.0,North America,Canada,Wholesale
28/04/2019,2019.0,BMW M8,104873.0,5.0,South America,Peru,Wholesale
28/04/2019,2019.0,BMW M8,62669.0,4.0,South America,Brazil,Wholesale
29/04/2019,2019.0,BMW M2,80354.0,2.0,North America,United States,Dealership
30/04/2019,2019.0,BMW i3,82287.0,1.0,North America,United States,Wholesale
01/05/2019,2019.0,BMW 1 Series,53536.0,5.0,South America,Chile,Dealership
01/05/2019,2019.0,BMW M2,105998.0,2.0,Europe,Germany,Dealership
02/05/2019,2019.0,BMW i3,46938.0,5.0,Asia,Thailand,Wholesale
02/05/2019,2019.0,BMW iX,109944.0,2.0,South America,Argentina,Wholesale
03/05/2019,2019.0,BMW X7,117009.0,5.0,North America,Mexico,Wholesale
03/05/2019,2019.0,BMW X5,55724.0,4.0,Africa,Egypt,Wholesale
03/05/2019,2019.0,BMW X3,89379.0,5.0,Europe,Germany,Wholesale
03/05/2019,2019.0,BMW iX,40564.0,5.0,Asia,Thailand,Wholesale
04/05/2019,2019.0,BMW 7 Series,35456.0,1.0,Asia,China,Wholesale
04/05/2019,2019.0,BMW X1,98517.0,1.0,Europe,United Kingdom,Wholesale
05/05/2019,2019.0,BMW M3,94685.0,1.0,North America,Mexico,Wholesale
05/05/2019,2019.0,BMW X1,82018.0,5.0,South America,Peru,Dealership
05/05/2019,2019.0,BMW X5,82214.0,4.0,North America,Canada,Dealership
06/05/2019,2019.0,BMW M5,79954.0,2.0,South America,Colombia,Wholesale
08/05/2019,2019.0,BMW X4,89423.0,1.0,Asia,Thailand,Wholesale
08/05/2019,2019.0,BMW iX,91388.0,3.0,Africa,Egypt,Wholesale
08/05/2019,2019.0,BMW X3,72448.0,5.0,Africa,Kenya,Dealership
09/05/2019,2019.0,BMW 7 Series,32846.0,4.0,Asia,Thailand,Wholesale
09/05/2019,2019.0,BMW X3,100400.0,4.0,South America,Peru,Wholesale
09/05/2019,2019.0,BMW i3,92740.0,1.0,Africa,Nigeria,Dealership
09/05/2019,2019.0,BMW 3 Series,40711.0,1.0,Europe,Germany,Wholesale
09/05/2019,2019.0,BMW iX3,95036.0,3.0,Asia,Thailand,Dealership
09/05/2019,2019.0,BMW 8 Series,50563.0,3.0,South America,Chile,Wholesale
10/05/2019,2019.0,BMW i4,62800.0,1.0,Africa,Morocco,Wholesale
10/05/2019,2019.0,BMW 7 Series,75440.0,2.0,South America,Peru,Wholesale
11/05/2019,2019.0,BMW 4 Series,88527.0,1.0,North America,United States,Dealership
11/05/2019,2019.0,BMW M5,76546.0,1.0,Asia,Thailand,Wholesale
11/05/2019,2019.0,BMW iX,94547.0,4.0,Europe,France,Wholesale
11/05/2019,2019.0,BMW X7,38712.0,1.0,Asia,Japan,Wholesale
11/05/2019,2019.0,BMW iX,106169.0,1.0,South America,Brazil,Wholesale
12/05/2019,2019.0,BMW M4,53321.0,1.0,North America,Mexico,Wholesale
12/05/2019,2019.0,BMW 6 Series,103746.0,2.0,Europe,France,Wholesale
13/05/2019,2019.0,BMW i3,43806.0,4.0,Asia,South Korea,Wholesale
13/05/2019,2019.0,BMW i4,114683.0,5.0,North America,United States,Wholesale
13/05/2019,2019.0,BMW i4,80117.0,5.0,North America,Mexico,Wholesale
13/05/2019,2019.0,BMW 1 Series,92415.0,5.0,Europe,United Kingdom,Wholesale
14/05/2019,2019.0,BMW i3,36732.0,5.0,North America,Canada,Dealership
15/05/2019,2019.0,BMW X3,46972.0,4.0,Africa,Nigeria,Wholesale
16/05/2019,2019.0,BMW M8,93571.0,1.0,South America,Colombia,Dealership
16/05/2019,2019.0,BMW X5,78555.0,5.0,Asia,South Korea,Dealership
16/05/2019,2019.0,BMW X5,109712.0,1.0,South America,Chile,Dealership
16/05/2019,2019.0,BMW iX,68210.0,5.0,Africa,Nigeria,Wholesale
16/05/2019,2019.0,BMW i8,72124.0,2.0,Europe,United Kingdom,Wholesale
16/05/2019,2019.0,BMW X1,46956.0,1.0,Europe,United Kingdom,Wholesale
17/05/2019,2019.0,BMW X2,119686.0,4.0,South America,Chile,Wholesale
17/05/2019,2019.0,BMW M2,30318.0,2.0,North America,Canada,Wholesale
18/05/2019,2019.0,BMW 6 Series,96611.0,2.0,South America,Argentina,Wholesale
18/05/2019,2019.0,BMW iX3,60172.0,4.0,North America,United States,Wholesale
18/05/2019,2019.0,BMW 3 Series,107313.0,2.0,North America,Mexico,Dealership
19/05/2019,2019.0,BMW Z4,111795.0,1.0,Africa,Egypt,Wholesale
19/05/2019,2019.0,BMW i3,80764.0,3.0,Asia,South Korea,Dealership
20/05/2019,2019.0,BMW 5 Series,47401.0,3.0,Asia,South Korea,Wholesale
20/05/2019,2019.0,BMW M5,73034.0,5.0,South America,Peru,Wholesale
21/05/2019,2019.0,BMW 4 Series,116257.0,5.0,South America,Brazil,Wholesale
21/05/2019,2019.0,BMW M5,58082.0,1.0,Asia,Japan,Wholesale
23/05/2019,2019.0,BMW i8,62021.0,4.0,Asia,South Korea,Wholesale
23/05/2019,2019.0,BMW X1,48540.0,1.0,Asia,Japan,Wholesale
23/05/2019,2019.0,BMW X2,31705.0,5.0,Asia,Japan,Wholesale
24/05/2019,2019.0,BMW i8,107492.0,2.0,North America,United States,Wholesale
25/05/2019,2019.0,BMW i8,63785.0,1.0,North America,Mexico,Dealership
25/05/2019,2019.0,BMW 1 Series,96153.0,1.0,Africa,Nigeria,Wholesale
26/05/2019,2019.0,BMW X3,58604.0,4.0,Europe,Italy,Dealership
27/05/2019,2019.0,BMW X1,75588.0,5.0,Europe,United Kingdom,Dealership
27/05/2019,2019.0,BMW i3,46838.0,1.0,Africa,Morocco,Wholesale
27/05/2019,2019.0,BMW i4,46439.0,2.0,Europe,Italy,Dealership
28/05/2019,2019.0,BMW 7 Series,116840.0,2.0,South America,Peru,Wholesale
28/05/2019,2019.0,BMW 7 Series,45316.0,3.0,Africa,Kenya,Wholesale
28/05/2019,2019.0,BMW M4,107700.0,5.0,Europe,Germany,Wholesale
29/05/2019,2019.0,BMW i4,68738.0,2.0,South America,Argentina,Wholesale
29/05/2019,2019.0,BMW i3,68941.0,4.0,Africa,Nigeria,Wholesale
29/05/2019,2019.0,BMW M2,90766.0,5.0,South America,Argentina,Wholesale
29/05/2019,2019.0,BMW 1 Series,47674.0,2.0,South America,Chile,Wholesale
29/05/2019,2019.0,BMW X6,36861.0,1.0,Europe,Germany,Wholesale
30/05/2019,2019.0,BMW X5,92137.0,5.0,Europe,Spain,Wholesale
30/05/2019,2019.0,BMW X4,117057.0,2.0,South America,Chile,Wholesale
30/05/2019,2019.0,BMW 1 Series,53031.0,1.0,North America,Mexico,Wholesale
31/05/2019,2019.0,BMW X5,117610.0,3.0,North America,Canada,Wholesale
31/05/2019,2019.0,BMW 8 Series,114576.0,5.0,North America,Mexico,Wholesale
01/06/2019,2019.0,BMW X3,92484.0,5.0,Europe,France,Wholesale
02/06/2019,2019.0,BMW M5,88151.0,2.0,Europe,United Kingdom,Wholesale
02/06/2019,2019.0,BMW 8 Series,41117.0,3.0,Asia,South Korea,Wholesale
02/06/2019,2019.0,BMW X7,48989.0,4.0,South America,Peru,Wholesale
03/06/2019,2019.0,BMW X4,98737.0,2.0,Europe,Germany,Wholesale
03/06/2019,2019.0,BMW i8,102321.0,2.0,Europe,Spain,Wholesale
04/06/2019,2019.0,BMW i8,58090.0,4.0,South America,Colombia,Wholesale
04/06/2019,2019.0,BMW 4 Series,108671.0,4.0,South America,Argentina,Wholesale
05/06/2019,2019.0,BMW iX3,102372.0,4.0,Asia,China,Dealership
05/06/2019,2019.0,BMW 6 Series,35618.0,4.0,Asia,Thailand,Wholesale
05/06/2019,2019.0,BMW M3,31595.0,4.0,Europe,Germany,Dealership
05/06/2019,2019.0,BMW M8,40000.0,1.0,South America,Brazil,Wholesale
07/06/2019,2019.0,BMW 5 Series,103768.0,1.0,Africa,South Africa,Wholesale
07/06/2019,2019.0,BMW X3,102076.0,4.0,Africa,Kenya,Dealership
07/06/2019,2019.0,BMW X6,77031.0,3.0,South America,Colombia,Wholesale
08/06/2019,2019.0,BMW M2,118366.0,3.0,South America,Colombia,Wholesale
08/06/2019,2019.0,BMW 2 Series,38250.0,4.0,North America,Canada,Wholesale
08/06/2019,2019.0,BMW iX,75311.0,1.0,South America,Peru,Dealership
09/06/2019,2019.0,BMW iX3,33667.0,3.0,Europe,United Kingdom,Wholesale
09/06/2019,2019.0,BMW X4,109351.0,1.0,Asia,Thailand,Dealership
09/06/2019,2019.0,BMW X5,35289.0,2.0,Europe,Germany,Dealership
10/06/2019,2019.0,BMW iX3,114116.0,1.0,Africa,Morocco,Wholesale
10/06/2019,2019.0,BMW X4,40300.0,4.0,Asia,Thailand,Dealership
10/06/2019,2019.0,BMW 4 Series,85485.0,5.0,Europe,Germany,Dealership
10/06/2019,2019.0,BMW 4 Series,83866.0,4.0,North America,Mexico,Wholesale
11/06/2019,2019.0,BMW M2,80700.0,2.0,Asia,Japan,Wholesale
11/06/2019,2019.0,BMW Z4,105593.0,1.0,South America,Peru,Wholesale
11/06/2019,2019.0,BMW Z4,98237.0,3.0,Africa,Nigeria,Wholesale
11/06/2019,2019.0,BMW M8,46877.0,4.0,Asia,Japan,Wholesale
11/06/2019,2019.0,BMW 3 Series,67729.0,3.0,North America,Mexico,Wholesale
11/06/2019,2019.0,BMW 3 Series,115312.0,1.0,Africa,South Africa,Dealership
11/06/2019,2019.0,BMW i4,62205.0,2.0,South America,Brazil,Wholesale
12/06/2019,2019.0,BMW X5,112299.0,4.0,South America,Chile,Dealership
13/06/2019,2019.0,BMW X4,71709.0,3.0,Africa,Nigeria,Wholesale
14/06/2019,2019.0,BMW 3 Series,49046.0,4.0,North America,Mexico,Dealership
14/06/2019,2019.0,BMW 4 Series,33532.0,4.0,Europe,Germany,Wholesale
14/06/2019,2019.0,BMW X4,74776.0,3.0,North America,Mexico,Dealership
15/06/2019,2019.0,BMW 8 Series,77743.0,2.0,South America,Brazil,Wholesale
15/06/2019,2019.0,BMW 1 Series,45646.0,4.0,Europe,France,Wholesale
16/06/2019,2019.0,BMW M3,111298.0,2.0,South America,Brazil,Wholesale
17/06/2019,2019.0,BMW X5,76898.0,2.0,Africa,South Africa,Wholesale
17/06/2019,2019.0,BMW i3,33468.0,1.0,Europe,Italy,Wholesale
17/06/2019,2019.0,BMW M3,117236.0,3.0,North America,United States,Wholesale
18/06/2019,2019.0,BMW 7 Series,38834.0,1.0,Asia,South Korea,Wholesale
18/06/2019,2019.0,BMW X1,97035.0,5.0,Asia,Thailand,Wholesale
18/06/2019,2019.0,BMW 1 Series,104627.0,1.0,Asia,South Korea,Dealership
18/06/2019,2019.0,BMW 2 Series,71280.0,4.0,Africa,Egypt,Dealership
19/06/2019,2019.0,BMW 2 Series,109396.0,4.0,South America,Argentina,Wholesale
19/06/2019,2019.0,BMW iX3,57841.0,4.0,Africa,Kenya,Dealership
20/06/2019,2019.0,BMW 5 Series,71121.0,5.0,North America,Canada,Dealership
20/06/2019,2019.0,BMW iX,53462.0,2.0,Africa,Egypt,Dealership
21/06/2019,2019.0,BMW i4,69606.0,4.0,Africa,Nigeria,Wholesale
21/06/2019,2019.0,BMW X3,98273.0,1.0,Africa,Egypt,Dealership
21/06/2019,2019.0,BMW M4,74055.0,2.0,Asia,India,Dealership
21/06/2019,2019.0,BMW 2 Series,42054.0,1.0,Europe,United Kingdom,Dealership
21/06/2019,2019.0,BMW 6 Series,59865.0,1.0,Europe,Spain,Wholesale
21/06/2019,2019.0,BMW M4,53382.0,4.0,North America,Mexico,Dealership
22/06/2019,2019.0,BMW i3,33816.0,1.0,Africa,Kenya,Wholesale
22/06/2019,2019.0,BMW X3,43052.0,5.0,Asia,China,Wholesale
23/06/2019,2019.0,BMW 7 Series,93815.0,2.0,North America,Canada,Wholesale
24/06/2019,2019.0,BMW 3 Series,114482.0,4.0,Asia,Japan,Dealership
24/06/2019,2019.0,BMW M5,39530.0,4.0,South America,Brazil,Wholesale
25/06/2019,2019.0,BMW M3,110641.0,1.0,North America,Mexico,Wholesale
25/06/2019,2019.0,BMW iX,108731.0,1.0,North America,Mexico,Wholesale
26/06/2019,2019.0,BMW 3 Series,115176.0,3.0,North America,Canada,Wholesale
26/06/2019,2019.0,BMW M8,43598.0,3.0,Africa,Morocco,Wholesale
26/06/2019,2019.0,BMW 5 Series,69128.0,4.0,South America,Argentina,Dealership
26/06/2019,2019.0,BMW M2,98230.0,4.0,North America,Canada,Wholesale
26/06/2019,2019.0,BMW 3 Series,73452.0,1.0,South America,Colombia,Wholesale
26/06/2019,2019.0,BMW X1,80109.0,5.0,Africa,South Africa,Dealership
27/06/2019,2019.0,BMW M3,30372.0,5.0,Africa,South Africa,Wholesale
27/06/2019,2019.0,BMW Z4,91604.0,1.0,South America,Argentina,Dealership
27/06/2019,2019.0,BMW 3 Series,78266.0,3.0,Africa,Egypt,Wholesale
28/06/2019,2019.0,BMW 8 Series,74688.0,3.0,North America,Canada,Wholesale
28/06/2019,2019.0,BMW M8,57141.0,5.0,South America,Chile,Wholesale
28/06/2019,2019.0,BMW X5,31642.0,4.0,Africa,Morocco,Dealership
28/06/2019,2019.0,BMW iX,89347.0,1.0,Africa,Nigeria,Wholesale
29/06/2019,2019.0,BMW Z4,64139.0,4.0,North America,Canada,Wholesale
29/06/2019,2019.0,BMW i8,88694.0,3.0,Africa,Egypt,Dealership
29/06/2019,2019.0,BMW 8 Series,40002.0,5.0,Europe,Spain,Wholesale
30/06/2019,2019.0,BMW 1 Series,55030.0,4.0,Africa,Nigeria,Dealership
30/06/2019,2019.0,BMW iX,90635.0,3.0,South America,Peru,Wholesale
30/06/2019,2019.0,BMW 6 Series,47645.0,3.0,Africa,Kenya,Wholesale
01/07/2019,2019.0,BMW 6 Series,76335.0,3.0,Africa,Egypt,Wholesale
01/07/2019,2019.0,BMW X2,55180.0,4.0,Asia,India,Dealership
02/07/2019,2019.0,BMW M5,48226.0,2.0,Asia,India,Wholesale
03/07/2019,2019.0,BMW Z4,82262.0,5.0,Asia,South Korea,Dealership
03/07/2019,2019.0,BMW 7 Series,41369.0,3.0,North America,Mexico,Dealership
03/07/2019,2019.0,BMW iX,82685.0,4.0,Africa,Kenya,Dealership
03/07/2019,2019.0,BMW 2 Series,106848.0,1.0,Africa,Nigeria,Wholesale
04/07/2019,2019.0,BMW 2 Series,58194.0,5.0,Europe,United Kingdom,Wholesale
04/07/2019,2019.0,BMW 7 Series,57419.0,1.0,Europe,Spain,Wholesale
04/07/2019,2019.0,BMW iX3,114644.0,1.0,North America,Canada,Wholesale
05/07/2019,2019.0,BMW 8 Series,81069.0,4.0,Europe,United Kingdom,Wholesale
05/07/2019,2019.0,BMW i8,99734.0,2.0,South America,Peru,Dealership
05/07/2019,2019.0,BMW i3,114833.0,4.0,North America,United States,Wholesale
05/07/2019,2019.0,BMW 8 Series,110845.0,4.0,Asia,South Korea,Dealership
05/07/2019,2019.0,BMW 3 Series,34049.0,5.0,Asia,Japan,Wholesale
06/07/2019,2019.0,BMW X7,74867.0,4.0,Africa,Morocco,Wholesale
06/07/2019,2019.0,BMW X3,85911.0,5.0,Asia,India,Dealership
07/07/2019,2019.0,BMW 1 Series,66326.0,3.0,North America,Mexico,Wholesale
08/07/2019,2019.0,BMW X1,35351.0,5.0,Asia,Japan,Dealership
09/07/2019,2019.0,BMW i3,60110.0,4.0,Europe,Italy,Wholesale
10/07/2019,2019.0,BMW M8,102170.0,3.0,Africa,Morocco,Wholesale
10/07/2019,2019.0,BMW M4,83626.0,3.0,South America,Peru,Wholesale
10/07/2019,2019.0,BMW 1 Series,110352.0,2.0,North America,Mexico,Wholesale
10/07/2019,2019.0,BMW X7,100342.0,4.0,Europe,Spain,Dealership
11/07/2019,2019.0,BMW i4,47830.0,1.0,Asia,Thailand,Wholesale
11/07/2019,2019.0,BMW X1,31316.0,4.0,Europe,Spain,Wholesale
11/07/2019,2019.0,BMW 8 Series,36500.0,1.0,North America,United States,Wholesale
11/07/2019,2019.0,BMW 8 Series,36557.0,2.0,North America,Mexico,Wholesale
11/07/2019,2019.0,BMW X6,117943.0,4.0,Europe,Italy,Wholesale
12/07/2019,2019.0,BMW 6 Series,75640.0,2.0,Europe,Italy,Dealership
12/07/2019,2019.0,BMW X2,82693.0,1.0,Europe,Italy,Wholesale
13/07/2019,2019.0,BMW M5,47752.0,5.0,Africa,Kenya,Wholesale
13/07/2019,2019.0,BMW M3,69994.0,4.0,Europe,Germany,Dealership
13/07/2019,2019.0,BMW i8,48610.0,3.0,Africa,Nigeria,Wholesale
14/07/2019,2019.0,BMW 5 Series,65097.0,3.0,North America,Mexico,Dealership
15/07/2019,2019.0,BMW 7 Series,52972.0,2.0,South America,Brazil,Dealership
15/07/2019,2019.0,BMW Z4,100775.0,5.0,Africa,Kenya,Wholesale
16/07/2019,2019.0,BMW X6,57546.0,3.0,South America,Colombia,Wholesale
16/07/2019,2019.0,BMW i8,103524.0,3.0,North America,United States,Dealership
16/07/2019,2019.0,BMW 3 Series,41233.0,4.0,Asia,South Korea,Wholesale
17/07/2019,2019.0,BMW M5,75221.0,3.0,Asia,India,Dealership
17/07/2019,2019.0,BMW 6 Series,37585.0,1.0,Europe,United Kingdom,Wholesale
18/07/2019,2019.0,BMW 1 Series,38526.0,2.0,South America,Colombia,Wholesale
18/07/2019,2019.0,BMW X2,86714.0,3.0,Europe,Germany,Wholesale
18/07/2019,2019.0,BMW X6,90240.0,4.0,North America,Canada,Wholesale
20/07/2019,2019.0,BMW 3 Series,98951.0,1.0,Africa,Kenya,Wholesale
21/07/2019,2019.0,BMW 3 Series,50001.0,3.0,North America,United States,Wholesale
21/07/2019,2019.0,BMW M4,112119.0,2.0,Asia,Thailand,Wholesale
21/07/2019,2019.0,BMW M4,94108.0,2.0,North America,United States,Dealership
21/07/2019,2019.0,BMW 5 Series,53553.0,2.0,Asia,Japan,Dealership
23/07/2019,2019.0,BMW 6 Series,95322.0,3.0,Europe,France,Wholesale
23/07/2019,2019.0,BMW X2,114688.0,1.0,Asia,Japan,Wholesale
23/07/2019,2019.0,BMW 7 Series,108673.0,5.0,North America,United States,Wholesale
24/07/2019,2019.0,BMW iX,48064.0,2.0,South America,Argentina,Wholesale
24/07/2019,2019.0,BMW iX3,81299.0,1.0,Europe,Germany,Dealership
24/07/2019,2019.0,BMW i8,74767.0,4.0,Africa,Nigeria,Dealership
24/07/2019,2019.0,BMW 5 Series,63623.0,4.0,Europe,Spain,Dealership
25/07/2019,2019.0,BMW i4,65848.0,1.0,Africa,Kenya,Wholesale
25/07/2019,2019.0,BMW i3,52007.0,4.0,Europe,United Kingdom,Wholesale
25/07/2019,2019.0,BMW X7,58270.0,4.0,South America,Brazil,Wholesale
26/07/2019,2019.0,BMW 2 Series,51643.0,2.0,South America,Chile,Dealership
26/07/2019,2019.0,BMW X7,72580.0,3.0,North America,Canada,Wholesale
26/07/2019,2019.0,BMW X6,43065.0,3.0,North America,United States,Wholesale
26/07/2019,2019.0,BMW M4,101980.0,3.0,Africa,Morocco,Dealership
26/07/2019,2019.0,BMW 8 Series,99404.0,3.0,Europe,Italy,Wholesale
26/07/2019,2019.0,BMW M4,32700.0,1.0,North America,Mexico,Wholesale
27/07/2019,2019.0,BMW M8,100889.0,2.0,Africa,Nigeria,Dealership
27/07/2019,2019.0,BMW i4,77062.0,1.0,Europe,Spain,Wholesale
28/07/2019,2019.0,BMW 4 Series,52360.0,4.0,South America,Argentina,Wholesale
28/07/2019,2019.0,BMW i4,93008.0,2.0,Asia,Japan,Dealership
28/07/2019,2019.0,BMW M8,112341.0,5.0,North America,Mexico,Dealership
28/07/2019,2019.0,BMW iX3,108137.0,3.0,Asia,China,Wholesale
29/07/2019,2019.0,BMW X1,78384.0,4.0,Europe,United Kingdom,Dealership
29/07/2019,2019.0,BMW Z4,105019.0,3.0,South America,Colombia,Wholesale
30/07/2019,2019.0,BMW X4,98197.0,3.0,South America,Chile,Dealership
30/07/2019,2019.0,BMW iX,45921.0,3.0,South America,Chile,Wholesale
30/07/2019,2019.0,BMW 3 Series,117542.0,5.0,Asia,China,Dealership
31/07/2019,2019.0,BMW iX,39605.0,4.0,North America,Canada,Dealership
31/07/2019,2019.0,BMW i8,44975.0,3.0,Africa,Egypt,Wholesale
01/08/2019,2019.0,BMW i4,64819.0,3.0,Africa,Kenya,Wholesale
01/08/2019,2019.0,BMW 3 Series,57987.0,2.0,Africa,Egypt,Wholesale
01/08/2019,2019.0,BMW X4,61139.0,3.0,Europe,Spain,Wholesale
02/08/2019,2019.0,BMW X4,70067.0,2.0,South America,Argentina,Wholesale
02/08/2019,2019.0,BMW X4,92335.0,4.0,Europe,United Kingdom,Wholesale
03/08/2019,2019.0,BMW M8,83000.0,4.0,Asia,India,Wholesale
03/08/2019,2019.0,BMW i8,55734.0,4.0,South America,Chile,Wholesale
03/08/2019,2019.0,BMW X7,48206.0,2.0,North America,Canada,Dealership
04/08/2019,2019.0,BMW 4 Series,36971.0,5.0,South America,Colombia,Dealership
04/08/2019,2019.0,BMW i8,81265.0,5.0,South America,Brazil,Dealership
04/08/2019,2019.0,BMW 8 Series,49207.0,3.0,Asia,India,Dealership
04/08/2019,2019.0,BMW X6,42134.0,4.0,North America,Mexico,Wholesale
05/08/2019,2019.0,BMW 6 Series,94091.0,1.0,Europe,France,Wholesale
05/08/2019,2019.0,BMW 8 Series,79678.0,3.0,Africa,Kenya,Wholesale
05/08/2019,2019.0,BMW M4,75680.0,5.0,Europe,Italy,Dealership
05/08/2019,2019.0,BMW M4,119610.0,5.0,South America,Peru,Wholesale
05/08/2019,2019.0,BMW X2,51649.0,4.0,Africa,Kenya,Wholesale
06/08/2019,2019.0,BMW i4,97410.0,2.0,Europe,Spain,Wholesale
07/08/2019,2019.0,BMW M8,30357.0,3.0,Europe,Italy,Wholesale
07/08/2019,2019.0,BMW iX,92678.0,2.0,Africa,South Africa,Wholesale
07/08/2019,2019.0,BMW M4,44450.0,5.0,Africa,Nigeria,Dealership
08/08/2019,2019.0,BMW i8,90690.0,4.0,Europe,United Kingdom,Wholesale
08/08/2019,2019.0,BMW 7 Series,82930.0,5.0,Africa,Nigeria,Dealership
08/08/2019,2019.0,BMW iX,117420.0,4.0,South America,Argentina,Dealership
09/08/2019,2019.0,BMW 3 Series,72789.0,1.0,Africa,Egypt,Dealership
09/08/2019,2019.0,BMW 1 Series,73739.0,2.0,South America,Argentina,Dealership
09/08/2019,2019.0,BMW 2 Series,48085.0,3.0,South America,Colombia,Dealership
10/08/2019,2019.0,BMW M2,49144.0,4.0,North America,United States,Wholesale
10/08/2019,2019.0,BMW 4 Series,89301.0,1.0,South America,Chile,Dealership
11/08/2019,2019.0,BMW 5 Series,102083.0,1.0,Africa,Kenya,Wholesale
11/08/2019,2019.0,BMW X4,115923.0,2.0,North America,Mexico,Dealership
11/08/2019,2019.0,BMW 7 Series,38947.0,4.0,South America,Colombia,Wholesale
11/08/2019,2019.0,BMW X3,48113.0,3.0,Asia,South Korea,Dealership
12/08/2019,2019.0,BMW X5,99859.0,3.0,South America,Colombia,Dealership
12/08/2019,2019.0,BMW Z4,77709.0,3.0,Africa,South Africa,Wholesale
13/08/2019,2019.0,BMW M2,108871.0,5.0,Europe,Spain,Wholesale
14/08/2019,2019.0,BMW iX3,38301.0,5.0,South America,Colombia,Wholesale
14/08/2019,2019.0,BMW M8,101493.0,4.0,North America,Mexico,Dealership
14/08/2019,2019.0,BMW M2,82633.0,3.0,North America,Canada,Dealership
14/08/2019,2019.0,BMW iX,53071.0,1.0,Africa,Nigeria,Wholesale
14/08/2019,2019.0,BMW iX3,57633.0,3.0,Africa,Nigeria,Wholesale
15/08/2019,2019.0,BMW 8 Series,39832.0,4.0,Europe,Germany,Wholesale
15/08/2019,2019.0,BMW M3,49329.0,3.0,North America,Canada,Wholesale
16/08/2019,2019.0,BMW X1,96500.0,2.0,Africa,Morocco,Dealership
16/08/2019,2019.0,BMW X7,117663.0,3.0,Asia,India,Dealership
17/08/2019,2019.0,BMW M2,104215.0,1.0,North America,United States,Dealership
18/08/2019,2019.0,BMW X7,79800.0,4.0,North America,Canada,Wholesale
18/08/2019,2019.0,BMW 3 Series,46067.0,4.0,Africa,Nigeria,Wholesale
19/08/2019,2019.0,BMW X6,56328.0,1.0,North America,Canada,Wholesale
19/08/2019,2019.0,BMW i8,91463.0,4.0,Asia,India,Dealership
19/08/2019,2019.0,BMW M8,62267.0,3.0,Europe,Germany,Wholesale
20/08/2019,2019.0,BMW Z4,40556.0,4.0,Europe,France,Dealership
20/08/2019,2019.0,BMW 3 Series,79662.0,3.0,Europe,Germany,Dealership
20/08/2019,2019.0,BMW Z4,54592.0,4.0,Europe,United Kingdom,Wholesale
21/08/2019,2019.0,BMW M2,90523.0,3.0,Africa,Kenya,Dealership
21/08/2019,2019.0,BMW i4,81929.0,3.0,South America,Chile,Wholesale
21/08/2019,2019.0,BMW 3 Series,81134.0,1.0,Europe,Spain,Dealership
22/08/2019,2019.0,BMW 3 Series,31420.0,1.0,Africa,Kenya,Wholesale
22/08/2019,2019.0,BMW X4,76129.0,5.0,Africa,South Africa,Wholesale
22/08/2019,2019.0,BMW 2 Series,117081.0,1.0,Africa,Morocco,Dealership
22/08/2019,2019.0,BMW i3,69266.0,3.0,South America,Chile,Dealership
22/08/2019,2019.0,BMW 4 Series,47341.0,3.0,South America,Chile,Wholesale
23/08/2019,2019.0,BMW i4,58854.0,4.0,Africa,Morocco,Wholesale
24/08/2019,2019.0,BMW X2,35156.0,4.0,South America,Argentina,Wholesale
24/08/2019,2019.0,BMW X1,109952.0,5.0,Africa,Kenya,Wholesale
25/08/2019,2019.0,BMW 5 Series,93829.0,3.0,North America,Canada,Dealership
26/08/2019,2019.0,BMW M4,35429.0,5.0,Asia,Japan,Wholesale
26/08/2019,2019.0,BMW X7,48837.0,3.0,Europe,France,Dealership
26/08/2019,2019.0,BMW M3,41503.0,1.0,Asia,Japan,Wholesale
26/08/2019,2019.0,BMW 3 Series,70730.0,4.0,South America,Brazil,Wholesale
27/08/2019,2019.0,BMW X2,105768.0,5.0,North America,Canada,Wholesale
27/08/2019,2019.0,BMW M3,33654.0,2.0,South America,Peru,Wholesale
27/08/2019,2019.0,BMW 3 Series,97719.0,3.0,Europe,France,Wholesale
27/08/2019,2019.0,BMW X3,115915.0,1.0,Africa,Nigeria,Wholesale
27/08/2019,2019.0,BMW Z4,118705.0,2.0,Africa,Egypt,Dealership
27/08/2019,2019.0,BMW i4,97983.0,1.0,Europe,Germany,Dealership
28/08/2019,2019.0,BMW M4,99105.0,1.0,South America,Brazil,Wholesale
29/08/2019,2019.0,BMW i3,106812.0,3.0,North America,Mexico,Wholesale
29/08/2019,2019.0,BMW X4,118602.0,1.0,Asia,Japan,Dealership
29/08/2019,2019.0,BMW M3,64563.0,5.0,South America,Peru,Wholesale
30/08/2019,2019.0,BMW M8,109423.0,2.0,Africa,South Africa,Wholesale
30/08/2019,2019.0,BMW i8,117008.0,1.0,South America,Argentina,Dealership
30/08/2019,2019.0,BMW X4,52614.0,1.0,South America,Argentina,Dealership
30/08/2019,2019.0,BMW M4,56801.0,4.0,North America,United States,Dealership
30/08/2019,2019.0,BMW M3,72732.0,4.0,Europe,United Kingdom,Dealership
31/08/2019,2019.0,BMW i8,104174.0,5.0,Europe,United Kingdom,Wholesale
01/09/2019,2019.0,BMW 4 Series,58572.0,4.0,Europe,Italy,Wholesale
01/09/2019,2019.0,BMW M5,82463.0,1.0,North America,Canada,Wholesale
01/09/2019,2019.0,BMW iX,112054.0,1.0,North America,Canada,Wholesale
01/09/2019,2019.0,BMW 5 Series,93545.0,2.0,Europe,United Kingdom,Wholesale
02/09/2019,2019.0,BMW X5,32400.0,4.0,Africa,Morocco,Wholesale
02/09/2019,2019.0,BMW 4 Series,95729.0,3.0,North America,United States,Dealership
02/09/2019,2019.0,BMW 2 Series,42209.0,4.0,Europe,Spain,Wholesale
02/09/2019,2019.0,BMW i8,69889.0,1.0,South America,Chile,Wholesale
02/09/2019,2019.0,BMW 8 Series,48599.0,2.0,Asia,Thailand,Dealership
03/09/2019,2019.0,BMW M3,42777.0,4.0,South America,Chile,Wholesale
03/09/2019,2019.0,BMW 5 Series,60283.0,2.0,Europe,France,Dealership
03/09/2019,2019.0,BMW i3,114985.0,4.0,South America,Peru,Wholesale
03/09/2019,2019.0,BMW X5,99810.0,5.0,Africa,Egypt,Dealership
04/09/2019,2019.0,BMW M3,56207.0,1.0,Europe,Spain,Wholesale
04/09/2019,2019.0,BMW i3,33534.0,1.0,Asia,China,Dealership
04/09/2019,2019.0,BMW X3,86628.0,3.0,Europe,Spain,Wholesale
04/09/2019,2019.0,BMW iX3,67639.0,1.0,South America,Colombia,Wholesale
05/09/2019,2019.0,BMW X5,54269.0,3.0,Asia,Thailand,Wholesale
06/09/2019,2019.0,BMW 1 Series,62402.0,1.0,Europe,Italy,Wholesale
06/09/2019,2019.0,BMW M5,78917.0,4.0,North America,United States,Wholesale
06/09/2019,2019.0,BMW 5 Series,52129.0,4.0,North America,Canada,Dealership
06/09/2019,2019.0,BMW i3,108649.0,5.0,North America,Canada,Dealership
06/09/2019,2019.0,BMW i3,98743.0,4.0,Europe,Italy,Wholesale
07/09/2019,2019.0,BMW M3,42202.0,2.0,South America,Brazil,Wholesale
07/09/2019,2019.0,BMW X1,60237.0,4.0,Africa,Kenya,Wholesale
07/09/2019,2019.0,BMW Z4,110506.0,3.0,Europe,Italy,Wholesale
07/09/2019,2019.0,BMW X6,71941.0,5.0,North America,Mexico,Wholesale
07/09/2019,2019.0,BMW X6,84261.0,2.0,Africa,South Africa,Wholesale
07/09/2019,2019.0,BMW 2 Series,62818.0,2.0,Asia,Japan,Dealership
08/09/2019,2019.0,BMW Z4,46942.0,1.0,Europe,Italy,Wholesale
08/09/2019,2019.0,BMW iX3,95738.0,3.0,South America,Chile,Dealership
08/09/2019,2019.0,BMW M5,105145.0,4.0,North America,United States,Dealership
09/09/2019,2019.0,BMW X5,103694.0,4.0,North America,Canada,Dealership
10/09/2019,2019.0,BMW iX3,115330.0,1.0,Africa,Kenya,Wholesale
10/09/2019,2019.0,BMW Z4,71049.0,4.0,North America,Canada,Wholesale
10/09/2019,2019.0,BMW M8,112283.0,2.0,North America,Mexico,Wholesale
11/09/2019,2019.0,BMW iX3,76007.0,4.0,Europe,Spain,Dealership
11/09/2019,2019.0,BMW X1,33527.0,4.0,South America,Peru,Wholesale
11/09/2019,2019.0,BMW i8,54271.0,2.0,Asia,Thailand,Dealership
11/09/2019,2019.0,BMW M2,112494.0,3.0,Asia,Japan,Dealership
12/09/2019,2019.0,BMW 1 Series,99363.0,3.0,Europe,Spain,Dealership
13/09/2019,2019.0,BMW 6 Series,102353.0,2.0,Europe,Germany,Dealership
14/09/2019,2019.0,BMW 3 Series,76729.0,2.0,South America,Brazil,Dealership
14/09/2019,2019.0,BMW X5,112013.0,5.0,Asia,Thailand,Wholesale
14/09/2019,2019.0,BMW i3,65276.0,5.0,South America,Chile,Dealership
14/09/2019,2019.0,BMW iX3,114784.0,4.0,Europe,France,Wholesale
14/09/2019,2019.0,BMW X3,73162.0,4.0,Africa,Nigeria,Dealership
14/09/2019,2019.0,BMW M3,110729.0,5.0,Africa,Kenya,Wholesale
15/09/2019,2019.0,BMW M4,97635.0,4.0,Africa,Egypt,Wholesale
15/09/2019,2019.0,BMW 6 Series,96652.0,3.0,Europe,France,Wholesale
16/09/2019,2019.0,BMW Z4,54833.0,3.0,Asia,China,Wholesale
16/09/2019,2019.0,BMW i3,48584.0,1.0,Africa,Kenya,Wholesale
16/09/2019,2019.0,BMW iX,97806.0,5.0,South America,Argentina,Wholesale
17/09/2019,2019.0,BMW i4,47882.0,3.0,Europe,France,Wholesale
17/09/2019,2019.0,BMW M3,53765.0,1.0,Europe,United Kingdom,Wholesale
17/09/2019,2019.0,BMW 7 Series,80321.0,2.0,South America,Colombia,Wholesale
17/09/2019,2019.0,BMW X1,34054.0,3.0,Europe,Spain,Wholesale
17/09/2019,2019.0,BMW X3,112306.0,1.0,Africa,Egypt,Wholesale
17/09/2019,2019.0,BMW 8 Series,106687.0,4.0,North America,United States,Dealership
18/09/2019,2019.0,BMW Z4,50878.0,1.0,South America,Colombia,Wholesale
19/09/2019,2019.0,BMW M4,107807.0,3.0,Europe,Italy,Wholesale
19/09/2019,2019.0,BMW 3 Series,30234.0,4.0,Asia,China,Dealership
19/09/2019,2019.0,BMW X6,72559.0,4.0,Asia,China,Dealership
20/09/2019,2019.0,BMW 6 Series,33894.0,1.0,South America,Peru,Dealership
20/09/2019,2019.0,BMW X6,80469.0,1.0,Asia,Thailand,Dealership
21/09/2019,2019.0,BMW Z4,62162.0,3.0,South America,Chile,Dealership
21/09/2019,2019.0,BMW M8,93556.0,4.0,South America,Argentina,Wholesale
21/09/2019,2019.0,BMW 1 Series,97581.0,5.0,Asia,China,Dealership
22/09/2019,2019.0,BMW X2,78068.0,1.0,Asia,South Korea,Wholesale
22/09/2019,2019.0,BMW M4,72634.0,5.0,North America,United States,Dealership
22/09/2019,2019.0,BMW X6,117458.0,5.0,South America,Argentina,Wholesale
23/09/2019,2019.0,BMW 4 Series,80262.0,4.0,North America,Mexico,Dealership
24/09/2019,2019.0,BMW X6,97902.0,3.0,Europe,Germany,Wholesale
24/09/2019,2019.0,BMW 2 Series,84551.0,5.0,Asia,Thailand,Wholesale
25/09/2019,2019.0,BMW 3 Series,56261.0,3.0,Europe,United Kingdom,Wholesale
25/09/2019,2019.0,BMW M5,94442.0,1.0,Europe,Germany,Wholesale
26/09/2019,2019.0,BMW X4,93000.0,4.0,South America,Colombia,Wholesale
26/09/2019,2019.0,BMW Z4,78629.0,2.0,North America,United States,Dealership
26/09/2019,2019.0,BMW X5,74560.0,4.0,Africa,Nigeria,Wholesale
26/09/2019,2019.0,BMW Z4,81696.0,2.0,South America,Colombia,Dealership
27/09/2019,2019.0,BMW M3,72425.0,1.0,Africa,Nigeria,Wholesale
27/09/2019,2019.0,BMW 8 Series,67962.0,3.0,North America,United States,Wholesale
28/09/2019,2019.0,BMW iX3,96065.0,1.0,Europe,France,Dealership
28/09/2019,2019.0,BMW X3,87655.0,4.0,Africa,Nigeria,Wholesale
29/09/2019,2019.0,BMW X3,45685.0,2.0,Europe,United Kingdom,Wholesale
30/09/2019,2019.0,BMW i8,51294.0,2.0,Asia,Thailand,Dealership
30/09/2019,2019.0,BMW X4,79810.0,4.0,North America,Canada,Wholesale
30/09/2019,2019.0,BMW 1 Series,35723.0,4.0,North America,Mexico,Wholesale
30/09/2019,2019.0,BMW 5 Series,59784.0,1.0,Africa,Egypt,Dealership
01/10/2019,2019.0,BMW 8 Series,106427.0,5.0,Europe,Germany,Wholesale
01/10/2019,2019.0,BMW Z4,93477.0,2.0,Europe,Spain,Dealership
02/10/2019,2019.0,BMW 8 Series,66294.0,4.0,North America,United States,Wholesale
02/10/2019,2019.0,BMW X2,92612.0,1.0,Africa,Kenya,Wholesale
02/10/2019,2019.0,BMW i4,105694.0,5.0,Asia,India,Dealership
02/10/2019,2019.0,BMW Z4,54104.0,3.0,Asia,Japan,Wholesale
03/10/2019,2019.0,BMW 3 Series,67964.0,4.0,Africa,South Africa,Dealership
03/10/2019,2019.0,BMW M2,113391.0,5.0,North America,United States,Wholesale
03/10/2019,2019.0,BMW 7 Series,41565.0,3.0,Asia,India,Wholesale
04/10/2019,2019.0,BMW 1 Series,44481.0,3.0,South America,Brazil,Wholesale
04/10/2019,2019.0,BMW iX,104843.0,1.0,North America,Mexico,Wholesale
05/10/2019,2019.0,BMW 8 Series,42657.0,2.0,Asia,South Korea,Wholesale
05/10/2019,2019.0,BMW X4,85604.0,4.0,North America,Mexico,Wholesale
05/10/2019,2019.0,BMW iX3,68493.0,5.0,Asia,Japan,Wholesale
05/10/2019,2019.0,BMW M4,79013.0,3.0,Africa,Nigeria,Dealership
06/10/2019,2019.0,BMW M2,63993.0,2.0,North America,Canada,Wholesale
06/10/2019,2019.0,BMW i3,101091.0,3.0,South America,Brazil,Wholesale
06/10/2019,2019.0,BMW iX3,98398.0,4.0,North America,Mexico,Dealership
06/10/2019,2019.0,BMW M8,114172.0,4.0,Africa,Nigeria,Wholesale
09/10/2019,2019.0,BMW 8 Series,49885.0,1.0,North America,Mexico,Wholesale
09/10/2019,2019.0,BMW X1,57384.0,4.0,Africa,South Africa,Wholesale
10/10/2019,2019.0,BMW X7,71644.0,4.0,South America,Colombia,Wholesale
10/10/2019,2019.0,BMW X1,111666.0,4.0,Asia,South Korea,Wholesale
10/10/2019,2019.0,BMW iX,40555.0,2.0,Africa,Egypt,Wholesale
10/10/2019,2019.0,BMW 3 Series,100124.0,5.0,Asia,China,Wholesale
10/10/2019,2019.0,BMW X1,103533.0,5.0,Asia,Japan,Dealership
10/10/2019,2019.0,BMW 7 Series,48405.0,4.0,North America,United States,Dealership
10/10/2019,2019.0,BMW M4,39934.0,5.0,Europe,France,Dealership
10/10/2019,2019.0,BMW 4 Series,81205.0,4.0,South America,Colombia,Dealership
11/10/2019,2019.0,BMW 8 Series,119761.0,5.0,Asia,India,Wholesale
12/10/2019,2019.0,BMW 1 Series,53229.0,5.0,Africa,South Africa,Wholesale
12/10/2019,2019.0,BMW M5,77350.0,3.0,Europe,Spain,Dealership
12/10/2019,2019.0,BMW X5,106043.0,2.0,Africa,Morocco,Dealership
12/10/2019,2019.0,BMW 4 Series,36508.0,3.0,Africa,South Africa,Wholesale
13/10/2019,2019.0,BMW M5,89538.0,3.0,Africa,Nigeria,Wholesale
13/10/2019,2019.0,BMW iX,46102.0,5.0,Africa,Kenya,Dealership
14/10/2019,2019.0,BMW 6 Series,71573.0,1.0,Asia,China,Wholesale
14/10/2019,2019.0,BMW 8 Series,107400.0,1.0,North America,United States,Dealership
15/10/2019,2019.0,BMW M4,41049.0,2.0,Europe,Spain,Wholesale
15/10/2019,2019.0,BMW M3,34866.0,4.0,Asia,South Korea,Wholesale
15/10/2019,2019.0,BMW Z4,73461.0,5.0,Africa,Egypt,Wholesale
15/10/2019,2019.0,BMW X2,59400.0,2.0,Asia,Japan,Dealership
15/10/2019,2019.0,BMW X4,117526.0,3.0,Africa,Nigeria,Wholesale
16/10/2019,2019.0,BMW i4,86200.0,5.0,South America,Argentina,Wholesale
17/10/2019,2019.0,BMW X5,35334.0,3.0,North America,Mexico,Wholesale
17/10/2019,2019.0,BMW iX3,57492.0,2.0,North America,Mexico,Dealership
17/10/2019,2019.0,BMW Z4,31924.0,1.0,Europe,Spain,Dealership
17/10/2019,2019.0,BMW M8,94079.0,2.0,Africa,South Africa,Dealership
17/10/2019,2019.0,BMW iX3,75474.0,5.0,North America,Canada,Dealership
18/10/2019,2019.0,BMW 3 Series,65187.0,5.0,Asia,Thailand,Dealership
19/10/2019,2019.0,BMW iX,98275.0,4.0,Africa,Kenya,Wholesale
19/10/2019,2019.0,BMW iX3,108996.0,1.0,Africa,South Africa,Wholesale
19/10/2019,2019.0,BMW M2,65744.0,5.0,Asia,India,Dealership
19/10/2019,2019.0,BMW X4,56859.0,1.0,North America,United States,Dealership
20/10/2019,2019.0,BMW 6 Series,41218.0,5.0,Europe,United Kingdom,Wholesale
20/10/2019,2019.0,BMW M2,100783.0,1.0,North America,United States,Wholesale
20/10/2019,2019.0,BMW X1,106084.0,2.0,North America,Canada,Wholesale
20/10/2019,2019.0,BMW i3,102370.0,1.0,Asia,South Korea,Wholesale
21/10/2019,2019.0,BMW 7 Series,106280.0,3.0,Europe,Germany,Dealership
21/10/2019,2019.0,BMW 3 Series,83550.0,2.0,Africa,South Africa,Dealership
21/10/2019,2019.0,BMW 8 Series,46150.0,5.0,Asia,Japan,Wholesale
21/10/2019,2019.0,BMW M4,73334.0,5.0,Asia,South Korea,Wholesale
21/10/2019,2019.0,BMW 6 Series,31265.0,4.0,South America,Colombia,Wholesale
22/10/2019,2019.0,BMW 6 Series,79040.0,3.0,South America,Argentina,Dealership
22/10/2019,2019.0,BMW iX3,56885.0,4.0,North America,Canada,Wholesale
23/10/2019,2019.0,BMW i4,116364.0,2.0,North America,Canada,Wholesale
24/10/2019,2019.0,BMW M3,85421.0,4.0,North America,Canada,Wholesale
24/10/2019,2019.0,BMW 7 Series,41356.0,2.0,Europe,United Kingdom,Wholesale
25/10/2019,2019.0,BMW X7,56866.0,4.0,Africa,Egypt,Dealership
25/10/2019,2019.0,BMW M3,90405.0,1.0,South America,Colombia,Wholesale
26/10/2019,2019.0,BMW iX3,42128.0,2.0,Asia,China,Dealership
26/10/2019,2019.0,BMW 5 Series,41862.0,2.0,Europe,Italy,Dealership
27/10/2019,2019.0,BMW X7,102940.0,1.0,Europe,France,Dealership
27/10/2019,2019.0,BMW X1,45428.0,1.0,Europe,France,Wholesale
28/10/2019,2019.0,BMW X2,66516.0,3.0,Europe,United Kingdom,Wholesale
28/10/2019,2019.0,BMW 2 Series,93436.0,1.0,South America,Argentina,Wholesale
28/10/2019,2019.0,BMW M3,32353.0,4.0,Africa,Nigeria,Wholesale
29/10/2019,2019.0,BMW 4 Series,49734.0,1.0,Africa,South Africa,Dealership
29/10/2019,2019.0,BMW 5 Series,100270.0,1.0,Africa,Kenya,Wholesale
29/10/2019,2019.0,BMW iX3,59968.0,2.0,South America,Chile,Wholesale
30/10/2019,2019.0,BMW 8 Series,64486.0,2.0,North America,Mexico,Wholesale
30/10/2019,2019.0,BMW 1 Series,79987.0,1.0,Asia,South Korea,Wholesale
31/10/2019,2019.0,BMW X1,112176.0,3.0,North America,Canada,Wholesale
31/10/2019,2019.0,BMW iX3,102868.0,2.0,Europe,Germany,Wholesale
31/10/2019,2019.0,BMW M4,97505.0,4.0,Asia,Japan,Wholesale
31/10/2019,2019.0,BMW i8,45133.0,4.0,Africa,Nigeria,Wholesale
01/11/2019,2019.0,BMW X4,51882.0,1.0,South America,Colombia,Dealership
01/11/2019,2019.0,BMW X5,118301.0,1.0,North America,United States,Wholesale
01/11/2019,2019.0,BMW iX3,62696.0,3.0,Europe,Italy,Dealership
01/11/2019,2019.0,BMW 6 Series,112537.0,1.0,Africa,South Africa,Wholesale
02/11/2019,2019.0,BMW M2,41774.0,5.0,North America,Canada,Wholesale
02/11/2019,2019.0,BMW 3 Series,96506.0,5.0,Europe,France,Wholesale
03/11/2019,2019.0,BMW X4,77976.0,1.0,Africa,Egypt,Wholesale
03/11/2019,2019.0,BMW 7 Series,44242.0,5.0,North America,United States,Wholesale
03/11/2019,2019.0,BMW 6 Series,45120.0,4.0,North America,Mexico,Dealership
03/11/2019,2019.0,BMW 1 Series,118855.0,1.0,South America,Argentina,Wholesale
04/11/2019,2019.0,BMW M3,50264.0,4.0,North America,United States,Dealership
04/11/2019,2019.0,BMW X6,68458.0,4.0,North America,United States,Dealership
04/11/2019,2019.0,BMW X3,87194.0,5.0,Asia,South Korea,Dealership
04/11/2019,2019.0,BMW i8,77052.0,3.0,Africa,Kenya,Wholesale
04/11/2019,2019.0,BMW i8,92248.0,4.0,Asia,South Korea,Wholesale
04/11/2019,2019.0,BMW iX3,96137.0,5.0,South America,Peru,Wholesale
04/11/2019,2019.0,BMW 7 Series,108588.0,3.0,Europe,Spain,Wholesale
04/11/2019,2019.0,BMW M5,108780.0,5.0,Asia,Japan,Dealership
04/11/2019,2019.0,BMW M4,91354.0,5.0,Europe,France,Dealership
05/11/2019,2019.0,BMW X4,43369.0,1.0,Asia,India,Wholesale
05/11/2019,2019.0,BMW 3 Series,115558.0,2.0,Africa,Morocco,Dealership
06/11/2019,2019.0,BMW X2,93497.0,3.0,Europe,Spain,Wholesale
07/11/2019,2019.0,BMW 4 Series,41569.0,5.0,Africa,Egypt,Dealership
07/11/2019,2019.0,BMW M4,84649.0,4.0,North America,Mexico,Dealership
09/11/2019,2019.0,BMW M5,70584.0,4.0,North America,Canada,Dealership
09/11/2019,2019.0,BMW M3,86889.0,2.0,Asia,Thailand,Dealership
11/11/2019,2019.0,BMW X3,33668.0,3.0,Asia,South Korea,Wholesale
11/11/2019,2019.0,BMW 3 Series,52159.0,1.0,Asia,Japan,Dealership
11/11/2019,2019.0,BMW X4,82919.0,3.0,Europe,France,Wholesale
12/11/2019,2019.0,BMW X2,53937.0,4.0,North America,United States,Dealership
12/11/2019,2019.0,BMW M5,94353.0,4.0,Africa,South Africa,Wholesale
13/11/2019,2019.0,BMW i4,39514.0,1.0,Europe,Spain,Wholesale
13/11/2019,2019.0,BMW 1 Series,42850.0,1.0,Africa,Egypt,Wholesale
13/11/2019,2019.0,BMW 6 Series,42094.0,4.0,North America,United States,Wholesale
14/11/2019,2019.0,BMW i4,50311.0,5.0,Africa,South Africa,Wholesale
14/11/2019,2019.0,BMW 5 Series,59136.0,5.0,Africa,Morocco,Dealership
14/11/2019,2019.0,BMW M3,115263.0,1.0,South America,Colombia,Dealership
14/11/2019,2019.0,BMW 5 Series,90734.0,5.0,Asia,India,Dealership
15/11/2019,2019.0,BMW Z4,48565.0,1.0,Europe,Italy,Wholesale
15/11/2019,2019.0,BMW 4 Series,106493.0,3.0,South America,Argentina,Dealership
15/11/2019,2019.0,BMW 2 Series,88900.0,3.0,North America,Mexico,Dealership
16/11/2019,2019.0,BMW 2 Series,57786.0,3.0,Africa,Egypt,Dealership
16/11/2019,2019.0,BMW X4,55223.0,1.0,Africa,Nigeria,Wholesale
17/11/2019,2019.0,BMW i4,55390.0,1.0,Africa,Morocco,Dealership
17/11/2019,2019.0,BMW Z4,60083.0,5.0,Europe,United Kingdom,Wholesale
20/11/2019,2019.0,BMW 6 Series,103673.0,5.0,Africa,Morocco,Wholesale
20/11/2019,2019.0,BMW X4,108890.0,5.0,North America,Canada,Wholesale
20/11/2019,2019.0,BMW X5,90464.0,2.0,Asia,South Korea,Dealership
20/11/2019,2019.0,BMW iX3,43805.0,1.0,Africa,South Africa,Wholesale
21/11/2019,2019.0,BMW M5,119471.0,3.0,South America,Peru,Dealership
21/11/2019,2019.0,BMW 1 Series,49749.0,3.0,Africa,Nigeria,Wholesale
21/11/2019,2019.0,BMW 8 Series,74088.0,2.0,South America,Brazil,Wholesale
21/11/2019,2019.0,BMW 3 Series,53612.0,2.0,Africa,Nigeria,Wholesale
22/11/2019,2019.0,BMW 4 Series,113184.0,3.0,Africa,Nigeria,Dealership
23/11/2019,2019.0,BMW iX,95516.0,1.0,North America,Canada,Dealership
24/11/2019,2019.0,BMW X5,109922.0,3.0,Africa,Egypt,Wholesale
25/11/2019,2019.0,BMW 2 Series,48128.0,3.0,South America,Argentina,Dealership
25/11/2019,2019.0,BMW M4,102337.0,2.0,Africa,South Africa,Wholesale
25/11/2019,2019.0,BMW X7,93649.0,2.0,Europe,United Kingdom,Wholesale
25/11/2019,2019.0,BMW X7,73232.0,5.0,Asia,India,Dealership
26/11/2019,2019.0,BMW i3,73432.0,2.0,Europe,Spain,Wholesale
26/11/2019,2019.0,BMW M5,104667.0,3.0,Asia,South Korea,Wholesale
26/11/2019,2019.0,BMW i3,61280.0,5.0,South America,Chile,Wholesale
26/11/2019,2019.0,BMW M3,36406.0,3.0,Africa,Kenya,Dealership
26/11/2019,2019.0,BMW X5,117942.0,1.0,Asia,China,Wholesale
27/11/2019,2019.0,BMW 2 Series,46640.0,1.0,North America,United States,Wholesale
27/11/2019,2019.0,BMW M3,31083.0,2.0,Asia,South Korea,Dealership
27/11/2019,2019.0,BMW X6,118373.0,5.0,North America,United States,Dealership
27/11/2019,2019.0,BMW 6 Series,65690.0,4.0,North America,Canada,Dealership
27/11/2019,2019.0,BMW i4,109837.0,1.0,South America,Colombia,Wholesale
28/11/2019,2019.0,BMW i8,58788.0,1.0,Africa,Egypt,Wholesale
28/11/2019,2019.0,BMW M2,48409.0,1.0,Africa,Nigeria,Wholesale
28/11/2019,2019.0,BMW 4 Series,99903.0,1.0,Africa,Morocco,Dealership
28/11/2019,2019.0,BMW X4,46099.0,2.0,Europe,Germany,Wholesale
29/11/2019,2019.0,BMW 8 Series,56968.0,5.0,Asia,Thailand,Wholesale
29/11/2019,2019.0,BMW 4 Series,117738.0,1.0,Asia,Japan,Wholesale
29/11/2019,2019.0,BMW 1 Series,44959.0,2.0,North America,United States,Dealership
29/11/2019,2019.0,BMW 5 Series,112351.0,5.0,Asia,China,Wholesale
30/11/2019,2019.0,BMW 3 Series,102031.0,5.0,Europe,Germany,Wholesale
30/11/2019,2019.0,BMW Z4,56082.0,4.0,Asia,Thailand,Wholesale
30/11/2019,2019.0,BMW X4,56328.0,3.0,Africa,Nigeria,Wholesale
01/12/2019,2019.0,BMW 5 Series,81315.0,1.0,South America,Peru,Wholesale
01/12/2019,2019.0,BMW X4,38958.0,2.0,North America,United States,Wholesale
01/12/2019,2019.0,BMW X5,115151.0,5.0,Asia,India,Dealership
02/12/2019,2019.0,BMW Z4,69215.0,4.0,South America,Colombia,Dealership
05/12/2019,2019.0,BMW 8 Series,102968.0,3.0,South America,Peru,Wholesale
05/12/2019,2019.0,BMW X5,79289.0,5.0,North America,Mexico,Wholesale
06/12/2019,2019.0,BMW X6,100030.0,5.0,Africa,Nigeria,Wholesale
06/12/2019,2019.0,BMW iX3,88084.0,1.0,Asia,India,Wholesale
06/12/2019,2019.0,BMW iX,32407.0,3.0,Asia,Thailand,Dealership
07/12/2019,2019.0,BMW X5,50193.0,3.0,Africa,Nigeria,Wholesale
08/12/2019,2019.0,BMW 2 Series,102852.0,2.0,Europe,France,Wholesale
08/12/2019,2019.0,BMW 4 Series,57027.0,4.0,South America,Peru,Wholesale
09/12/2019,2019.0,BMW 6 Series,112865.0,2.0,Africa,Nigeria,Dealership
10/12/2019,2019.0,BMW 3 Series,112684.0,4.0,Africa,Nigeria,Wholesale
10/12/2019,2019.0,BMW M5,33894.0,2.0,Europe,Italy,Wholesale
10/12/2019,2019.0,BMW 4 Series,33413.0,4.0,Asia,Thailand,Dealership
10/12/2019,2019.0,BMW i8,74391.0,1.0,Africa,Egypt,Wholesale
12/12/2019,2019.0,BMW 4 Series,60982.0,4.0,South America,Argentina,Dealership
13/12/2019,2019.0,BMW 8 Series,81560.0,2.0,Europe,United Kingdom,Wholesale
13/12/2019,2019.0,BMW i4,72397.0,3.0,Asia,India,Wholesale
14/12/2019,2019.0,BMW i3,102485.0,5.0,Africa,Egypt,Wholesale
14/12/2019,2019.0,BMW i3,104385.0,4.0,Europe,Germany,Wholesale
14/12/2019,2019.0,BMW X2,43054.0,4.0,North America,United States,Wholesale
14/12/2019,2019.0,BMW M3,98676.0,3.0,Europe,Italy,Wholesale
15/12/2019,2019.0,BMW 6 Series,97852.0,1.0,Africa,Nigeria,Wholesale
15/12/2019,2019.0,BMW 1 Series,92420.0,2.0,Africa,Kenya,Dealership
16/12/2019,2019.0,BMW 1 Series,67206.0,1.0,Asia,Thailand,Dealership
16/12/2019,2019.0,BMW 8 Series,81224.0,4.0,Asia,Thailand,Wholesale
16/12/2019,2019.0,BMW X2,56188.0,4.0,South America,Chile,Dealership
17/12/2019,2019.0,BMW iX,113162.0,1.0,Europe,United Kingdom,Wholesale
17/12/2019,2019.0,BMW X6,113737.0,2.0,South America,Brazil,Wholesale
17/12/2019,2019.0,BMW X5,84232.0,4.0,Africa,Kenya,Wholesale
18/12/2019,2019.0,BMW Z4,82971.0,4.0,North America,United States,Wholesale
18/12/2019,2019.0,BMW iX,70875.0,1.0,South America,Colombia,Dealership
19/12/2019,2019.0,BMW M4,96945.0,5.0,Asia,Thailand,Wholesale
19/12/2019,2019.0,BMW 1 Series,78864.0,3.0,South America,Argentina,Wholesale
19/12/2019,2019.0,BMW 8 Series,35951.0,4.0,Africa,South Africa,Wholesale
20/12/2019,2019.0,BMW 7 Series,65794.0,2.0,Africa,Nigeria,Dealership
21/12/2019,2019.0,BMW i8,57664.0,5.0,North America,United States,Wholesale
21/12/2019,2019.0,BMW X5,34206.0,1.0,North America,Canada,Wholesale
21/12/2019,2019.0,BMW M8,31898.0,1.0,South America,Argentina,Dealership
21/12/2019,2019.0,BMW iX,58401.0,2.0,Europe,Italy,Dealership
22/12/2019,2019.0,BMW iX,57774.0,5.0,Asia,India,Wholesale
22/12/2019,2019.0,BMW M8,88486.0,2.0,Europe,Italy,Wholesale
23/12/2019,2019.0,BMW 4 Series,111331.0,4.0,Europe,Germany,Wholesale
23/12/2019,2019.0,BMW iX,114766.0,5.0,North America,United States,Wholesale
23/12/2019,2019.0,BMW i4,107391.0,3.0,South America,Peru,Wholesale
24/12/2019,2019.0,BMW M3,63583.0,3.0,North America,Canada,Dealership
24/12/2019,2019.0,BMW i8,64546.0,2.0,South America,Brazil,Dealership
25/12/2019,2019.0,BMW M2,107354.0,3.0,Africa,Kenya,Dealership
26/12/2019,2019.0,BMW M3,74390.0,2.0,South America,Chile,Dealership
26/12/2019,2019.0,BMW M5,69164.0,4.0,South America,Colombia,Dealership
26/12/2019,2019.0,BMW i3,41344.0,4.0,Africa,South Africa,Dealership
26/12/2019,2019.0,BMW 8 Series,102796.0,2.0,Europe,Germany,Dealership
27/12/2019,2019.0,BMW X6,39946.0,4.0,Europe,Spain,Dealership
27/12/2019,2019.0,BMW 2 Series,36609.0,3.0,North America,United States,Dealership
27/12/2019,2019.0,BMW M5,110214.0,4.0,Africa,Morocco,Dealership
27/12/2019,2019.0,BMW 4 Series,56012.0,3.0,Europe,Germany,Wholesale
28/12/2019,2019.0,BMW M3,39185.0,3.0,Asia,South Korea,Wholesale
29/12/2019,2019.0,BMW X1,96453.0,1.0,South America,Colombia,Wholesale
29/12/2019,2019.0,BMW 2 Series,83214.0,4.0,Asia,South Korea,Wholesale
29/12/2019,2019.0,BMW X4,54698.0,4.0,Africa,Egypt,Wholesale
30/12/2019,2019.0,BMW X4,80209.0,2.0,South America,Chile,Wholesale
30/12/2019,2019.0,BMW M4,54870.0,2.0,Europe,Germany,Wholesale
31/12/2019,2019.0,BMW 2 Series,37826.0,5.0,Africa,Nigeria,Wholesale
01/01/2020,2020.0,BMW 7 Series,105596.0,3.0,South America,Brazil,Wholesale
01/01/2020,2020.0,BMW X3,114825.0,1.0,North America,Mexico,Wholesale
01/01/2020,2020.0,BMW M2,59408.0,3.0,Asia,India,Dealership
02/01/2020,2020.0,BMW 6 Series,53333.0,4.0,Europe,Germany,Dealership
02/01/2020,2020.0,BMW X5,60589.0,5.0,Africa,Nigeria,Wholesale
02/01/2020,2020.0,BMW 8 Series,87888.0,3.0,South America,Colombia,Dealership
02/01/2020,2020.0,BMW 4 Series,45316.0,5.0,South America,Chile,Wholesale
03/01/2020,2020.0,BMW X6,117770.0,3.0,Europe,Italy,Dealership
03/01/2020,2020.0,BMW X6,69687.0,4.0,South America,Colombia,Wholesale
03/01/2020,2020.0,BMW 5 Series,113576.0,4.0,Asia,South Korea,Wholesale
03/01/2020,2020.0,BMW M2,86912.0,3.0,Europe,Spain,Wholesale
03/01/2020,2020.0,BMW Z4,60173.0,1.0,Africa,Egypt,Dealership
04/01/2020,2020.0,BMW i8,42326.0,4.0,Europe,Italy,Dealership
04/01/2020,2020.0,BMW X7,65930.0,2.0,North America,Canada,Wholesale
04/01/2020,2020.0,BMW 4 Series,41932.0,1.0,South America,Argentina,Wholesale
04/01/2020,2020.0,BMW M2,64626.0,3.0,North America,United States,Wholesale
05/01/2020,2020.0,BMW M3,42857.0,1.0,North America,Canada,Dealership
06/01/2020,2020.0,BMW 2 Series,48204.0,2.0,North America,United States,Dealership
06/01/2020,2020.0,BMW 3 Series,94963.0,4.0,Europe,Italy,Wholesale
06/01/2020,2020.0,BMW X1,77408.0,4.0,South America,Chile,Dealership
07/01/2020,2020.0,BMW i3,32904.0,4.0,Europe,France,Wholesale
07/01/2020,2020.0,BMW 5 Series,119059.0,2.0,North America,United States,Wholesale
07/01/2020,2020.0,BMW X4,82657.0,1.0,Europe,France,Dealership
07/01/2020,2020.0,BMW 1 Series,88568.0,3.0,North America,Mexico,Wholesale
08/01/2020,2020.0,BMW i8,53570.0,3.0,Europe,United Kingdom,Dealership
08/01/2020,2020.0,BMW X7,76745.0,1.0,Europe,Germany,Wholesale
08/01/2020,2020.0,BMW X2,80344.0,4.0,South America,Brazil,Wholesale
09/01/2020,2020.0,BMW X7,34814.0,3.0,North America,Canada,Wholesale
10/01/2020,2020.0,BMW M3,101504.0,4.0,Africa,Kenya,Dealership
10/01/2020,2020.0,BMW 2 Series,91262.0,5.0,South America,Chile,Wholesale
10/01/2020,2020.0,BMW iX,88103.0,5.0,North America,United States,Wholesale
11/01/2020,2020.0,BMW 8 Series,56710.0,3.0,North America,Mexico,Dealership
11/01/2020,2020.0,BMW 7 Series,114258.0,1.0,Africa,South Africa,Wholesale
11/01/2020,2020.0,BMW i3,88420.0,1.0,North America,Mexico,Wholesale
11/01/2020,2020.0,BMW X2,93073.0,1.0,South America,Colombia,Wholesale
12/01/2020,2020.0,BMW 8 Series,42651.0,4.0,Africa,Nigeria,Dealership
13/01/2020,2020.0,BMW X1,96064.0,5.0,Europe,Spain,Wholesale
13/01/2020,2020.0,BMW X6,68057.0,4.0,North America,Mexico,Dealership
13/01/2020,2020.0,BMW M3,77278.0,2.0,Africa,Egypt,Wholesale
14/01/2020,2020.0,BMW X6,54520.0,2.0,South America,Chile,Wholesale
14/01/2020,2020.0,BMW M4,81747.0,3.0,Africa,Morocco,Dealership
14/01/2020,2020.0,BMW 1 Series,88396.0,2.0,Asia,South Korea,Dealership
14/01/2020,2020.0,BMW M3,89976.0,1.0,Europe,United Kingdom,Wholesale
15/01/2020,2020.0,BMW 3 Series,114270.0,3.0,Africa,Morocco,Wholesale
15/01/2020,2020.0,BMW iX,31785.0,5.0,Europe,Spain,Dealership
16/01/2020,2020.0,BMW M2,35217.0,5.0,Asia,Japan,Wholesale
16/01/2020,2020.0,BMW i3,42663.0,2.0,Africa,Egypt,Wholesale
17/01/2020,2020.0,BMW i3,49689.0,2.0,South America,Peru,Dealership
17/01/2020,2020.0,BMW X3,90510.0,5.0,Asia,Japan,Dealership
17/01/2020,2020.0,BMW iX3,118560.0,2.0,Asia,South Korea,Wholesale
17/01/2020,2020.0,BMW i8,79939.0,2.0,Europe,France,Dealership
18/01/2020,2020.0,BMW i8,100942.0,4.0,South America,Brazil,Wholesale
18/01/2020,2020.0,BMW iX3,71119.0,5.0,Asia,India,Wholesale
19/01/2020,2020.0,BMW M4,46722.0,5.0,North America,Mexico,Dealership
20/01/2020,2020.0,BMW Z4,57572.0,2.0,South America,Brazil,Wholesale
22/01/2020,2020.0,BMW M4,115977.0,1.0,North America,Canada,Dealership
22/01/2020,2020.0,BMW 2 Series,99907.0,4.0,Asia,India,Wholesale
22/01/2020,2020.0,BMW i4,36709.0,1.0,North America,Mexico,Wholesale
22/01/2020,2020.0,BMW 3 Series,72523.0,2.0,South America,Argentina,Wholesale
22/01/2020,2020.0,BMW M2,68662.0,5.0,Europe,United Kingdom,Dealership
23/01/2020,2020.0,BMW iX,73093.0,1.0,Africa,Egypt,Wholesale
23/01/2020,2020.0,BMW i3,38048.0,3.0,Europe,Spain,Wholesale
23/01/2020,2020.0,BMW M3,34236.0,1.0,Asia,South Korea,Wholesale
24/01/2020,2020.0,BMW 5 Series,118060.0,5.0,North America,Canada,Wholesale
24/01/2020,2020.0,BMW 5 Series,87300.0,2.0,South America,Argentina,Dealership
24/01/2020,2020.0,BMW M8,40605.0,1.0,Africa,South Africa,Dealership
25/01/2020,2020.0,BMW X4,88398.0,2.0,Africa,South Africa,Wholesale
25/01/2020,2020.0,BMW i8,107432.0,4.0,Africa,Nigeria,Wholesale
26/01/2020,2020.0,BMW 7 Series,53471.0,3.0,South America,Chile,Wholesale
26/01/2020,2020.0,BMW 8 Series,118706.0,5.0,Asia,South Korea,Wholesale
26/01/2020,2020.0,BMW X7,94994.0,5.0,South America,Argentina,Dealership
27/01/2020,2020.0,BMW X4,31783.0,2.0,North America,Canada,Dealership
27/01/2020,2020.0,BMW M2,114383.0,3.0,North America,Canada,Wholesale
27/01/2020,2020.0,BMW X3,119230.0,5.0,South America,Brazil,Wholesale
27/01/2020,2020.0,BMW M2,93565.0,1.0,Asia,South Korea,Wholesale
27/01/2020,2020.0,BMW iX,71284.0,5.0,Europe,Italy,Wholesale
27/01/2020,2020.0,BMW i4,93475.0,1.0,North America,United States,Wholesale
28/01/2020,2020.0,BMW X1,77182.0,5.0,Africa,Nigeria,Wholesale
28/01/2020,2020.0,BMW 6 Series,43594.0,1.0,Africa,Morocco,Wholesale
28/01/2020,2020.0,BMW 7 Series,100270.0,4.0,South America,Brazil,Dealership
28/01/2020,2020.0,BMW M2,62784.0,2.0,Asia,Thailand,Dealership
29/01/2020,2020.0,BMW 3 Series,66087.0,4.0,Africa,Kenya,Wholesale
29/01/2020,2020.0,BMW iX3,68588.0,1.0,Europe,United Kingdom,Wholesale
29/01/2020,2020.0,BMW 5 Series,52791.0,2.0,North America,Canada,Wholesale
29/01/2020,2020.0,BMW M4,116615.0,3.0,Asia,South Korea,Wholesale
30/01/2020,2020.0,BMW 4 Series,38933.0,1.0,Asia,Thailand,Wholesale
30/01/2020,2020.0,BMW iX3,84576.0,5.0,Africa,Egypt,Wholesale
30/01/2020,2020.0,BMW 4 Series,70327.0,5.0,South America,Peru,Dealership
31/01/2020,2020.0,BMW X4,103654.0,3.0,Europe,Spain,Wholesale
31/01/2020,2020.0,BMW X1,66843.0,4.0,South America,Brazil,Dealership
01/02/2020,2020.0,BMW X2,79060.0,1.0,Africa,Morocco,Wholesale
01/02/2020,2020.0,BMW 6 Series,104915.0,5.0,South America,Colombia,Dealership
01/02/2020,2020.0,BMW Z4,47673.0,2.0,Africa,Morocco,Dealership
02/02/2020,2020.0,BMW M8,32822.0,3.0,Europe,Spain,Dealership
02/02/2020,2020.0,BMW X2,113481.0,4.0,Asia,Japan,Wholesale
02/02/2020,2020.0,BMW M8,41573.0,4.0,South America,Argentina,Dealership
03/02/2020,2020.0,BMW 7 Series,106579.0,2.0,Africa,Nigeria,Wholesale
03/02/2020,2020.0,BMW 8 Series,65377.0,2.0,Asia,India,Wholesale
03/02/2020,2020.0,BMW 6 Series,49309.0,3.0,North America,Canada,Dealership
03/02/2020,2020.0,BMW 5 Series,36886.0,2.0,Africa,Kenya,Dealership
03/02/2020,2020.0,BMW 5 Series,35589.0,5.0,South America,Chile,Wholesale
03/02/2020,2020.0,BMW i4,31573.0,4.0,North America,Canada,Dealership
03/02/2020,2020.0,BMW X4,66479.0,2.0,North America,Canada,Wholesale
03/02/2020,2020.0,BMW M3,88241.0,1.0,South America,Peru,Dealership
03/02/2020,2020.0,BMW iX3,37590.0,2.0,Africa,South Africa,Wholesale
04/02/2020,2020.0,BMW X3,42756.0,4.0,Africa,Morocco,Dealership
04/02/2020,2020.0,BMW 4 Series,114256.0,5.0,Africa,Nigeria,Dealership
04/02/2020,2020.0,BMW X6,46565.0,2.0,North America,United States,Wholesale
05/02/2020,2020.0,BMW i8,99152.0,5.0,Asia,Japan,Wholesale
05/02/2020,2020.0,BMW 2 Series,42105.0,1.0,Africa,Nigeria,Dealership
05/02/2020,2020.0,BMW X5,34223.0,4.0,Africa,Morocco,Wholesale
06/02/2020,2020.0,BMW M3,91323.0,3.0,Asia,India,Dealership
06/02/2020,2020.0,BMW X7,105927.0,4.0,Africa,Egypt,Wholesale
06/02/2020,2020.0,BMW i8,118421.0,3.0,North America,United States,Wholesale
07/02/2020,2020.0,BMW X7,117108.0,3.0,South America,Argentina,Dealership
07/02/2020,2020.0,BMW 3 Series,39926.0,4.0,North America,United States,Wholesale
07/02/2020,2020.0,BMW 8 Series,84840.0,3.0,South America,Colombia,Wholesale
08/02/2020,2020.0,BMW X5,69280.0,5.0,Asia,South Korea,Wholesale
08/02/2020,2020.0,BMW X3,80064.0,1.0,Asia,Thailand,Wholesale
08/02/2020,2020.0,BMW M8,64055.0,2.0,Asia,South Korea,Dealership
08/02/2020,2020.0,BMW X6,50523.0,3.0,Africa,Nigeria,Dealership
08/02/2020,2020.0,BMW X2,102604.0,3.0,South America,Colombia,Wholesale
09/02/2020,2020.0,BMW X1,58386.0,4.0,Africa,Egypt,Dealership
09/02/2020,2020.0,BMW 1 Series,118436.0,5.0,Asia,China,Dealership
09/02/2020,2020.0,BMW 2 Series,56250.0,2.0,Europe,United Kingdom,Wholesale
09/02/2020,2020.0,BMW 3 Series,35605.0,3.0,Europe,France,Wholesale
09/02/2020,2020.0,BMW X1,115991.0,5.0,Asia,Thailand,Wholesale
10/02/2020,2020.0,BMW M3,98858.0,2.0,Asia,India,Wholesale
11/02/2020,2020.0,BMW M8,79683.0,4.0,South America,Brazil,Wholesale
12/02/2020,2020.0,BMW 7 Series,108807.0,3.0,Europe,Italy,Dealership
12/02/2020,2020.0,BMW M4,76072.0,4.0,North America,United States,Wholesale
14/02/2020,2020.0,BMW M5,119096.0,4.0,Europe,United Kingdom,Wholesale
14/02/2020,2020.0,BMW 4 Series,38577.0,3.0,Europe,Spain,Wholesale
15/02/2020,2020.0,BMW M8,105630.0,5.0,Europe,Germany,Wholesale
15/02/2020,2020.0,BMW 8 Series,38048.0,5.0,Africa,Egypt,Dealership
16/02/2020,2020.0,BMW M8,112246.0,4.0,South America,Brazil,Wholesale
16/02/2020,2020.0,BMW 3 Series,93872.0,4.0,North America,Mexico,Dealership
16/02/2020,2020.0,BMW M3,46211.0,1.0,Europe,United Kingdom,Dealership
16/02/2020,2020.0,BMW 7 Series,32587.0,2.0,South America,Chile,Wholesale
16/02/2020,2020.0,BMW i8,100220.0,4.0,Asia,South Korea,Wholesale
16/02/2020,2020.0,BMW X1,33877.0,4.0,North America,United States,Dealership
18/02/2020,2020.0,BMW X5,51162.0,2.0,North America,United States,Dealership
19/02/2020,2020.0,BMW X7,66636.0,3.0,Africa,South Africa,Wholesale
19/02/2020,2020.0,BMW M5,80157.0,5.0,North America,Canada,Dealership
19/02/2020,2020.0,BMW X7,94990.0,3.0,Asia,South Korea,Dealership
20/02/2020,2020.0,BMW X4,47673.0,2.0,South America,Brazil,Wholesale
20/02/2020,2020.0,BMW Z4,91895.0,2.0,North America,Mexico,Wholesale
20/02/2020,2020.0,BMW Z4,30327.0,1.0,South America,Peru,Dealership
22/02/2020,2020.0,BMW 8 Series,45212.0,1.0,North America,Canada,Wholesale
23/02/2020,2020.0,BMW i8,81318.0,5.0,Asia,Thailand,Wholesale
23/02/2020,2020.0,BMW X3,78484.0,4.0,Asia,Thailand,Dealership
23/02/2020,2020.0,BMW 8 Series,96556.0,2.0,Africa,Egypt,Wholesale
24/02/2020,2020.0,BMW Z4,94823.0,1.0,Europe,Germany,Wholesale
24/02/2020,2020.0,BMW 2 Series,106015.0,3.0,Europe,United Kingdom,Wholesale
24/02/2020,2020.0,BMW Z4,82022.0,1.0,Africa,South Africa,Dealership
24/02/2020,2020.0,BMW X2,36575.0,3.0,North America,United States,Wholesale
24/02/2020,2020.0,BMW Z4,36294.0,1.0,North America,United States,Wholesale
25/02/2020,2020.0,BMW 1 Series,33005.0,3.0,North America,Mexico,Wholesale
25/02/2020,2020.0,BMW 6 Series,115380.0,1.0,Europe,Italy,Wholesale
26/02/2020,2020.0,BMW M5,80622.0,1.0,Asia,Japan,Dealership
27/02/2020,2020.0,BMW M3,49564.0,5.0,North America,Mexico,Wholesale
27/02/2020,2020.0,BMW i4,106086.0,4.0,North America,United States,Wholesale
27/02/2020,2020.0,BMW M4,67210.0,2.0,Europe,France,Dealership
27/02/2020,2020.0,BMW X5,102649.0,4.0,Asia,Thailand,Wholesale
27/02/2020,2020.0,BMW 2 Series,34655.0,5.0,Asia,China,Dealership
27/02/2020,2020.0,BMW iX3,33372.0,3.0,Europe,United Kingdom,Dealership
27/02/2020,2020.0,BMW X2,81179.0,4.0,North America,United States,Wholesale
27/02/2020,2020.0,BMW X3,67976.0,2.0,Africa,Egypt,Dealership
28/02/2020,2020.0,BMW Z4,66241.0,2.0,Africa,Egypt,Wholesale
28/02/2020,2020.0,BMW X2,69840.0,3.0,Asia,Thailand,Dealership
28/02/2020,2020.0,BMW i8,65120.0,2.0,North America,United States,Wholesale
01/03/2020,2020.0,BMW 6 Series,109066.0,5.0,South America,Colombia,Wholesale
01/03/2020,2020.0,BMW X7,71994.0,4.0,South America,Peru,Wholesale
01/03/2020,2020.0,BMW Z4,99890.0,2.0,Africa,Nigeria,Wholesale
01/03/2020,2020.0,BMW X3,58964.0,4.0,South America,Colombia,Wholesale
01/03/2020,2020.0,BMW X6,104089.0,1.0,Europe,Germany,Wholesale
01/03/2020,2020.0,BMW Z4,64426.0,4.0,North America,Mexico,Dealership
02/03/2020,2020.0,BMW X3,63622.0,3.0,Africa,Nigeria,Wholesale
02/03/2020,2020.0,BMW X5,71104.0,5.0,South America,Colombia,Wholesale
02/03/2020,2020.0,BMW M8,48447.0,2.0,North America,United States,Wholesale
02/03/2020,2020.0,BMW 1 Series,81332.0,5.0,North America,Mexico,Wholesale
03/03/2020,2020.0,BMW M5,109048.0,4.0,South America,Peru,Dealership
03/03/2020,2020.0,BMW X1,85387.0,2.0,North America,Mexico,Wholesale
03/03/2020,2020.0,BMW M3,55939.0,5.0,Asia,Thailand,Dealership
04/03/2020,2020.0,BMW iX3,51788.0,3.0,Asia,Japan,Dealership
05/03/2020,2020.0,BMW M3,108488.0,1.0,Europe,France,Wholesale
06/03/2020,2020.0,BMW 6 Series,47206.0,1.0,Europe,France,Wholesale
06/03/2020,2020.0,BMW iX,118022.0,3.0,Africa,Morocco,Wholesale
07/03/2020,2020.0,BMW 2 Series,76123.0,1.0,North America,United States,Wholesale
07/03/2020,2020.0,BMW M8,56654.0,3.0,Europe,United Kingdom,Wholesale
07/03/2020,2020.0,BMW i3,65391.0,4.0,Africa,South Africa,Wholesale
09/03/2020,2020.0,BMW iX3,103292.0,3.0,Africa,Egypt,Wholesale
09/03/2020,2020.0,BMW 7 Series,119086.0,1.0,Asia,China,Dealership
09/03/2020,2020.0,BMW 8 Series,54486.0,4.0,North America,Mexico,Wholesale
09/03/2020,2020.0,BMW 5 Series,82545.0,3.0,Asia,India,Wholesale
10/03/2020,2020.0,BMW M4,81516.0,3.0,South America,Colombia,Dealership
10/03/2020,2020.0,BMW 2 Series,89424.0,4.0,Asia,Japan,Wholesale
12/03/2020,2020.0,BMW 8 Series,34015.0,2.0,Asia,China,Dealership
13/03/2020,2020.0,BMW 6 Series,48059.0,1.0,South America,Brazil,Dealership
13/03/2020,2020.0,BMW X7,65502.0,2.0,Africa,Egypt,Dealership
13/03/2020,2020.0,BMW X4,64758.0,4.0,Asia,Japan,Wholesale
14/03/2020,2020.0,BMW X7,108755.0,4.0,Africa,Nigeria,Wholesale
14/03/2020,2020.0,BMW 8 Series,90217.0,5.0,Asia,China,Wholesale
15/03/2020,2020.0,BMW i8,39212.0,5.0,South America,Brazil,Dealership
15/03/2020,2020.0,BMW 6 Series,66380.0,4.0,Africa,Morocco,Dealership
15/03/2020,2020.0,BMW X1,119439.0,5.0,Europe,Italy,Wholesale
16/03/2020,2020.0,BMW M2,54204.0,3.0,North America,Mexico,Wholesale
16/03/2020,2020.0,BMW M5,45770.0,2.0,Europe,United Kingdom,Wholesale
16/03/2020,2020.0,BMW 2 Series,110221.0,4.0,Africa,Kenya,Dealership
16/03/2020,2020.0,BMW 3 Series,86035.0,3.0,South America,Colombia,Dealership
17/03/2020,2020.0,BMW M2,106610.0,1.0,Europe,Spain,Wholesale
18/03/2020,2020.0,BMW X4,43543.0,1.0,North America,United States,Wholesale
18/03/2020,2020.0,BMW 1 Series,78754.0,5.0,South America,Colombia,Wholesale
18/03/2020,2020.0,BMW M2,72536.0,5.0,South America,Colombia,Dealership
19/03/2020,2020.0,BMW M3,89502.0,3.0,North America,Mexico,Dealership
19/03/2020,2020.0,BMW M4,39415.0,1.0,Asia,South Korea,Dealership
19/03/2020,2020.0,BMW M2,78436.0,4.0,North America,Canada,Wholesale
19/03/2020,2020.0,BMW X1,57563.0,2.0,Europe,France,Wholesale
19/03/2020,2020.0,BMW iX,51663.0,5.0,Asia,Thailand,Wholesale
21/03/2020,2020.0,BMW M3,97933.0,3.0,Europe,Italy,Wholesale
21/03/2020,2020.0,BMW 6 Series,64024.0,5.0,Africa,Egypt,Wholesale
21/03/2020,2020.0,BMW X3,89850.0,3.0,Africa,Kenya,Wholesale
21/03/2020,2020.0,BMW iX,118421.0,1.0,North America,Canada,Dealership
21/03/2020,2020.0,BMW iX3,57011.0,5.0,Asia,South Korea,Wholesale
21/03/2020,2020.0,BMW M4,100486.0,3.0,Asia,South Korea,Wholesale
22/03/2020,2020.0,BMW i3,88956.0,3.0,Europe,United Kingdom,Dealership
22/03/2020,2020.0,BMW M3,67133.0,5.0,Europe,Italy,Wholesale
22/03/2020,2020.0,BMW X2,51310.0,2.0,North America,United States,Dealership
22/03/2020,2020.0,BMW M2,55230.0,4.0,North America,Canada,Wholesale
23/03/2020,2020.0,BMW 4 Series,48043.0,1.0,South America,Brazil,Wholesale
23/03/2020,2020.0,BMW 1 Series,81009.0,5.0,Africa,Morocco,Dealership
24/03/2020,2020.0,BMW 6 Series,79630.0,5.0,Africa,Nigeria,Wholesale
25/03/2020,2020.0,BMW 2 Series,70615.0,2.0,Europe,Spain,Wholesale
25/03/2020,2020.0,BMW i8,43319.0,1.0,Europe,Spain,Wholesale
25/03/2020,2020.0,BMW X7,36393.0,5.0,North America,Mexico,Wholesale
25/03/2020,2020.0,BMW 5 Series,107381.0,2.0,Asia,Japan,Wholesale
25/03/2020,2020.0,BMW i8,66131.0,4.0,South America,Argentina,Wholesale
25/03/2020,2020.0,BMW i3,69384.0,3.0,Asia,Japan,Wholesale
26/03/2020,2020.0,BMW X6,53268.0,4.0,Africa,Morocco,Wholesale
26/03/2020,2020.0,BMW iX,39642.0,4.0,North America,Canada,Wholesale
27/03/2020,2020.0,BMW M2,33658.0,4.0,North America,Canada,Dealership
27/03/2020,2020.0,BMW i3,40796.0,4.0,Africa,Kenya,Dealership
28/03/2020,2020.0,BMW 3 Series,82289.0,3.0,Asia,South Korea,Wholesale
28/03/2020,2020.0,BMW X1,53060.0,1.0,Europe,Spain,Wholesale
28/03/2020,2020.0,BMW iX,91800.0,1.0,Europe,Italy,Wholesale
28/03/2020,2020.0,BMW 2 Series,52622.0,2.0,Africa,Egypt,Dealership
28/03/2020,2020.0,BMW 6 Series,43589.0,2.0,Asia,Thailand,Wholesale
29/03/2020,2020.0,BMW X4,73255.0,5.0,Asia,Thailand,Wholesale
30/03/2020,2020.0,BMW M3,44833.0,4.0,North America,Canada,Dealership
30/03/2020,2020.0,BMW 5 Series,87541.0,4.0,North America,Mexico,Wholesale
30/03/2020,2020.0,BMW X3,88024.0,3.0,North America,United States,Wholesale
30/03/2020,2020.0,BMW X7,94105.0,4.0,South America,Colombia,Wholesale
30/03/2020,2020.0,BMW X3,51910.0,3.0,Africa,Morocco,Dealership
31/03/2020,2020.0,BMW X7,109066.0,5.0,Asia,India,Wholesale
31/03/2020,2020.0,BMW M2,111664.0,2.0,Africa,South Africa,Wholesale
01/04/2020,2020.0,BMW 5 Series,77324.0,2.0,South America,Colombia,Dealership
01/04/2020,2020.0,BMW X1,77659.0,5.0,North America,United States,Wholesale
01/04/2020,2020.0,BMW 5 Series,38900.0,5.0,Europe,Germany,Wholesale
01/04/2020,2020.0,BMW i3,107042.0,4.0,Asia,India,Dealership
02/04/2020,2020.0,BMW Z4,95681.0,2.0,South America,Peru,Wholesale
02/04/2020,2020.0,BMW M4,54641.0,1.0,North America,United States,Wholesale
02/04/2020,2020.0,BMW M4,93670.0,5.0,Asia,Japan,Dealership
03/04/2020,2020.0,BMW X7,66833.0,2.0,Africa,Morocco,Wholesale
03/04/2020,2020.0,BMW X7,69579.0,2.0,South America,Colombia,Dealership
04/04/2020,2020.0,BMW i4,60311.0,3.0,Africa,Morocco,Wholesale
04/04/2020,2020.0,BMW X4,109486.0,2.0,Europe,France,Wholesale
05/04/2020,2020.0,BMW 4 Series,108730.0,5.0,Asia,India,Wholesale
06/04/2020,2020.0,BMW M8,73997.0,4.0,South America,Colombia,Dealership
07/04/2020,2020.0,BMW X2,52612.0,2.0,Asia,South Korea,Dealership
07/04/2020,2020.0,BMW iX3,56564.0,1.0,Asia,South Korea,Wholesale
08/04/2020,2020.0,BMW X2,119767.0,5.0,North America,Mexico,Dealership
08/04/2020,2020.0,BMW X6,44819.0,4.0,South America,Chile,Dealership
09/04/2020,2020.0,BMW 4 Series,47127.0,4.0,Asia,Thailand,Wholesale
09/04/2020,2020.0,BMW 1 Series,61308.0,5.0,Africa,South Africa,Wholesale
09/04/2020,2020.0,BMW X1,100114.0,4.0,Asia,China,Dealership
10/04/2020,2020.0,BMW 7 Series,73346.0,1.0,Europe,United Kingdom,Wholesale
10/04/2020,2020.0,BMW X7,30247.0,2.0,North America,Mexico,Wholesale
10/04/2020,2020.0,BMW M5,114597.0,5.0,North America,Canada,Wholesale
10/04/2020,2020.0,BMW M4,82483.0,2.0,South America,Peru,Wholesale
10/04/2020,2020.0,BMW 6 Series,75856.0,2.0,Europe,France,Wholesale
10/04/2020,2020.0,BMW X2,74651.0,4.0,North America,Canada,Dealership
11/04/2020,2020.0,BMW 7 Series,58134.0,5.0,South America,Brazil,Dealership
12/04/2020,2020.0,BMW 4 Series,41718.0,2.0,North America,United States,Wholesale
12/04/2020,2020.0,BMW Z4,40327.0,3.0,South America,Brazil,Wholesale
13/04/2020,2020.0,BMW i3,101473.0,1.0,Asia,Thailand,Dealership
14/04/2020,2020.0,BMW X7,74550.0,4.0,South America,Colombia,Wholesale
14/04/2020,2020.0,BMW 8 Series,76647.0,5.0,North America,United States,Wholesale
15/04/2020,2020.0,BMW i3,37045.0,5.0,Europe,Italy,Wholesale
15/04/2020,2020.0,BMW 7 Series,98326.0,4.0,South America,Chile,Wholesale
16/04/2020,2020.0,BMW 8 Series,68718.0,2.0,Africa,South Africa,Wholesale
17/04/2020,2020.0,BMW 2 Series,34843.0,4.0,Asia,Thailand,Wholesale
17/04/2020,2020.0,BMW i4,83164.0,5.0,North America,United States,Dealership
18/04/2020,2020.0,BMW X4,96937.0,3.0,Asia,Japan,Wholesale
18/04/2020,2020.0,BMW 5 Series,37297.0,2.0,Africa,South Africa,Wholesale
19/04/2020,2020.0,BMW M8,46860.0,4.0,Europe,France,Wholesale
19/04/2020,2020.0,BMW X7,71274.0,5.0,Asia,South Korea,Wholesale
19/04/2020,2020.0,BMW Z4,54318.0,5.0,South America,Chile,Wholesale
19/04/2020,2020.0,BMW X4,59301.0,5.0,South America,Argentina,Wholesale
20/04/2020,2020.0,BMW M5,46791.0,3.0,South America,Chile,Wholesale
20/04/2020,2020.0,BMW iX3,48456.0,2.0,North America,United States,Wholesale
20/04/2020,2020.0,BMW M5,99503.0,4.0,Africa,Nigeria,Dealership
20/04/2020,2020.0,BMW X5,116673.0,2.0,Asia,Thailand,Dealership
21/04/2020,2020.0,BMW X1,52247.0,5.0,Europe,Spain,Wholesale
21/04/2020,2020.0,BMW 5 Series,82384.0,3.0,Asia,China,Wholesale
22/04/2020,2020.0,BMW 1 Series,33423.0,3.0,North America,Canada,Dealership
22/04/2020,2020.0,BMW 7 Series,103541.0,5.0,North America,Mexico,Wholesale
22/04/2020,2020.0,BMW iX3,80581.0,2.0,South America,Peru,Dealership
23/04/2020,2020.0,BMW M2,97868.0,2.0,Europe,United Kingdom,Wholesale
24/04/2020,2020.0,BMW M3,82838.0,3.0,Europe,Italy,Dealership
24/04/2020,2020.0,BMW X5,41311.0,1.0,South America,Chile,Wholesale
25/04/2020,2020.0,BMW iX,74293.0,3.0,Africa,Egypt,Dealership
26/04/2020,2020.0,BMW 3 Series,101102.0,3.0,North America,Canada,Wholesale
26/04/2020,2020.0,BMW X4,76705.0,4.0,Europe,France,Wholesale
26/04/2020,2020.0,BMW X5,69827.0,3.0,North America,Canada,Dealership
27/04/2020,2020.0,BMW 2 Series,61708.0,1.0,North America,Canada,Dealership
27/04/2020,2020.0,BMW 3 Series,33328.0,3.0,South America,Colombia,Wholesale
27/04/2020,2020.0,BMW X2,97393.0,2.0,Europe,France,Dealership
27/04/2020,2020.0,BMW M8,46006.0,4.0,South America,Argentina,Dealership
27/04/2020,2020.0,BMW X4,114114.0,4.0,Europe,France,Wholesale
28/04/2020,2020.0,BMW iX3,119749.0,3.0,Asia,India,Wholesale
28/04/2020,2020.0,BMW X1,53434.0,4.0,Europe,Italy,Wholesale
28/04/2020,2020.0,BMW M3,90359.0,4.0,South America,Colombia,Wholesale
28/04/2020,2020.0,BMW iX3,46608.0,3.0,North America,Canada,Wholesale
28/04/2020,2020.0,BMW X6,76233.0,1.0,North America,United States,Wholesale
30/04/2020,2020.0,BMW 6 Series,30715.0,3.0,Europe,Germany,Dealership
30/04/2020,2020.0,BMW 8 Series,46328.0,2.0,Asia,South Korea,Wholesale
01/05/2020,2020.0,BMW M8,94802.0,5.0,South America,Chile,Wholesale
02/05/2020,2020.0,BMW X4,79214.0,1.0,Europe,Germany,Dealership
02/05/2020,2020.0,BMW 5 Series,76978.0,3.0,South America,Argentina,Wholesale
02/05/2020,2020.0,BMW M3,38203.0,1.0,South America,Brazil,Wholesale
03/05/2020,2020.0,BMW i4,78311.0,5.0,North America,United States,Wholesale
04/05/2020,2020.0,BMW M5,89867.0,4.0,North America,United States,Wholesale
04/05/2020,2020.0,BMW 8 Series,98956.0,4.0,North America,United States,Wholesale
05/05/2020,2020.0,BMW X5,58436.0,5.0,Asia,China,Wholesale
05/05/2020,2020.0,BMW 8 Series,45290.0,4.0,Europe,Spain,Dealership
05/05/2020,2020.0,BMW 1 Series,74959.0,1.0,Africa,Morocco,Wholesale
06/05/2020,2020.0,BMW Z4,47085.0,4.0,South America,Brazil,Wholesale
06/05/2020,2020.0,BMW X5,83001.0,5.0,Africa,Egypt,Wholesale
06/05/2020,2020.0,BMW 7 Series,109258.0,5.0,Europe,Spain,Wholesale
07/05/2020,2020.0,BMW 4 Series,118052.0,5.0,North America,United States,Wholesale
07/05/2020,2020.0,BMW X1,32042.0,2.0,South America,Colombia,Wholesale
07/05/2020,2020.0,BMW Z4,103563.0,1.0,Africa,Morocco,Dealership
07/05/2020,2020.0,BMW 1 Series,34554.0,5.0,Asia,China,Wholesale
08/05/2020,2020.0,BMW 3 Series,91305.0,1.0,North America,United States,Wholesale
08/05/2020,2020.0,BMW M4,91797.0,2.0,South America,Colombia,Dealership
08/05/2020,2020.0,BMW M8,109870.0,1.0,South America,Brazil,Wholesale
09/05/2020,2020.0,BMW 6 Series,48223.0,3.0,Africa,Egypt,Dealership
09/05/2020,2020.0,BMW M2,75411.0,2.0,South America,Chile,Dealership
10/05/2020,2020.0,BMW 1 Series,78846.0,2.0,Africa,Nigeria,Wholesale
10/05/2020,2020.0,BMW X1,103206.0,4.0,Africa,Kenya,Dealership
10/05/2020,2020.0,BMW M2,64261.0,5.0,North America,United States,Wholesale
11/05/2020,2020.0,BMW 2 Series,77672.0,2.0,North America,United States,Wholesale
12/05/2020,2020.0,BMW X3,104363.0,1.0,South America,Colombia,Wholesale
12/05/2020,2020.0,BMW M2,86994.0,3.0,Europe,Spain,Dealership
12/05/2020,2020.0,BMW 3 Series,110774.0,1.0,Africa,South Africa,Dealership
12/05/2020,2020.0,BMW M3,44628.0,1.0,Asia,India,Wholesale
13/05/2020,2020.0,BMW i3,71787.0,3.0,Europe,Italy,Wholesale
13/05/2020,2020.0,BMW 8 Series,66232.0,4.0,Africa,Nigeria,Wholesale
13/05/2020,2020.0,BMW X6,116700.0,5.0,Europe,Spain,Wholesale
14/05/2020,2020.0,BMW X1,93073.0,2.0,Europe,Spain,Dealership
15/05/2020,2020.0,BMW iX3,90598.0,5.0,Africa,Egypt,Wholesale
15/05/2020,2020.0,BMW M3,43416.0,4.0,South America,Chile,Wholesale
16/05/2020,2020.0,BMW 8 Series,111456.0,3.0,North America,Mexico,Wholesale
16/05/2020,2020.0,BMW i3,43269.0,5.0,Asia,Japan,Dealership
17/05/2020,2020.0,BMW X5,57571.0,1.0,Asia,Japan,Dealership
17/05/2020,2020.0,BMW X3,32018.0,2.0,Africa,Egypt,Dealership
17/05/2020,2020.0,BMW X4,106340.0,2.0,Africa,South Africa,Wholesale
18/05/2020,2020.0,BMW X1,36486.0,4.0,Asia,India,Wholesale
18/05/2020,2020.0,BMW 7 Series,42860.0,4.0,Asia,China,Wholesale
18/05/2020,2020.0,BMW Z4,83408.0,3.0,Asia,China,Wholesale
18/05/2020,2020.0,BMW M3,116677.0,4.0,Africa,Egypt,Wholesale
18/05/2020,2020.0,BMW 5 Series,111951.0,5.0,Africa,Nigeria,Wholesale
20/05/2020,2020.0,BMW M5,85700.0,2.0,Asia,China,Wholesale
20/05/2020,2020.0,BMW X2,88369.0,3.0,South America,Colombia,Wholesale
20/05/2020,2020.0,BMW X4,65916.0,4.0,Asia,Japan,Wholesale
20/05/2020,2020.0,BMW 7 Series,82097.0,1.0,North America,United States,Dealership
21/05/2020,2020.0,BMW i4,77628.0,2.0,Asia,China,Dealership
21/05/2020,2020.0,BMW 6 Series,90434.0,3.0,North America,Mexico,Wholesale
22/05/2020,2020.0,BMW 2 Series,32991.0,2.0,North America,Canada,Dealership
22/05/2020,2020.0,BMW M2,106964.0,5.0,Asia,Japan,Wholesale
22/05/2020,2020.0,BMW i3,70431.0,4.0,Africa,Morocco,Dealership
22/05/2020,2020.0,BMW X3,44550.0,4.0,Asia,Thailand,Wholesale
22/05/2020,2020.0,BMW Z4,57284.0,4.0,Asia,South Korea,Wholesale
23/05/2020,2020.0,BMW M2,55236.0,1.0,North America,Mexico,Wholesale
23/05/2020,2020.0,BMW X6,37771.0,5.0,Europe,Spain,Wholesale
23/05/2020,2020.0,BMW iX,100874.0,1.0,Asia,Japan,Wholesale
23/05/2020,2020.0,BMW 1 Series,31690.0,5.0,Asia,Thailand,Dealership
23/05/2020,2020.0,BMW 2 Series,113335.0,5.0,North America,Canada,Wholesale
23/05/2020,2020.0,BMW X1,45009.0,5.0,North America,Mexico,Dealership
24/05/2020,2020.0,BMW M2,36639.0,4.0,South America,Colombia,Dealership
25/05/2020,2020.0,BMW Z4,59052.0,4.0,Europe,Italy,Wholesale
25/05/2020,2020.0,BMW 6 Series,95199.0,4.0,South America,Colombia,Wholesale
25/05/2020,2020.0,BMW i4,50836.0,1.0,South America,Argentina,Wholesale
25/05/2020,2020.0,BMW 8 Series,80004.0,3.0,North America,Canada,Dealership
25/05/2020,2020.0,BMW i4,37907.0,5.0,South America,Brazil,Wholesale
26/05/2020,2020.0,BMW X3,80226.0,1.0,Europe,Italy,Wholesale
26/05/2020,2020.0,BMW X4,111289.0,4.0,Europe,Spain,Wholesale
26/05/2020,2020.0,BMW X6,114564.0,4.0,Asia,China,Wholesale
26/05/2020,2020.0,BMW 1 Series,118373.0,3.0,Europe,Spain,Dealership
26/05/2020,2020.0,BMW M2,117822.0,4.0,South America,Colombia,Wholesale
27/05/2020,2020.0,BMW 1 Series,65583.0,5.0,Asia,Japan,Wholesale
28/05/2020,2020.0,BMW 2 Series,42281.0,2.0,South America,Brazil,Dealership
29/05/2020,2020.0,BMW M3,50243.0,4.0,North America,United States,Dealership
29/05/2020,2020.0,BMW 3 Series,107902.0,3.0,Asia,South Korea,Dealership
29/05/2020,2020.0,BMW M3,51990.0,2.0,Europe,Italy,Dealership
29/05/2020,2020.0,BMW 4 Series,33567.0,5.0,Europe,Italy,Wholesale
30/05/2020,2020.0,BMW Z4,113725.0,5.0,Africa,Kenya,Wholesale
30/05/2020,2020.0,BMW X6,51803.0,5.0,North America,Canada,Wholesale
30/05/2020,2020.0,BMW X4,100960.0,3.0,Asia,Japan,Wholesale
30/05/2020,2020.0,BMW X6,84979.0,2.0,North America,Mexico,Wholesale
30/05/2020,2020.0,BMW X2,119838.0,5.0,Europe,Italy,Dealership
30/05/2020,2020.0,BMW 8 Series,109598.0,4.0,North America,Mexico,Dealership
31/05/2020,2020.0,BMW X6,99830.0,2.0,Africa,Egypt,Dealership
01/06/2020,2020.0,BMW 3 Series,88967.0,5.0,North America,Canada,Dealership
01/06/2020,2020.0,BMW X7,43176.0,2.0,Africa,Kenya,Wholesale
01/06/2020,2020.0,BMW X7,31915.0,4.0,South America,Argentina,Wholesale
01/06/2020,2020.0,BMW X3,78500.0,1.0,Europe,Italy,Dealership
01/06/2020,2020.0,BMW M5,109271.0,5.0,Africa,Morocco,Wholesale
01/06/2020,2020.0,BMW X5,110067.0,4.0,Asia,China,Dealership
01/06/2020,2020.0,BMW 1 Series,50526.0,3.0,Europe,Italy,Wholesale
01/06/2020,2020.0,BMW 5 Series,64723.0,5.0,North America,Canada,Wholesale
02/06/2020,2020.0,BMW M8,94390.0,1.0,North America,Mexico,Wholesale
02/06/2020,2020.0,BMW 1 Series,114577.0,4.0,North America,Mexico,Wholesale
02/06/2020,2020.0,BMW M2,54729.0,4.0,North America,United States,Wholesale
02/06/2020,2020.0,BMW M2,52744.0,2.0,South America,Chile,Wholesale
02/06/2020,2020.0,BMW M3,83912.0,5.0,Africa,Egypt,Wholesale
02/06/2020,2020.0,BMW Z4,119930.0,1.0,North America,United States,Wholesale
03/06/2020,2020.0,BMW 6 Series,58869.0,3.0,Africa,Kenya,Wholesale
03/06/2020,2020.0,BMW M2,51485.0,2.0,Africa,Morocco,Dealership
03/06/2020,2020.0,BMW X2,101210.0,5.0,Europe,Germany,Dealership
04/06/2020,2020.0,BMW iX,60845.0,1.0,South America,Chile,Dealership
04/06/2020,2020.0,BMW 3 Series,59055.0,2.0,South America,Colombia,Dealership
05/06/2020,2020.0,BMW X3,53746.0,1.0,North America,United States,Wholesale
05/06/2020,2020.0,BMW 3 Series,95088.0,1.0,Asia,South Korea,Dealership
05/06/2020,2020.0,BMW 3 Series,73938.0,2.0,South America,Argentina,Wholesale
05/06/2020,2020.0,BMW i4,84407.0,2.0,South America,Argentina,Wholesale
05/06/2020,2020.0,BMW 1 Series,58015.0,5.0,Africa,South Africa,Wholesale
05/06/2020,2020.0,BMW M2,93372.0,2.0,Asia,China,Wholesale
06/06/2020,2020.0,BMW i8,53814.0,5.0,Africa,Kenya,Wholesale
07/06/2020,2020.0,BMW 2 Series,37085.0,1.0,Africa,Morocco,Wholesale
07/06/2020,2020.0,BMW M4,79934.0,2.0,Asia,Thailand,Dealership
08/06/2020,2020.0,BMW M5,86718.0,5.0,Africa,Nigeria,Wholesale
08/06/2020,2020.0,BMW iX3,84478.0,5.0,Asia,Japan,Wholesale
09/06/2020,2020.0,BMW 7 Series,60496.0,3.0,Asia,Japan,Dealership
09/06/2020,2020.0,BMW M8,112844.0,5.0,Europe,Italy,Wholesale
09/06/2020,2020.0,BMW X2,75047.0,5.0,Africa,Morocco,Wholesale
10/06/2020,2020.0,BMW M5,68921.0,3.0,Africa,South Africa,Dealership
10/06/2020,2020.0,BMW M5,79365.0,4.0,North America,Canada,Wholesale
10/06/2020,2020.0,BMW Z4,51291.0,2.0,Asia,India,Wholesale
10/06/2020,2020.0,BMW X6,63290.0,3.0,Europe,Germany,Wholesale
10/06/2020,2020.0,BMW 3 Series,34447.0,5.0,Asia,China,Dealership
10/06/2020,2020.0,BMW M3,79119.0,5.0,Africa,South Africa,Dealership
11/06/2020,2020.0,BMW X3,103212.0,2.0,Europe,Spain,Dealership
11/06/2020,2020.0,BMW 5 Series,91850.0,1.0,Asia,Japan,Dealership
11/06/2020,2020.0,BMW 5 Series,57802.0,3.0,North America,Mexico,Dealership
11/06/2020,2020.0,BMW X4,49689.0,4.0,Asia,South Korea,Dealership
11/06/2020,2020.0,BMW 7 Series,79956.0,2.0,Africa,Kenya,Wholesale
11/06/2020,2020.0,BMW 7 Series,106915.0,2.0,Asia,India,Dealership
12/06/2020,2020.0,BMW M2,101762.0,3.0,Europe,France,Wholesale
13/06/2020,2020.0,BMW M3,92496.0,5.0,North America,Mexico,Wholesale
13/06/2020,2020.0,BMW X1,70916.0,5.0,Asia,India,Wholesale
13/06/2020,2020.0,BMW iX,119729.0,4.0,South America,Argentina,Wholesale
14/06/2020,2020.0,BMW iX,65330.0,3.0,North America,Canada,Wholesale
14/06/2020,2020.0,BMW 8 Series,38722.0,2.0,Europe,United Kingdom,Dealership
14/06/2020,2020.0,BMW 2 Series,85448.0,3.0,Asia,Japan,Wholesale
14/06/2020,2020.0,BMW 1 Series,34708.0,1.0,Europe,Germany,Dealership
14/06/2020,2020.0,BMW M5,59684.0,2.0,Africa,Kenya,Dealership
16/06/2020,2020.0,BMW 1 Series,40932.0,4.0,Africa,Morocco,Wholesale
16/06/2020,2020.0,BMW 6 Series,67589.0,4.0,Asia,Thailand,Wholesale
16/06/2020,2020.0,BMW i3,112757.0,2.0,Africa,Morocco,Wholesale
16/06/2020,2020.0,BMW X7,65241.0,5.0,South America,Colombia,Dealership
17/06/2020,2020.0,BMW 2 Series,39151.0,2.0,Africa,Nigeria,Wholesale
17/06/2020,2020.0,BMW iX3,30154.0,2.0,Africa,Nigeria,Wholesale
17/06/2020,2020.0,BMW i3,47206.0,1.0,Asia,Japan,Dealership
17/06/2020,2020.0,BMW X4,49417.0,2.0,Africa,Egypt,Dealership
17/06/2020,2020.0,BMW M8,78392.0,3.0,South America,Chile,Dealership
18/06/2020,2020.0,BMW M4,85900.0,3.0,South America,Brazil,Wholesale
19/06/2020,2020.0,BMW i4,58941.0,4.0,Europe,United Kingdom,Dealership
19/06/2020,2020.0,BMW 6 Series,50045.0,5.0,Asia,India,Wholesale
19/06/2020,2020.0,BMW M8,82584.0,4.0,Asia,Thailand,Dealership
19/06/2020,2020.0,BMW X6,75788.0,1.0,Africa,South Africa,Wholesale
20/06/2020,2020.0,BMW 8 Series,93131.0,2.0,South America,Peru,Wholesale
20/06/2020,2020.0,BMW M2,37228.0,4.0,Asia,India,Wholesale
21/06/2020,2020.0,BMW 3 Series,96500.0,2.0,Europe,France,Dealership
23/06/2020,2020.0,BMW X6,111440.0,4.0,Europe,Spain,Dealership
23/06/2020,2020.0,BMW Z4,42094.0,2.0,Africa,South Africa,Dealership
23/06/2020,2020.0,BMW X2,39775.0,4.0,Africa,Morocco,Wholesale
24/06/2020,2020.0,BMW 1 Series,66176.0,3.0,North America,United States,Dealership
25/06/2020,2020.0,BMW X6,108753.0,1.0,Africa,Morocco,Wholesale
25/06/2020,2020.0,BMW M5,65228.0,4.0,North America,United States,Dealership
25/06/2020,2020.0,BMW X2,75335.0,3.0,South America,Colombia,Wholesale
25/06/2020,2020.0,BMW 3 Series,36674.0,5.0,North America,United States,Wholesale
25/06/2020,2020.0,BMW M3,57552.0,4.0,South America,Peru,Wholesale
26/06/2020,2020.0,BMW M5,117180.0,2.0,Europe,United Kingdom,Dealership
26/06/2020,2020.0,BMW 4 Series,56055.0,1.0,North America,Canada,Wholesale
26/06/2020,2020.0,BMW iX,100477.0,3.0,Africa,Kenya,Dealership
27/06/2020,2020.0,BMW 6 Series,110439.0,3.0,North America,Mexico,Wholesale
27/06/2020,2020.0,BMW 7 Series,110004.0,1.0,South America,Chile,Dealership
29/06/2020,2020.0,BMW X3,109683.0,4.0,South America,Chile,Wholesale
29/06/2020,2020.0,BMW X4,63556.0,2.0,Europe,United Kingdom,Wholesale
30/06/2020,2020.0,BMW X1,61301.0,5.0,North America,United States,Wholesale
01/07/2020,2020.0,BMW 6 Series,70324.0,4.0,North America,Mexico,Wholesale
02/07/2020,2020.0,BMW i3,95519.0,1.0,North America,Mexico,Dealership
03/07/2020,2020.0,BMW 8 Series,70694.0,4.0,Europe,Italy,Wholesale
03/07/2020,2020.0,BMW 7 Series,60682.0,4.0,Africa,Nigeria,Wholesale
04/07/2020,2020.0,BMW 7 Series,80034.0,1.0,Europe,Germany,Wholesale
05/07/2020,2020.0,BMW 3 Series,85267.0,1.0,North America,United States,Dealership
05/07/2020,2020.0,BMW Z4,114475.0,5.0,South America,Brazil,Wholesale
05/07/2020,2020.0,BMW iX,115062.0,1.0,Europe,France,Wholesale
06/07/2020,2020.0,BMW 2 Series,83768.0,1.0,South America,Colombia,Wholesale
06/07/2020,2020.0,BMW i4,40112.0,1.0,Africa,Kenya,Wholesale
07/07/2020,2020.0,BMW 5 Series,46908.0,3.0,North America,United States,Dealership
07/07/2020,2020.0,BMW 3 Series,34153.0,1.0,Africa,South Africa,Wholesale
07/07/2020,2020.0,BMW X7,116911.0,1.0,Africa,Egypt,Wholesale
07/07/2020,2020.0,BMW X7,33017.0,1.0,North America,Canada,Wholesale
08/07/2020,2020.0,BMW X5,47744.0,5.0,Europe,France,Wholesale
09/07/2020,2020.0,BMW i3,41112.0,4.0,Africa,Morocco,Wholesale
09/07/2020,2020.0,BMW M5,104616.0,1.0,Europe,Spain,Wholesale
09/07/2020,2020.0,BMW X7,95095.0,1.0,Asia,Thailand,Dealership
10/07/2020,2020.0,BMW M5,77284.0,5.0,Europe,France,Wholesale
10/07/2020,2020.0,BMW 8 Series,99711.0,4.0,North America,Canada,Wholesale
10/07/2020,2020.0,BMW M3,65470.0,5.0,Asia,South Korea,Wholesale
11/07/2020,2020.0,BMW 2 Series,91401.0,2.0,Asia,China,Dealership
12/07/2020,2020.0,BMW Z4,106303.0,2.0,Africa,Nigeria,Dealership
13/07/2020,2020.0,BMW M2,109707.0,2.0,South America,Chile,Wholesale
13/07/2020,2020.0,BMW M8,74933.0,1.0,South America,Colombia,Wholesale
14/07/2020,2020.0,BMW iX,90887.0,5.0,Europe,Germany,Wholesale
14/07/2020,2020.0,BMW M5,34718.0,1.0,South America,Colombia,Wholesale
14/07/2020,2020.0,BMW X7,96904.0,2.0,Africa,South Africa,Wholesale
14/07/2020,2020.0,BMW M2,102940.0,4.0,North America,Mexico,Wholesale
15/07/2020,2020.0,BMW i3,52211.0,4.0,South America,Brazil,Wholesale
15/07/2020,2020.0,BMW M4,44674.0,5.0,South America,Peru,Wholesale
15/07/2020,2020.0,BMW 7 Series,59985.0,4.0,Africa,Kenya,Wholesale
16/07/2020,2020.0,BMW Z4,96944.0,2.0,Asia,Japan,Wholesale
16/07/2020,2020.0,BMW X5,106620.0,5.0,Asia,Thailand,Wholesale
16/07/2020,2020.0,BMW i3,73408.0,5.0,Asia,Thailand,Wholesale
16/07/2020,2020.0,BMW iX,44864.0,2.0,Africa,Egypt,Wholesale
17/07/2020,2020.0,BMW 2 Series,51432.0,2.0,Africa,South Africa,Wholesale
17/07/2020,2020.0,BMW i3,57100.0,2.0,South America,Brazil,Dealership
17/07/2020,2020.0,BMW 1 Series,89514.0,2.0,Europe,Italy,Wholesale
17/07/2020,2020.0,BMW 5 Series,86782.0,5.0,North America,Canada,Dealership
18/07/2020,2020.0,BMW 5 Series,88543.0,4.0,Africa,Kenya,Wholesale
18/07/2020,2020.0,BMW M4,82233.0,2.0,Asia,China,Dealership
18/07/2020,2020.0,BMW X2,43750.0,3.0,Asia,Thailand,Wholesale
19/07/2020,2020.0,BMW M2,42170.0,5.0,Africa,Morocco,Dealership
20/07/2020,2020.0,BMW iX,31376.0,1.0,Africa,South Africa,Dealership
20/07/2020,2020.0,BMW M5,63435.0,4.0,North America,United States,Wholesale
20/07/2020,2020.0,BMW 7 Series,118901.0,5.0,South America,Chile,Wholesale
20/07/2020,2020.0,BMW X7,54448.0,2.0,North America,Canada,Dealership
20/07/2020,2020.0,BMW 7 Series,58672.0,3.0,Asia,China,Wholesale
20/07/2020,2020.0,BMW 5 Series,77820.0,1.0,Africa,Kenya,Dealership
20/07/2020,2020.0,BMW 6 Series,99152.0,4.0,South America,Peru,Wholesale
21/07/2020,2020.0,BMW X2,82282.0,2.0,Africa,Kenya,Wholesale
23/07/2020,2020.0,BMW M3,96764.0,5.0,Europe,Germany,Wholesale
23/07/2020,2020.0,BMW iX,44602.0,5.0,Africa,Nigeria,Dealership
23/07/2020,2020.0,BMW iX,42155.0,4.0,South America,Brazil,Dealership
24/07/2020,2020.0,BMW X3,45229.0,3.0,Asia,Japan,Dealership
24/07/2020,2020.0,BMW M5,104648.0,2.0,North America,United States,Dealership
26/07/2020,2020.0,BMW X6,73374.0,4.0,Asia,South Korea,Wholesale
26/07/2020,2020.0,BMW X2,91969.0,4.0,Europe,Spain,Wholesale
27/07/2020,2020.0,BMW X4,76576.0,5.0,South America,Peru,Wholesale
28/07/2020,2020.0,BMW iX,96586.0,4.0,Africa,Morocco,Wholesale
28/07/2020,2020.0,BMW Z4,77879.0,1.0,Asia,India,Wholesale
28/07/2020,2020.0,BMW M8,45640.0,1.0,South America,Peru,Wholesale
28/07/2020,2020.0,BMW iX,119344.0,2.0,North America,United States,Dealership
29/07/2020,2020.0,BMW 1 Series,109314.0,4.0,South America,Argentina,Wholesale
29/07/2020,2020.0,BMW Z4,88867.0,5.0,Asia,Thailand,Wholesale
30/07/2020,2020.0,BMW X6,105165.0,2.0,Europe,United Kingdom,Wholesale
30/07/2020,2020.0,BMW i4,56644.0,3.0,South America,Peru,Wholesale
30/07/2020,2020.0,BMW X3,108561.0,5.0,Africa,Kenya,Wholesale
31/07/2020,2020.0,BMW M2,108455.0,3.0,North America,Canada,Wholesale
01/08/2020,2020.0,BMW M3,101842.0,2.0,North America,United States,Dealership
01/08/2020,2020.0,BMW X5,37943.0,1.0,South America,Peru,Wholesale
01/08/2020,2020.0,BMW iX,93128.0,5.0,South America,Colombia,Dealership
01/08/2020,2020.0,BMW Z4,116111.0,5.0,Asia,South Korea,Wholesale
01/08/2020,2020.0,BMW M4,33709.0,2.0,Africa,Egypt,Wholesale
02/08/2020,2020.0,BMW 3 Series,45326.0,5.0,Africa,Kenya,Dealership
02/08/2020,2020.0,BMW 6 Series,71206.0,5.0,North America,Mexico,Dealership
02/08/2020,2020.0,BMW iX3,71842.0,2.0,Asia,Japan,Wholesale
02/08/2020,2020.0,BMW M4,75061.0,4.0,Africa,Kenya,Wholesale
02/08/2020,2020.0,BMW X2,65017.0,2.0,North America,United States,Wholesale
03/08/2020,2020.0,BMW X5,97562.0,5.0,Asia,Thailand,Dealership
03/08/2020,2020.0,BMW M4,113463.0,2.0,North America,United States,Wholesale
03/08/2020,2020.0,BMW M4,104423.0,5.0,Asia,Thailand,Dealership
03/08/2020,2020.0,BMW X2,59511.0,3.0,Asia,South Korea,Wholesale
03/08/2020,2020.0,BMW X7,76921.0,3.0,South America,Peru,Dealership
04/08/2020,2020.0,BMW X4,92645.0,1.0,Asia,South Korea,Wholesale
04/08/2020,2020.0,BMW 5 Series,111468.0,2.0,Asia,China,Wholesale
05/08/2020,2020.0,BMW M4,112632.0,2.0,Asia,India,Dealership
05/08/2020,2020.0,BMW X4,39570.0,3.0,South America,Chile,Wholesale
06/08/2020,2020.0,BMW X1,99131.0,3.0,North America,Mexico,Wholesale
06/08/2020,2020.0,BMW 4 Series,40624.0,3.0,South America,Chile,Wholesale
07/08/2020,2020.0,BMW i8,103098.0,1.0,Africa,Egypt,Dealership
07/08/2020,2020.0,BMW X5,40739.0,1.0,North America,Canada,Wholesale
08/08/2020,2020.0,BMW i3,117657.0,4.0,Europe,United Kingdom,Wholesale
08/08/2020,2020.0,BMW X6,79101.0,2.0,Africa,Nigeria,Wholesale
08/08/2020,2020.0,BMW X1,53547.0,1.0,South America,Brazil,Dealership
08/08/2020,2020.0,BMW 2 Series,35939.0,5.0,Asia,Japan,Wholesale
09/08/2020,2020.0,BMW M2,67079.0,2.0,Europe,Germany,Wholesale
09/08/2020,2020.0,BMW iX3,48982.0,4.0,Asia,Thailand,Wholesale
09/08/2020,2020.0,BMW 3 Series,116798.0,3.0,Africa,Kenya,Wholesale
10/08/2020,2020.0,BMW i8,40004.0,4.0,Asia,South Korea,Wholesale
10/08/2020,2020.0,BMW i3,118770.0,2.0,South America,Brazil,Dealership
10/08/2020,2020.0,BMW X5,95480.0,3.0,North America,Canada,Wholesale
11/08/2020,2020.0,BMW X2,45802.0,4.0,South America,Colombia,Dealership
11/08/2020,2020.0,BMW X5,76678.0,4.0,Europe,Italy,Wholesale
11/08/2020,2020.0,BMW 7 Series,46490.0,2.0,South America,Chile,Wholesale
11/08/2020,2020.0,BMW X7,70794.0,1.0,Africa,Morocco,Wholesale
12/08/2020,2020.0,BMW M4,55789.0,5.0,Europe,Spain,Wholesale
12/08/2020,2020.0,BMW X1,53051.0,4.0,Asia,Japan,Dealership
13/08/2020,2020.0,BMW 1 Series,45213.0,5.0,Africa,Morocco,Online
13/08/2020,2020.0,BMW iX,113449.0,2.0,North America,Mexico,Wholesale
13/08/2020,2020.0,BMW i3,94877.0,2.0,Asia,South Korea,Wholesale
13/08/2020,2020.0,BMW X6,100561.0,1.0,North America,United States,Online
14/08/2020,2020.0,BMW iX3,86636.0,3.0,Asia,China,Online
14/08/2020,2020.0,BMW X6,98347.0,5.0,Asia,Thailand,Wholesale
15/08/2020,2020.0,BMW M2,102246.0,4.0,Africa,Nigeria,Wholesale
15/08/2020,2020.0,BMW 7 Series,48697.0,3.0,Asia,China,Wholesale
17/08/2020,2020.0,BMW iX,34696.0,5.0,Europe,United Kingdom,Online
17/08/2020,2020.0,BMW X4,57039.0,5.0,Europe,Germany,Wholesale
18/08/2020,2020.0,BMW 2 Series,48408.0,3.0,Africa,Nigeria,Wholesale
18/08/2020,2020.0,BMW 6 Series,69883.0,3.0,North America,Mexico,Wholesale
19/08/2020,2020.0,BMW 7 Series,73634.0,1.0,South America,Argentina,Online
20/08/2020,2020.0,BMW X5,53511.0,4.0,South America,Colombia,Online
20/08/2020,2020.0,BMW X7,87450.0,4.0,Europe,France,Wholesale
20/08/2020,2020.0,BMW i4,66102.0,4.0,Africa,South Africa,Online
21/08/2020,2020.0,BMW iX,57948.0,3.0,Asia,Thailand,Dealership
21/08/2020,2020.0,BMW 1 Series,117050.0,1.0,Asia,India,Wholesale
21/08/2020,2020.0,BMW 4 Series,91407.0,2.0,North America,United States,Wholesale
21/08/2020,2020.0,BMW iX,38418.0,1.0,North America,United States,Online
21/08/2020,2020.0,BMW 8 Series,102138.0,3.0,South America,Brazil,Online
22/08/2020,2020.0,BMW i3,87148.0,1.0,Europe,United Kingdom,Wholesale
22/08/2020,2020.0,BMW M3,94975.0,3.0,Asia,Japan,Wholesale
23/08/2020,2020.0,BMW X6,94143.0,5.0,Asia,Japan,Dealership
23/08/2020,2020.0,BMW i4,53003.0,5.0,South America,Peru,Online
23/08/2020,2020.0,BMW 3 Series,39275.0,2.0,Africa,Kenya,Online
24/08/2020,2020.0,BMW M8,46396.0,5.0,Asia,China,Wholesale
24/08/2020,2020.0,BMW X6,61288.0,2.0,Africa,Nigeria,Wholesale
24/08/2020,2020.0,BMW M5,95876.0,4.0,Europe,Spain,Wholesale
25/08/2020,2020.0,BMW 4 Series,62001.0,3.0,Europe,Spain,Online
25/08/2020,2020.0,BMW i4,48277.0,4.0,South America,Argentina,Wholesale
26/08/2020,2020.0,BMW X6,72605.0,4.0,South America,Colombia,Online
27/08/2020,2020.0,BMW 1 Series,36122.0,2.0,South America,Colombia,Online
27/08/2020,2020.0,BMW X5,53807.0,3.0,Europe,Italy,Dealership
27/08/2020,2020.0,BMW X2,102161.0,2.0,North America,Canada,Online
28/08/2020,2020.0,BMW iX,49843.0,1.0,Asia,Thailand,Dealership
28/08/2020,2020.0,BMW 3 Series,81137.0,4.0,North America,United States,Dealership
29/08/2020,2020.0,BMW X4,84757.0,3.0,Africa,South Africa,Wholesale
29/08/2020,2020.0,BMW 2 Series,44821.0,4.0,North America,Mexico,Wholesale
30/08/2020,2020.0,BMW X1,61979.0,1.0,Africa,Egypt,Online
30/08/2020,2020.0,BMW X2,40726.0,1.0,Asia,Japan,Wholesale
30/08/2020,2020.0,BMW 6 Series,51780.0,3.0,Africa,South Africa,Wholesale
31/08/2020,2020.0,BMW 2 Series,98897.0,3.0,South America,Peru,Wholesale
31/08/2020,2020.0,BMW X1,72202.0,1.0,Asia,China,Dealership
01/09/2020,2020.0,BMW 1 Series,70849.0,4.0,North America,Mexico,Wholesale
01/09/2020,2020.0,BMW 7 Series,62740.0,5.0,South America,Chile,Wholesale
03/09/2020,2020.0,BMW iX3,81894.0,4.0,Asia,South Korea,Dealership
03/09/2020,2020.0,BMW i8,108405.0,5.0,Africa,Egypt,Wholesale
04/09/2020,2020.0,BMW M5,68019.0,2.0,Africa,Nigeria,Wholesale
05/09/2020,2020.0,BMW 5 Series,83140.0,3.0,South America,Chile,Wholesale
05/09/2020,2020.0,BMW Z4,45161.0,1.0,Africa,Kenya,Online
05/09/2020,2020.0,BMW X7,34234.0,2.0,Europe,France,Online
05/09/2020,2020.0,BMW i8,83014.0,4.0,Asia,Thailand,Online
05/09/2020,2020.0,BMW iX,116513.0,5.0,North America,United States,Wholesale
05/09/2020,2020.0,BMW X7,62624.0,3.0,Europe,Spain,Online
06/09/2020,2020.0,BMW iX,45740.0,5.0,North America,Canada,Online
06/09/2020,2020.0,BMW iX,90117.0,4.0,North America,Mexico,Online
07/09/2020,2020.0,BMW iX3,107613.0,4.0,Asia,Japan,Online
08/09/2020,2020.0,BMW i3,91531.0,1.0,Europe,Italy,Dealership
08/09/2020,2020.0,BMW 8 Series,32170.0,2.0,Europe,Italy,Online
08/09/2020,2020.0,BMW X1,61535.0,3.0,South America,Peru,Wholesale
09/09/2020,2020.0,BMW M2,100819.0,1.0,Europe,Spain,Online
09/09/2020,2020.0,BMW X7,66593.0,5.0,Africa,Nigeria,Dealership
10/09/2020,2020.0,BMW M4,38484.0,2.0,North America,Mexico,Dealership
10/09/2020,2020.0,BMW X7,33665.0,3.0,South America,Peru,Wholesale
11/09/2020,2020.0,BMW X5,108845.0,5.0,Asia,China,Dealership
11/09/2020,2020.0,BMW i8,89026.0,3.0,North America,United States,Dealership
11/09/2020,2020.0,BMW 3 Series,70584.0,3.0,South America,Peru,Dealership
12/09/2020,2020.0,BMW 3 Series,114147.0,2.0,Africa,Kenya,Dealership
12/09/2020,2020.0,BMW 8 Series,37089.0,5.0,Europe,Germany,Online
12/09/2020,2020.0,BMW X3,34115.0,1.0,South America,Brazil,Online
13/09/2020,2020.0,BMW 5 Series,88559.0,1.0,North America,Mexico,Dealership
13/09/2020,2020.0,BMW i8,47945.0,1.0,Europe,United Kingdom,Dealership
13/09/2020,2020.0,BMW M4,62401.0,3.0,North America,Mexico,Online
14/09/2020,2020.0,BMW 7 Series,115381.0,4.0,Asia,India,Wholesale
14/09/2020,2020.0,BMW X1,116854.0,2.0,Europe,Germany,Online
14/09/2020,2020.0,BMW X7,42413.0,1.0,North America,Mexico,Dealership
14/09/2020,2020.0,BMW 4 Series,91776.0,2.0,Asia,India,Online
14/09/2020,2020.0,BMW X4,101041.0,3.0,South America,Colombia,Wholesale
14/09/2020,2020.0,BMW M4,37131.0,2.0,Africa,South Africa,Wholesale
15/09/2020,2020.0,BMW 7 Series,62208.0,1.0,Europe,Italy,Wholesale
15/09/2020,2020.0,BMW 2 Series,110202.0,1.0,North America,Mexico,Online
15/09/2020,2020.0,BMW 1 Series,79573.0,3.0,Asia,Thailand,Dealership
15/09/2020,2020.0,BMW M4,78604.0,3.0,Africa,Morocco,Dealership
16/09/2020,2020.0,BMW 8 Series,99468.0,5.0,South America,Colombia,Online
16/09/2020,2020.0,BMW Z4,34137.0,3.0,Asia,Thailand,Dealership
16/09/2020,2020.0,BMW M3,72044.0,4.0,North America,Mexico,Wholesale
17/09/2020,2020.0,BMW X4,65862.0,4.0,Europe,United Kingdom,Dealership
17/09/2020,2020.0,BMW X4,78514.0,1.0,Africa,Kenya,Wholesale
17/09/2020,2020.0,BMW M8,55522.0,3.0,Asia,Japan,Dealership
18/09/2020,2020.0,BMW 5 Series,69258.0,4.0,Asia,China,Dealership
18/09/2020,2020.0,BMW X2,37391.0,4.0,North America,Canada,Dealership
18/09/2020,2020.0,BMW i3,61657.0,5.0,North America,Canada,Dealership
18/09/2020,2020.0,BMW 6 Series,90712.0,3.0,Africa,Morocco,Online
18/09/2020,2020.0,BMW iX,53581.0,5.0,South America,Colombia,Wholesale
18/09/2020,2020.0,BMW 7 Series,67669.0,2.0,South America,Brazil,Wholesale
19/09/2020,2020.0,BMW M8,113035.0,5.0,North America,Canada,Online
19/09/2020,2020.0,BMW X1,33846.0,2.0,Africa,Morocco,Dealership
20/09/2020,2020.0,BMW X4,58325.0,2.0,North America,United States,Dealership
21/09/2020,2020.0,BMW 7 Series,98718.0,3.0,South America,Chile,Wholesale
21/09/2020,2020.0,BMW X2,89317.0,2.0,Europe,Italy,Dealership
22/09/2020,2020.0,BMW 2 Series,58210.0,2.0,South America,Peru,Wholesale
22/09/2020,2020.0,BMW iX3,52485.0,5.0,Africa,Nigeria,Wholesale
22/09/2020,2020.0,BMW 3 Series,62175.0,3.0,North America,Mexico,Dealership
23/09/2020,2020.0,BMW 1 Series,47806.0,3.0,North America,Mexico,Wholesale
23/09/2020,2020.0,BMW i3,60093.0,2.0,Asia,Japan,Wholesale
24/09/2020,2020.0,BMW X4,100267.0,5.0,Europe,Germany,Wholesale
24/09/2020,2020.0,BMW 3 Series,89341.0,5.0,South America,Chile,Dealership
24/09/2020,2020.0,BMW 1 Series,82164.0,5.0,Africa,Morocco,Dealership
24/09/2020,2020.0,BMW M4,58577.0,5.0,South America,Argentina,Wholesale
24/09/2020,2020.0,BMW X4,33518.0,1.0,Africa,Nigeria,Dealership
25/09/2020,2020.0,BMW i4,48535.0,2.0,Asia,China,Online
26/09/2020,2020.0,BMW Z4,81998.0,2.0,North America,United States,Online
26/09/2020,2020.0,BMW 6 Series,47942.0,2.0,Europe,Italy,Wholesale
26/09/2020,2020.0,BMW 6 Series,37261.0,3.0,Europe,Italy,Online
27/09/2020,2020.0,BMW iX,68334.0,3.0,Europe,Germany,Dealership
28/09/2020,2020.0,BMW M4,53070.0,5.0,North America,Canada,Online
28/09/2020,2020.0,BMW M2,106197.0,3.0,Africa,Nigeria,Wholesale
29/09/2020,2020.0,BMW M4,56921.0,4.0,North America,United States,Wholesale
29/09/2020,2020.0,BMW M5,33868.0,2.0,Asia,India,Wholesale
30/09/2020,2020.0,BMW M4,46820.0,2.0,South America,Brazil,Wholesale
30/09/2020,2020.0,BMW M3,69927.0,1.0,North America,Canada,Dealership
30/09/2020,2020.0,BMW M3,30992.0,1.0,Europe,Spain,Wholesale
01/10/2020,2020.0,BMW iX,35731.0,4.0,North America,United States,Dealership
02/10/2020,2020.0,BMW X3,105979.0,1.0,Asia,China,Dealership
02/10/2020,2020.0,BMW 2 Series,60743.0,5.0,South America,Chile,Wholesale
02/10/2020,2020.0,BMW M3,102964.0,5.0,Africa,South Africa,Online
03/10/2020,2020.0,BMW Z4,79851.0,2.0,South America,Chile,Wholesale
04/10/2020,2020.0,BMW 5 Series,68389.0,5.0,South America,Argentina,Wholesale
04/10/2020,2020.0,BMW 3 Series,94414.0,1.0,South America,Argentina,Wholesale
05/10/2020,2020.0,BMW i4,33554.0,4.0,North America,Mexico,Online
05/10/2020,2020.0,BMW X6,84598.0,5.0,North America,Mexico,Online
06/10/2020,2020.0,BMW X1,91240.0,2.0,Europe,Italy,Dealership
06/10/2020,2020.0,BMW i3,43613.0,2.0,Asia,Japan,Wholesale
07/10/2020,2020.0,BMW i8,100459.0,1.0,Europe,Spain,Wholesale
07/10/2020,2020.0,BMW M5,106907.0,5.0,Europe,Germany,Dealership
07/10/2020,2020.0,BMW 3 Series,68865.0,1.0,South America,Colombia,Dealership
08/10/2020,2020.0,BMW 4 Series,33710.0,2.0,South America,Peru,Dealership
09/10/2020,2020.0,BMW i8,106045.0,4.0,South America,Brazil,Online
09/10/2020,2020.0,BMW Z4,39644.0,5.0,North America,United States,Wholesale
10/10/2020,2020.0,BMW M4,55545.0,4.0,Africa,Egypt,Online
10/10/2020,2020.0,BMW M2,115398.0,5.0,North America,Mexico,Online
10/10/2020,2020.0,BMW i4,92468.0,2.0,Asia,China,Wholesale
10/10/2020,2020.0,BMW iX,45327.0,5.0,Africa,Morocco,Online
11/10/2020,2020.0,BMW Z4,70428.0,2.0,Europe,Spain,Wholesale
11/10/2020,2020.0,BMW M5,105940.0,3.0,Asia,South Korea,Wholesale
11/10/2020,2020.0,BMW X7,87505.0,2.0,Africa,Egypt,Online
12/10/2020,2020.0,BMW iX3,79926.0,2.0,Africa,Egypt,Dealership
13/10/2020,2020.0,BMW iX3,80423.0,5.0,Europe,France,Online
13/10/2020,2020.0,BMW M2,104229.0,4.0,South America,Argentina,Wholesale
14/10/2020,2020.0,BMW X2,40786.0,2.0,Europe,Spain,Online
15/10/2020,2020.0,BMW 1 Series,98723.0,5.0,Africa,Kenya,Online
15/10/2020,2020.0,BMW i8,109439.0,2.0,Europe,Spain,Dealership
15/10/2020,2020.0,BMW i8,65552.0,1.0,Africa,Kenya,Online
15/10/2020,2020.0,BMW X3,116223.0,1.0,South America,Brazil,Online
15/10/2020,2020.0,BMW X6,96917.0,1.0,North America,Canada,Wholesale
16/10/2020,2020.0,BMW M4,97863.0,1.0,Africa,Morocco,Online
16/10/2020,2020.0,BMW 2 Series,41766.0,4.0,South America,Colombia,Wholesale
16/10/2020,2020.0,BMW X5,44199.0,2.0,Africa,Nigeria,Wholesale
16/10/2020,2020.0,BMW X2,78024.0,1.0,North America,United States,Wholesale
16/10/2020,2020.0,BMW X3,79645.0,5.0,Asia,China,Wholesale
17/10/2020,2020.0,BMW iX,46217.0,1.0,South America,Peru,Online
17/10/2020,2020.0,BMW iX,54188.0,3.0,Europe,Spain,Dealership
17/10/2020,2020.0,BMW iX,49282.0,3.0,Africa,Morocco,Wholesale
18/10/2020,2020.0,BMW i8,97398.0,4.0,Africa,Nigeria,Dealership
18/10/2020,2020.0,BMW X6,112331.0,3.0,North America,Canada,Dealership
18/10/2020,2020.0,BMW 7 Series,119037.0,5.0,North America,United States,Online
18/10/2020,2020.0,BMW M2,67575.0,1.0,Europe,Italy,Dealership
18/10/2020,2020.0,BMW X7,115049.0,3.0,Asia,India,Online
19/10/2020,2020.0,BMW 7 Series,92582.0,3.0,Asia,South Korea,Dealership
19/10/2020,2020.0,BMW iX,101121.0,4.0,Asia,China,Dealership
19/10/2020,2020.0,BMW iX,107365.0,3.0,Africa,Nigeria,Wholesale
20/10/2020,2020.0,BMW iX3,94255.0,1.0,Africa,Kenya,Online
21/10/2020,2020.0,BMW 5 Series,38556.0,2.0,Asia,Japan,Online
21/10/2020,2020.0,BMW M3,102307.0,1.0,Europe,United Kingdom,Wholesale
21/10/2020,2020.0,BMW M8,65386.0,3.0,Asia,Thailand,Wholesale
22/10/2020,2020.0,BMW 5 Series,50929.0,3.0,Africa,Egypt,Dealership
22/10/2020,2020.0,BMW M8,103131.0,3.0,Europe,France,Wholesale
23/10/2020,2020.0,BMW M4,72936.0,4.0,South America,Peru,Online
24/10/2020,2020.0,BMW M5,88812.0,5.0,Europe,France,Wholesale
24/10/2020,2020.0,BMW X2,114961.0,1.0,South America,Colombia,Wholesale
24/10/2020,2020.0,BMW 2 Series,94843.0,3.0,South America,Peru,Wholesale
24/10/2020,2020.0,BMW X3,83804.0,2.0,South America,Chile,Dealership
25/10/2020,2020.0,BMW X4,41971.0,4.0,Africa,Morocco,Wholesale
25/10/2020,2020.0,BMW M5,99767.0,5.0,North America,Canada,Wholesale
25/10/2020,2020.0,BMW 4 Series,116613.0,3.0,Africa,South Africa,Wholesale
25/10/2020,2020.0,BMW M2,92456.0,1.0,North America,Mexico,Online
26/10/2020,2020.0,BMW i4,52066.0,2.0,North America,Mexico,Dealership
26/10/2020,2020.0,BMW i4,51901.0,4.0,Africa,Egypt,Wholesale
27/10/2020,2020.0,BMW X1,57313.0,1.0,South America,Chile,Dealership
28/10/2020,2020.0,BMW M8,32478.0,1.0,Asia,China,Wholesale
28/10/2020,2020.0,BMW M2,59218.0,4.0,Europe,France,Online
28/10/2020,2020.0,BMW 1 Series,51471.0,1.0,South America,Chile,Wholesale
29/10/2020,2020.0,BMW 1 Series,82169.0,2.0,South America,Chile,Online
29/10/2020,2020.0,BMW i8,39028.0,2.0,Europe,Italy,Wholesale
30/10/2020,2020.0,BMW X2,115441.0,1.0,Asia,China,Dealership
30/10/2020,2020.0,BMW M4,90661.0,3.0,Africa,South Africa,Dealership
30/10/2020,2020.0,BMW 6 Series,96092.0,1.0,North America,Mexico,Wholesale
30/10/2020,2020.0,BMW iX,74874.0,3.0,Europe,France,Dealership
30/10/2020,2020.0,BMW M8,119949.0,1.0,South America,Brazil,Dealership
31/10/2020,2020.0,BMW X2,91083.0,5.0,Europe,France,Online
31/10/2020,2020.0,BMW M5,69718.0,2.0,South America,Argentina,Dealership
01/11/2020,2020.0,BMW X2,30168.0,1.0,Africa,Kenya,Online
01/11/2020,2020.0,BMW 6 Series,68280.0,2.0,Europe,France,Online
01/11/2020,2020.0,BMW M4,60539.0,4.0,South America,Peru,Wholesale
02/11/2020,2020.0,BMW M5,63351.0,5.0,Asia,China,Wholesale
03/11/2020,2020.0,BMW 8 Series,64713.0,3.0,Europe,Germany,Wholesale
03/11/2020,2020.0,BMW 2 Series,54707.0,4.0,Africa,Nigeria,Dealership
04/11/2020,2020.0,BMW M5,78101.0,5.0,South America,Argentina,Dealership
04/11/2020,2020.0,BMW iX,97542.0,4.0,North America,Canada,Wholesale
04/11/2020,2020.0,BMW M2,37500.0,2.0,South America,Brazil,Dealership
05/11/2020,2020.0,BMW 6 Series,67702.0,5.0,Africa,Morocco,Wholesale
05/11/2020,2020.0,BMW M5,62970.0,4.0,Africa,Morocco,Wholesale
06/11/2020,2020.0,BMW i8,47751.0,3.0,South America,Colombia,Online
06/11/2020,2020.0,BMW M3,110210.0,5.0,Africa,South Africa,Online
06/11/2020,2020.0,BMW i4,55147.0,5.0,North America,Mexico,Online
06/11/2020,2020.0,BMW i4,69882.0,4.0,Africa,Nigeria,Wholesale
07/11/2020,2020.0,BMW iX,96247.0,1.0,Europe,Italy,Online
07/11/2020,2020.0,BMW iX,30029.0,3.0,Asia,South Korea,Online
07/11/2020,2020.0,BMW X6,79089.0,3.0,Africa,South Africa,Dealership
08/11/2020,2020.0,BMW i3,118617.0,4.0,Africa,Nigeria,Wholesale
08/11/2020,2020.0,BMW X2,90379.0,2.0,Africa,Nigeria,Dealership
09/11/2020,2020.0,BMW X1,56272.0,2.0,North America,United States,Dealership
09/11/2020,2020.0,BMW 8 Series,79868.0,1.0,Africa,Egypt,Wholesale
10/11/2020,2020.0,BMW X7,45941.0,1.0,North America,United States,Wholesale
10/11/2020,2020.0,BMW X1,38915.0,4.0,North America,United States,Dealership
10/11/2020,2020.0,BMW iX,34661.0,2.0,South America,Brazil,Dealership
11/11/2020,2020.0,BMW iX,112420.0,3.0,Europe,France,Online
13/11/2020,2020.0,BMW i4,105909.0,2.0,Africa,Egypt,Wholesale
13/11/2020,2020.0,BMW 2 Series,44987.0,4.0,Africa,Egypt,Online
13/11/2020,2020.0,BMW i4,51777.0,2.0,North America,Canada,Wholesale
14/11/2020,2020.0,BMW X4,81586.0,5.0,Europe,United Kingdom,Dealership
14/11/2020,2020.0,BMW iX3,47344.0,4.0,Africa,Morocco,Online
14/11/2020,2020.0,BMW 7 Series,33062.0,5.0,South America,Chile,Dealership
14/11/2020,2020.0,BMW iX3,80785.0,4.0,North America,United States,Wholesale
14/11/2020,2020.0,BMW X7,104678.0,3.0,South America,Colombia,Wholesale
14/11/2020,2020.0,BMW M3,85131.0,4.0,North America,United States,Dealership
15/11/2020,2020.0,BMW iX,35151.0,4.0,Europe,France,Wholesale
15/11/2020,2020.0,BMW 3 Series,43133.0,4.0,Africa,Nigeria,Online
15/11/2020,2020.0,BMW Z4,98512.0,4.0,South America,Chile,Online
15/11/2020,2020.0,BMW 5 Series,35736.0,1.0,North America,United States,Dealership
15/11/2020,2020.0,BMW 6 Series,42521.0,5.0,Asia,China,Online
16/11/2020,2020.0,BMW X7,60262.0,4.0,Asia,Japan,Online
17/11/2020,2020.0,BMW X7,35870.0,4.0,Europe,United Kingdom,Online
17/11/2020,2020.0,BMW M5,72530.0,1.0,Asia,China,Wholesale
17/11/2020,2020.0,BMW Z4,70785.0,2.0,South America,Argentina,Wholesale
17/11/2020,2020.0,BMW iX,55015.0,1.0,North America,United States,Wholesale
18/11/2020,2020.0,BMW 3 Series,76431.0,1.0,South America,Argentina,Dealership
18/11/2020,2020.0,BMW 8 Series,60134.0,1.0,South America,Colombia,Wholesale
19/11/2020,2020.0,BMW M2,36654.0,4.0,North America,Mexico,Wholesale
19/11/2020,2020.0,BMW M8,36458.0,1.0,Africa,Morocco,Dealership
19/11/2020,2020.0,BMW M3,31365.0,1.0,Europe,Germany,Online
20/11/2020,2020.0,BMW 8 Series,45432.0,1.0,North America,United States,Dealership
20/11/2020,2020.0,BMW i8,43646.0,4.0,Asia,South Korea,Online
20/11/2020,2020.0,BMW X4,89895.0,3.0,South America,Argentina,Wholesale
20/11/2020,2020.0,BMW i8,75594.0,3.0,Asia,Japan,Wholesale
20/11/2020,2020.0,BMW X3,62835.0,2.0,South America,Peru,Dealership
20/11/2020,2020.0,BMW M8,43850.0,4.0,South America,Argentina,Wholesale
21/11/2020,2020.0,BMW X1,69502.0,1.0,Europe,United Kingdom,Dealership
21/11/2020,2020.0,BMW X7,116180.0,1.0,South America,Colombia,Wholesale
21/11/2020,2020.0,BMW M8,88936.0,1.0,Africa,South Africa,Wholesale
22/11/2020,2020.0,BMW 7 Series,103396.0,3.0,North America,Canada,Dealership
22/11/2020,2020.0,BMW 7 Series,110846.0,1.0,South America,Chile,Online
22/11/2020,2020.0,BMW X6,91720.0,1.0,Africa,Morocco,Dealership
22/11/2020,2020.0,BMW X5,115309.0,3.0,South America,Brazil,Dealership
22/11/2020,2020.0,BMW X1,95030.0,1.0,Europe,France,Dealership
22/11/2020,2020.0,BMW i8,62194.0,2.0,Asia,China,Online
23/11/2020,2020.0,BMW M4,47460.0,5.0,North America,United States,Wholesale
23/11/2020,2020.0,BMW X3,37488.0,2.0,Africa,Egypt,Wholesale
24/11/2020,2020.0,BMW M5,102168.0,4.0,South America,Colombia,Dealership
24/11/2020,2020.0,BMW 2 Series,50639.0,2.0,Asia,South Korea,Wholesale
25/11/2020,2020.0,BMW X1,74254.0,2.0,Africa,South Africa,Wholesale
25/11/2020,2020.0,BMW iX,64833.0,3.0,Europe,Spain,Wholesale
26/11/2020,2020.0,BMW X6,46587.0,4.0,Asia,Japan,Dealership
26/11/2020,2020.0,BMW iX,92309.0,2.0,Europe,United Kingdom,Dealership
27/11/2020,2020.0,BMW M8,77631.0,5.0,Africa,Egypt,Wholesale
28/11/2020,2020.0,BMW iX3,48050.0,2.0,Africa,South Africa,Wholesale
28/11/2020,2020.0,BMW i4,104884.0,1.0,North America,Canada,Online
28/11/2020,2020.0,BMW 3 Series,104736.0,3.0,South America,Brazil,Dealership
28/11/2020,2020.0,BMW 8 Series,63457.0,1.0,Africa,Morocco,Dealership
28/11/2020,2020.0,BMW X2,112277.0,4.0,North America,Mexico,Online
29/11/2020,2020.0,BMW i3,66069.0,4.0,Africa,Egypt,Dealership
30/11/2020,2020.0,BMW X7,84354.0,3.0,Europe,France,Dealership
01/12/2020,2020.0,BMW i3,38208.0,2.0,Africa,Egypt,Online
01/12/2020,2020.0,BMW 8 Series,59060.0,4.0,Asia,India,Dealership
01/12/2020,2020.0,BMW 2 Series,62390.0,5.0,North America,Mexico,Dealership
01/12/2020,2020.0,BMW M4,92771.0,3.0,Europe,United Kingdom,Dealership
01/12/2020,2020.0,BMW 1 Series,33321.0,1.0,Africa,Kenya,Online
02/12/2020,2020.0,BMW 1 Series,113944.0,5.0,Africa,South Africa,Dealership
02/12/2020,2020.0,BMW X2,38390.0,3.0,North America,Mexico,Dealership
02/12/2020,2020.0,BMW X7,65521.0,5.0,Europe,France,Wholesale
02/12/2020,2020.0,BMW 5 Series,46643.0,3.0,Africa,Nigeria,Wholesale
02/12/2020,2020.0,BMW X3,106591.0,1.0,North America,Canada,Wholesale
03/12/2020,2020.0,BMW i4,82460.0,2.0,South America,Colombia,Online
03/12/2020,2020.0,BMW 4 Series,46705.0,3.0,South America,Argentina,Dealership
03/12/2020,2020.0,BMW M3,108943.0,4.0,North America,United States,Online
04/12/2020,2020.0,BMW M5,117372.0,1.0,Africa,Kenya,Dealership
04/12/2020,2020.0,BMW X4,101626.0,1.0,Africa,Morocco,Online
04/12/2020,2020.0,BMW M3,87198.0,5.0,Europe,United Kingdom,Online
04/12/2020,2020.0,BMW M8,117983.0,4.0,Europe,France,Wholesale
05/12/2020,2020.0,BMW 7 Series,114257.0,5.0,Africa,Egypt,Dealership
05/12/2020,2020.0,BMW X1,53196.0,1.0,Asia,Thailand,Online
05/12/2020,2020.0,BMW 6 Series,98315.0,3.0,Africa,Egypt,Wholesale
05/12/2020,2020.0,BMW X2,72380.0,4.0,North America,United States,Dealership
06/12/2020,2020.0,BMW i3,34837.0,1.0,Europe,Italy,Wholesale
06/12/2020,2020.0,BMW 2 Series,54744.0,4.0,Europe,France,Wholesale
07/12/2020,2020.0,BMW X2,99579.0,3.0,North America,United States,Dealership
07/12/2020,2020.0,BMW Z4,74388.0,2.0,South America,Colombia,Dealership
08/12/2020,2020.0,BMW 5 Series,88769.0,5.0,Europe,Italy,Online
08/12/2020,2020.0,BMW 8 Series,112922.0,5.0,Europe,Germany,Dealership
08/12/2020,2020.0,BMW M8,78814.0,1.0,South America,Chile,Wholesale
08/12/2020,2020.0,BMW 5 Series,37139.0,1.0,Africa,Egypt,Online
09/12/2020,2020.0,BMW i3,34507.0,3.0,North America,Mexico,Dealership
10/12/2020,2020.0,BMW X5,56620.0,1.0,Asia,Japan,Dealership
10/12/2020,2020.0,BMW M5,39669.0,1.0,North America,United States,Dealership
11/12/2020,2020.0,BMW X6,54718.0,1.0,Asia,China,Online
11/12/2020,2020.0,BMW 8 Series,76908.0,4.0,Europe,Germany,Wholesale
11/12/2020,2020.0,BMW M2,89115.0,4.0,Asia,India,Dealership
11/12/2020,2020.0,BMW 5 Series,52413.0,2.0,South America,Colombia,Online
11/12/2020,2020.0,BMW X6,47305.0,4.0,South America,Colombia,Dealership
12/12/2020,2020.0,BMW 1 Series,73953.0,5.0,Asia,India,Online
12/12/2020,2020.0,BMW M2,64263.0,2.0,North America,Mexico,Wholesale
13/12/2020,2020.0,BMW 1 Series,75471.0,1.0,North America,Canada,Online
13/12/2020,2020.0,BMW X7,64120.0,5.0,Africa,Morocco,Dealership
13/12/2020,2020.0,BMW 7 Series,101384.0,2.0,Africa,Morocco,Wholesale
13/12/2020,2020.0,BMW X2,103721.0,2.0,Africa,South Africa,Wholesale
14/12/2020,2020.0,BMW M2,49579.0,5.0,South America,Colombia,Wholesale
15/12/2020,2020.0,BMW 1 Series,108330.0,2.0,Asia,China,Wholesale
16/12/2020,2020.0,BMW X2,91609.0,5.0,Africa,Egypt,Wholesale
17/12/2020,2020.0,BMW 7 Series,39718.0,2.0,North America,Canada,Wholesale
17/12/2020,2020.0,BMW 4 Series,32859.0,2.0,Europe,France,Online
17/12/2020,2020.0,BMW 7 Series,39533.0,2.0,Africa,Kenya,Online
18/12/2020,2020.0,BMW M2,97500.0,5.0,Asia,India,Online
18/12/2020,2020.0,BMW 7 Series,99914.0,2.0,Asia,Thailand,Dealership
18/12/2020,2020.0,BMW X3,32921.0,4.0,Africa,Kenya,Online
20/12/2020,2020.0,BMW X1,33498.0,4.0,North America,United States,Dealership
21/12/2020,2020.0,BMW Z4,113731.0,4.0,South America,Brazil,Wholesale
21/12/2020,2020.0,BMW iX,105877.0,4.0,North America,Mexico,Online
21/12/2020,2020.0,BMW 7 Series,95107.0,4.0,South America,Peru,Wholesale
21/12/2020,2020.0,BMW 2 Series,44698.0,1.0,South America,Colombia,Dealership
22/12/2020,2020.0,BMW X6,109833.0,2.0,South America,Argentina,Dealership
22/12/2020,2020.0,BMW X7,73871.0,3.0,Europe,United Kingdom,Dealership
23/12/2020,2020.0,BMW i4,32684.0,1.0,Africa,Egypt,Online
23/12/2020,2020.0,BMW 8 Series,42767.0,5.0,Europe,Germany,Wholesale
23/12/2020,2020.0,BMW 3 Series,43531.0,1.0,Asia,Japan,Dealership
23/12/2020,2020.0,BMW M5,85211.0,3.0,South America,Colombia,Dealership
24/12/2020,2020.0,BMW 2 Series,36775.0,1.0,Asia,Japan,Dealership
24/12/2020,2020.0,BMW 8 Series,76478.0,2.0,Asia,Thailand,Wholesale
24/12/2020,2020.0,BMW 8 Series,119179.0,4.0,Europe,United Kingdom,Wholesale
24/12/2020,2020.0,BMW i8,64946.0,2.0,North America,Canada,Dealership
25/12/2020,2020.0,BMW 6 Series,107731.0,1.0,Africa,Morocco,Online
25/12/2020,2020.0,BMW M8,101859.0,3.0,South America,Peru,Wholesale
26/12/2020,2020.0,BMW X5,61688.0,5.0,South America,Argentina,Wholesale
26/12/2020,2020.0,BMW X4,76257.0,2.0,Africa,Nigeria,Wholesale
26/12/2020,2020.0,BMW X3,49784.0,3.0,South America,Peru,Wholesale
26/12/2020,2020.0,BMW 4 Series,61560.0,5.0,Asia,Japan,Wholesale
27/12/2020,2020.0,BMW iX3,119100.0,4.0,Europe,Germany,Online
27/12/2020,2020.0,BMW Z4,53148.0,2.0,Europe,France,Wholesale
27/12/2020,2020.0,BMW M8,100904.0,2.0,Africa,Kenya,Wholesale
27/12/2020,2020.0,BMW 7 Series,109874.0,4.0,North America,Canada,Wholesale
28/12/2020,2020.0,BMW M3,103198.0,4.0,Asia,India,Online
28/12/2020,2020.0,BMW M3,86485.0,1.0,South America,Brazil,Online
29/12/2020,2020.0,BMW X7,76880.0,5.0,Asia,India,Dealership
30/12/2020,2020.0,BMW iX3,89977.0,3.0,Africa,Kenya,Wholesale
30/12/2020,2020.0,BMW X3,47540.0,4.0,Africa,South Africa,Dealership
30/12/2020,2020.0,BMW 3 Series,46494.0,1.0,Asia,Thailand,Online
30/12/2020,2020.0,BMW X4,44465.0,5.0,North America,Mexico,Wholesale
30/12/2020,2020.0,BMW X4,104147.0,5.0,South America,Colombia,Dealership
31/12/2020,2020.0,BMW 5 Series,97797.0,2.0,South America,Chile,Wholesale
31/12/2020,2020.0,BMW 8 Series,107952.0,1.0,North America,Mexico,Dealership
31/12/2020,2020.0,BMW Z4,99231.0,1.0,Europe,Germany,Wholesale
31/12/2020,2020.0,BMW M5,49416.0,2.0,Europe,Germany,Wholesale
01/01/2021,2021.0,BMW 1 Series,82445.0,3.0,Europe,Italy,Online
01/01/2021,2021.0,BMW 3 Series,40149.0,4.0,Europe,United Kingdom,Wholesale
01/01/2021,2021.0,BMW 8 Series,100288.0,2.0,Europe,Germany,Dealership
02/01/2021,2021.0,BMW 4 Series,95618.0,4.0,Asia,Japan,Online
02/01/2021,2021.0,BMW 3 Series,50733.0,1.0,Asia,South Korea,Online
02/01/2021,2021.0,BMW iX,108487.0,2.0,North America,Mexico,Wholesale
03/01/2021,2021.0,BMW iX3,70965.0,3.0,Europe,France,Dealership
04/01/2021,2021.0,BMW i4,33044.0,4.0,Asia,Japan,Wholesale
04/01/2021,2021.0,BMW i4,107355.0,4.0,Africa,Egypt,Dealership
04/01/2021,2021.0,BMW X5,46029.0,4.0,South America,Colombia,Online
04/01/2021,2021.0,BMW X1,117464.0,1.0,North America,United States,Dealership
05/01/2021,2021.0,BMW M3,113574.0,4.0,Europe,United Kingdom,Dealership
05/01/2021,2021.0,BMW i4,31355.0,5.0,South America,Brazil,Dealership
05/01/2021,2021.0,BMW X3,105652.0,4.0,Europe,United Kingdom,Dealership
06/01/2021,2021.0,BMW M8,65035.0,1.0,South America,Brazil,Dealership
07/01/2021,2021.0,BMW 7 Series,93252.0,2.0,Asia,China,Wholesale
07/01/2021,2021.0,BMW 8 Series,89150.0,4.0,North America,Mexico,Wholesale
07/01/2021,2021.0,BMW 8 Series,115478.0,4.0,Europe,France,Dealership
07/01/2021,2021.0,BMW M8,107495.0,2.0,Europe,Italy,Dealership
08/01/2021,2021.0,BMW M8,117472.0,5.0,North America,Mexico,Dealership
09/01/2021,2021.0,BMW 6 Series,106587.0,1.0,South America,Brazil,Wholesale
09/01/2021,2021.0,BMW M2,98095.0,2.0,North America,Mexico,Wholesale
09/01/2021,2021.0,BMW 3 Series,105335.0,1.0,Europe,Italy,Dealership
09/01/2021,2021.0,BMW X1,40722.0,2.0,North America,Canada,Wholesale
10/01/2021,2021.0,BMW 3 Series,106591.0,3.0,Europe,United Kingdom,Online
10/01/2021,2021.0,BMW X1,69025.0,5.0,North America,Mexico,Wholesale
10/01/2021,2021.0,BMW M3,67488.0,3.0,Africa,Nigeria,Dealership
10/01/2021,2021.0,BMW i3,94533.0,2.0,Europe,Germany,Online
10/01/2021,2021.0,BMW X4,36880.0,2.0,Asia,India,Wholesale
11/01/2021,2021.0,BMW 5 Series,99327.0,1.0,North America,Canada,Dealership
11/01/2021,2021.0,BMW 3 Series,39859.0,2.0,South America,Colombia,Wholesale
12/01/2021,2021.0,BMW 7 Series,106897.0,1.0,North America,Mexico,Dealership
12/01/2021,2021.0,BMW 1 Series,39329.0,1.0,Asia,Japan,Dealership
13/01/2021,2021.0,BMW 4 Series,78603.0,2.0,Asia,China,Wholesale
13/01/2021,2021.0,BMW X2,102582.0,1.0,Asia,South Korea,Online
13/01/2021,2021.0,BMW iX,62693.0,5.0,Asia,Thailand,Dealership
13/01/2021,2021.0,BMW X1,80509.0,3.0,Europe,Germany,Dealership
14/01/2021,2021.0,BMW Z4,78848.0,2.0,Asia,Japan,Dealership
15/01/2021,2021.0,BMW 3 Series,51491.0,1.0,South America,Brazil,Wholesale
15/01/2021,2021.0,BMW M8,87948.0,1.0,Africa,Morocco,Online
16/01/2021,2021.0,BMW 1 Series,85277.0,1.0,Africa,Morocco,Online
16/01/2021,2021.0,BMW 8 Series,109044.0,1.0,South America,Brazil,Dealership
17/01/2021,2021.0,BMW M5,79915.0,5.0,Africa,Egypt,Dealership
17/01/2021,2021.0,BMW M2,73441.0,2.0,Africa,Egypt,Online
17/01/2021,2021.0,BMW 6 Series,100278.0,2.0,Africa,Morocco,Wholesale
19/01/2021,2021.0,BMW 2 Series,79823.0,5.0,Africa,Kenya,Dealership
20/01/2021,2021.0,BMW 6 Series,57133.0,5.0,South America,Chile,Online
20/01/2021,2021.0,BMW iX,61712.0,5.0,Africa,Egypt,Wholesale
21/01/2021,2021.0,BMW 6 Series,114271.0,2.0,Africa,Kenya,Wholesale
21/01/2021,2021.0,BMW iX,42869.0,4.0,Europe,Italy,Wholesale
21/01/2021,2021.0,BMW 7 Series,65754.0,3.0,South America,Argentina,Dealership
21/01/2021,2021.0,BMW i4,110483.0,5.0,Asia,South Korea,Online
22/01/2021,2021.0,BMW 4 Series,113186.0,5.0,Africa,Nigeria,Online
22/01/2021,2021.0,BMW M4,73026.0,2.0,Europe,Spain,Online
23/01/2021,2021.0,BMW 3 Series,57428.0,2.0,North America,Mexico,Online
23/01/2021,2021.0,BMW i3,48787.0,3.0,South America,Peru,Online
23/01/2021,2021.0,BMW M2,116333.0,1.0,North America,United States,Online
23/01/2021,2021.0,BMW 2 Series,115406.0,2.0,South America,Brazil,Wholesale
23/01/2021,2021.0,BMW i3,75309.0,3.0,Europe,Spain,Dealership
23/01/2021,2021.0,BMW 2 Series,77266.0,2.0,Europe,Italy,Wholesale
24/01/2021,2021.0,BMW X7,105341.0,2.0,North America,Mexico,Wholesale
24/01/2021,2021.0,BMW X2,97194.0,2.0,Europe,Spain,Online
24/01/2021,2021.0,BMW 7 Series,42113.0,4.0,South America,Brazil,Online
25/01/2021,2021.0,BMW X2,41679.0,4.0,Asia,Thailand,Online
25/01/2021,2021.0,BMW Z4,62992.0,5.0,Africa,Morocco,Dealership
26/01/2021,2021.0,BMW M8,71253.0,4.0,Africa,Kenya,Wholesale
26/01/2021,2021.0,BMW Z4,41975.0,3.0,South America,Colombia,Dealership
26/01/2021,2021.0,BMW i4,44954.0,2.0,Africa,South Africa,Wholesale
26/01/2021,2021.0,BMW 1 Series,37444.0,4.0,South America,Chile,Wholesale
26/01/2021,2021.0,BMW M8,63132.0,2.0,Europe,Germany,Dealership
27/01/2021,2021.0,BMW X5,117945.0,1.0,North America,United States,Dealership
27/01/2021,2021.0,BMW Z4,94608.0,5.0,Europe,Italy,Online
27/01/2021,2021.0,BMW 2 Series,57134.0,4.0,South America,Colombia,Wholesale
27/01/2021,2021.0,BMW M5,71472.0,2.0,North America,Mexico,Dealership
27/01/2021,2021.0,BMW 7 Series,74899.0,1.0,North America,Canada,Dealership
27/01/2021,2021.0,BMW M2,88147.0,5.0,Europe,France,Wholesale
28/01/2021,2021.0,BMW X4,101129.0,5.0,South America,Chile,Wholesale
28/01/2021,2021.0,BMW X3,34739.0,1.0,South America,Argentina,Online
28/01/2021,2021.0,BMW M8,78180.0,4.0,South America,Brazil,Online
29/01/2021,2021.0,BMW 8 Series,66088.0,4.0,Europe,Spain,Dealership
29/01/2021,2021.0,BMW 6 Series,83319.0,2.0,North America,Canada,Online
29/01/2021,2021.0,BMW X2,116378.0,3.0,Africa,Morocco,Dealership
29/01/2021,2021.0,BMW 7 Series,36453.0,2.0,North America,United States,Online
29/01/2021,2021.0,BMW i8,49965.0,2.0,Asia,Japan,Dealership
30/01/2021,2021.0,BMW X4,99915.0,2.0,Asia,South Korea,Wholesale
30/01/2021,2021.0,BMW X4,70739.0,1.0,South America,Chile,Online
31/01/2021,2021.0,BMW 3 Series,107774.0,5.0,Africa,Nigeria,Online
31/01/2021,2021.0,BMW M3,31378.0,5.0,Asia,Japan,Dealership
31/01/2021,2021.0,BMW 3 Series,78747.0,3.0,North America,United States,Wholesale
01/02/2021,2021.0,BMW i3,109843.0,4.0,South America,Colombia,Dealership
01/02/2021,2021.0,BMW 5 Series,90706.0,2.0,Europe,United Kingdom,Dealership
01/02/2021,2021.0,BMW 2 Series,45834.0,1.0,Africa,Egypt,Wholesale
01/02/2021,2021.0,BMW M8,48642.0,1.0,Africa,Morocco,Wholesale
01/02/2021,2021.0,BMW Z4,30794.0,2.0,North America,Canada,Dealership
02/02/2021,2021.0,BMW X6,117142.0,1.0,Europe,Italy,Online
02/02/2021,2021.0,BMW M8,80637.0,1.0,South America,Chile,Dealership
03/02/2021,2021.0,BMW M2,32192.0,2.0,Africa,South Africa,Dealership
03/02/2021,2021.0,BMW 4 Series,46291.0,3.0,Africa,Egypt,Dealership
03/02/2021,2021.0,BMW X5,78960.0,1.0,Europe,Germany,Online
04/02/2021,2021.0,BMW M4,117746.0,5.0,Asia,Japan,Online
04/02/2021,2021.0,BMW M8,104217.0,5.0,South America,Argentina,Wholesale
04/02/2021,2021.0,BMW 3 Series,92582.0,5.0,Asia,Thailand,Online
05/02/2021,2021.0,BMW X5,37938.0,2.0,Europe,Germany,Dealership
05/02/2021,2021.0,BMW i3,38769.0,5.0,Africa,Kenya,Dealership
07/02/2021,2021.0,BMW i3,55579.0,4.0,North America,Mexico,Wholesale
07/02/2021,2021.0,BMW Z4,112095.0,1.0,North America,Mexico,Wholesale
08/02/2021,2021.0,BMW 5 Series,119376.0,3.0,Europe,Italy,Wholesale
08/02/2021,2021.0,BMW X7,45684.0,5.0,North America,Mexico,Wholesale
09/02/2021,2021.0,BMW M5,70753.0,2.0,Asia,China,Wholesale
09/02/2021,2021.0,BMW X7,77965.0,3.0,Europe,United Kingdom,Wholesale
09/02/2021,2021.0,BMW 4 Series,106587.0,2.0,Europe,Germany,Online
09/02/2021,2021.0,BMW 4 Series,102126.0,3.0,Africa,South Africa,Dealership
09/02/2021,2021.0,BMW M8,89633.0,3.0,North America,Canada,Wholesale
09/02/2021,2021.0,BMW X2,46560.0,1.0,Asia,China,Wholesale
10/02/2021,2021.0,BMW 4 Series,77754.0,3.0,Asia,India,Dealership
11/02/2021,2021.0,BMW 4 Series,66326.0,4.0,North America,Mexico,Online
11/02/2021,2021.0,BMW X1,79130.0,4.0,Asia,South Korea,Dealership
12/02/2021,2021.0,BMW 8 Series,75382.0,4.0,Asia,China,Wholesale
13/02/2021,2021.0,BMW X4,105864.0,2.0,Africa,Nigeria,Dealership
13/02/2021,2021.0,BMW M2,82788.0,1.0,North America,United States,Online
13/02/2021,2021.0,BMW iX3,101296.0,2.0,Africa,South Africa,Wholesale
14/02/2021,2021.0,BMW Z4,55720.0,5.0,Asia,China,Wholesale
14/02/2021,2021.0,BMW M3,80250.0,4.0,North America,United States,Wholesale
15/02/2021,2021.0,BMW M8,94099.0,1.0,South America,Colombia,Wholesale
15/02/2021,2021.0,BMW 5 Series,34849.0,4.0,North America,Canada,Online
16/02/2021,2021.0,BMW 5 Series,58973.0,1.0,Asia,South Korea,Online
16/02/2021,2021.0,BMW i8,33883.0,2.0,Europe,Spain,Online
18/02/2021,2021.0,BMW M8,117972.0,2.0,Africa,Nigeria,Dealership
18/02/2021,2021.0,BMW X4,118534.0,4.0,South America,Brazil,Dealership
18/02/2021,2021.0,BMW 2 Series,32420.0,3.0,Asia,India,Online
19/02/2021,2021.0,BMW 2 Series,52844.0,1.0,South America,Colombia,Online
19/02/2021,2021.0,BMW X7,54318.0,5.0,South America,Colombia,Online
20/02/2021,2021.0,BMW i8,95164.0,3.0,Africa,Egypt,Wholesale
20/02/2021,2021.0,BMW 8 Series,50661.0,2.0,Africa,Nigeria,Wholesale
20/02/2021,2021.0,BMW X7,57940.0,1.0,Asia,Thailand,Online
21/02/2021,2021.0,BMW M4,47878.0,3.0,Europe,United Kingdom,Online
21/02/2021,2021.0,BMW iX,30368.0,5.0,Asia,South Korea,Wholesale
21/02/2021,2021.0,BMW 7 Series,109317.0,3.0,Europe,Germany,Online
21/02/2021,2021.0,BMW i8,107229.0,5.0,Europe,Italy,Dealership
21/02/2021,2021.0,BMW M5,55302.0,2.0,Asia,China,Dealership
21/02/2021,2021.0,BMW i4,68547.0,1.0,Asia,China,Online
21/02/2021,2021.0,BMW X7,93699.0,2.0,Africa,Egypt,Online
22/02/2021,2021.0,BMW X2,40868.0,1.0,North America,United States,Online
22/02/2021,2021.0,BMW M2,43823.0,3.0,South America,Argentina,Dealership
22/02/2021,2021.0,BMW X4,100221.0,2.0,Europe,United Kingdom,Dealership
23/02/2021,2021.0,BMW Z4,107221.0,1.0,Asia,Japan,Wholesale
24/02/2021,2021.0,BMW X3,57394.0,5.0,North America,Mexico,Online
24/02/2021,2021.0,BMW 5 Series,41870.0,1.0,North America,Mexico,Dealership
24/02/2021,2021.0,BMW i3,60736.0,2.0,North America,United States,Wholesale
24/02/2021,2021.0,BMW X6,32477.0,2.0,Asia,India,Dealership
24/02/2021,2021.0,BMW X1,76323.0,3.0,Africa,Kenya,Wholesale
24/02/2021,2021.0,BMW M3,71941.0,5.0,Africa,South Africa,Dealership
25/02/2021,2021.0,BMW iX3,73406.0,1.0,Africa,Kenya,Online
25/02/2021,2021.0,BMW X6,67595.0,2.0,Asia,China,Online
25/02/2021,2021.0,BMW X5,79649.0,1.0,Asia,Thailand,Dealership
27/02/2021,2021.0,BMW X7,90811.0,4.0,North America,United States,Dealership
27/02/2021,2021.0,BMW X4,88414.0,5.0,Africa,South Africa,Online
27/02/2021,2021.0,BMW X7,86820.0,5.0,Africa,South Africa,Online
28/02/2021,2021.0,BMW 7 Series,41009.0,4.0,Africa,South Africa,Dealership
28/02/2021,2021.0,BMW iX3,51378.0,5.0,Asia,Japan,Dealership
28/02/2021,2021.0,BMW M8,50642.0,4.0,North America,United States,Wholesale
02/03/2021,2021.0,BMW M5,79504.0,1.0,South America,Colombia,Wholesale
02/03/2021,2021.0,BMW iX3,87614.0,4.0,Europe,Spain,Wholesale
02/03/2021,2021.0,BMW M2,76993.0,3.0,North America,United States,Online
02/03/2021,2021.0,BMW M2,59756.0,4.0,North America,Mexico,Dealership
03/03/2021,2021.0,BMW 7 Series,72861.0,1.0,Europe,Germany,Dealership
03/03/2021,2021.0,BMW iX,84664.0,5.0,North America,United States,Online
03/03/2021,2021.0,BMW X4,83409.0,3.0,Europe,Germany,Online
04/03/2021,2021.0,BMW M3,39971.0,4.0,North America,United States,Online
04/03/2021,2021.0,BMW i3,41027.0,1.0,North America,United States,Online
04/03/2021,2021.0,BMW 7 Series,74533.0,3.0,South America,Peru,Online
05/03/2021,2021.0,BMW X3,42952.0,3.0,Asia,South Korea,Wholesale
07/03/2021,2021.0,BMW Z4,75267.0,3.0,North America,Mexico,Wholesale
07/03/2021,2021.0,BMW 3 Series,74963.0,4.0,Asia,India,Dealership
07/03/2021,2021.0,BMW X4,76212.0,1.0,South America,Colombia,Online
07/03/2021,2021.0,BMW iX,54806.0,1.0,North America,United States,Dealership
07/03/2021,2021.0,BMW 1 Series,34158.0,1.0,Europe,Italy,Wholesale
07/03/2021,2021.0,BMW M2,94658.0,2.0,Europe,Spain,Dealership
08/03/2021,2021.0,BMW 6 Series,90614.0,5.0,Asia,Japan,Wholesale
08/03/2021,2021.0,BMW iX3,101691.0,1.0,Africa,South Africa,Online
08/03/2021,2021.0,BMW 1 Series,105592.0,2.0,North America,Mexico,Wholesale
08/03/2021,2021.0,BMW X3,70254.0,2.0,Africa,Nigeria,Dealership
09/03/2021,2021.0,BMW X5,35022.0,3.0,North America,Canada,Online
09/03/2021,2021.0,BMW 8 Series,111210.0,5.0,South America,Brazil,Dealership
09/03/2021,2021.0,BMW Z4,83871.0,3.0,North America,United States,Dealership
09/03/2021,2021.0,BMW i3,96107.0,5.0,Asia,India,Online
10/03/2021,2021.0,BMW 2 Series,37038.0,3.0,North America,United States,Dealership
11/03/2021,2021.0,BMW 5 Series,60632.0,4.0,Asia,India,Wholesale
11/03/2021,2021.0,BMW i4,82273.0,5.0,South America,Peru,Wholesale
11/03/2021,2021.0,BMW M5,75231.0,2.0,Asia,China,Dealership
12/03/2021,2021.0,BMW iX,60571.0,2.0,Africa,South Africa,Dealership
12/03/2021,2021.0,BMW i8,64708.0,5.0,Asia,South Korea,Wholesale
12/03/2021,2021.0,BMW iX,76360.0,3.0,Europe,Italy,Online
13/03/2021,2021.0,BMW X4,60328.0,4.0,South America,Peru,Dealership
14/03/2021,2021.0,BMW 2 Series,40306.0,4.0,North America,United States,Online
14/03/2021,2021.0,BMW 1 Series,102480.0,1.0,South America,Colombia,Online
15/03/2021,2021.0,BMW X7,37344.0,5.0,Africa,Kenya,Wholesale
15/03/2021,2021.0,BMW 6 Series,95951.0,4.0,North America,Canada,Online
16/03/2021,2021.0,BMW i4,91987.0,3.0,North America,Canada,Wholesale
16/03/2021,2021.0,BMW 6 Series,84587.0,3.0,Africa,South Africa,Online
16/03/2021,2021.0,BMW M4,105739.0,2.0,Africa,Kenya,Wholesale
16/03/2021,2021.0,BMW i3,47619.0,4.0,Africa,Nigeria,Dealership
17/03/2021,2021.0,BMW 7 Series,90109.0,4.0,Africa,Morocco,Online
19/03/2021,2021.0,BMW 2 Series,100514.0,3.0,North America,Canada,Dealership
19/03/2021,2021.0,BMW 5 Series,76335.0,2.0,Europe,Italy,Wholesale
19/03/2021,2021.0,BMW X5,51310.0,4.0,Europe,United Kingdom,Dealership
20/03/2021,2021.0,BMW 7 Series,44358.0,3.0,North America,Canada,Wholesale
20/03/2021,2021.0,BMW X6,104070.0,2.0,Asia,South Korea,Dealership
20/03/2021,2021.0,BMW X2,85134.0,2.0,North America,United States,Dealership
20/03/2021,2021.0,BMW 2 Series,97667.0,3.0,Asia,China,Dealership
21/03/2021,2021.0,BMW X6,37025.0,2.0,North America,Mexico,Wholesale
21/03/2021,2021.0,BMW M5,54346.0,2.0,Africa,Nigeria,Dealership
23/03/2021,2021.0,BMW X7,61171.0,1.0,Europe,France,Wholesale
23/03/2021,2021.0,BMW X7,30016.0,2.0,North America,Mexico,Online
23/03/2021,2021.0,BMW 8 Series,105614.0,4.0,Africa,Egypt,Wholesale
24/03/2021,2021.0,BMW i8,91156.0,2.0,Asia,China,Online
24/03/2021,2021.0,BMW 4 Series,60396.0,4.0,Asia,South Korea,Online
24/03/2021,2021.0,BMW 6 Series,31027.0,3.0,Europe,France,Wholesale
24/03/2021,2021.0,BMW X6,90992.0,2.0,Asia,Thailand,Online
24/03/2021,2021.0,BMW X4,99833.0,3.0,Europe,Germany,Dealership
24/03/2021,2021.0,BMW X5,78196.0,5.0,South America,Brazil,Wholesale
24/03/2021,2021.0,BMW 3 Series,116069.0,2.0,Asia,India,Online
24/03/2021,2021.0,BMW X4,79577.0,3.0,Europe,Italy,Dealership
25/03/2021,2021.0,BMW i4,104210.0,5.0,North America,Canada,Dealership
26/03/2021,2021.0,BMW X2,39096.0,4.0,Europe,Spain,Online
26/03/2021,2021.0,BMW 1 Series,104135.0,4.0,South America,Argentina,Online
26/03/2021,2021.0,BMW Z4,89921.0,4.0,Europe,Italy,Dealership
26/03/2021,2021.0,BMW 1 Series,83565.0,4.0,Europe,Germany,Dealership
27/03/2021,2021.0,BMW M8,86093.0,4.0,Asia,South Korea,Wholesale
28/03/2021,2021.0,BMW X2,115950.0,1.0,Asia,Japan,Online
28/03/2021,2021.0,BMW M2,119698.0,3.0,Africa,Morocco,Online
28/03/2021,2021.0,BMW 4 Series,95820.0,5.0,Asia,Thailand,Wholesale
29/03/2021,2021.0,BMW 8 Series,114259.0,5.0,Asia,Japan,Wholesale
29/03/2021,2021.0,BMW 8 Series,113942.0,2.0,South America,Argentina,Wholesale
29/03/2021,2021.0,BMW i8,76456.0,3.0,Africa,Kenya,Online
29/03/2021,2021.0,BMW X5,42891.0,1.0,Africa,South Africa,Dealership
30/03/2021,2021.0,BMW M3,55294.0,1.0,Asia,India,Dealership
30/03/2021,2021.0,BMW 2 Series,97696.0,3.0,Europe,Italy,Wholesale
31/03/2021,2021.0,BMW iX,73114.0,4.0,North America,Canada,Online
31/03/2021,2021.0,BMW X2,119116.0,4.0,South America,Chile,Dealership
31/03/2021,2021.0,BMW 5 Series,114984.0,3.0,Africa,South Africa,Online
01/04/2021,2021.0,BMW M4,34888.0,5.0,Asia,China,Dealership
01/04/2021,2021.0,BMW X6,36795.0,4.0,North America,Canada,Online
02/04/2021,2021.0,BMW 6 Series,98901.0,2.0,Europe,France,Online
02/04/2021,2021.0,BMW 2 Series,71703.0,1.0,North America,United States,Online
03/04/2021,2021.0,BMW X7,64396.0,4.0,Europe,United Kingdom,Wholesale
03/04/2021,2021.0,BMW Z4,109687.0,5.0,Asia,South Korea,Wholesale
03/04/2021,2021.0,BMW iX,79699.0,4.0,North America,Mexico,Dealership
03/04/2021,2021.0,BMW M4,35587.0,4.0,North America,Mexico,Wholesale
04/04/2021,2021.0,BMW 8 Series,55642.0,1.0,Africa,Nigeria,Wholesale
04/04/2021,2021.0,BMW M4,115504.0,2.0,Asia,India,Online
04/04/2021,2021.0,BMW iX3,58337.0,2.0,Africa,Kenya,Online
05/04/2021,2021.0,BMW M5,88565.0,5.0,North America,Canada,Wholesale
05/04/2021,2021.0,BMW X4,92830.0,3.0,South America,Colombia,Online
05/04/2021,2021.0,BMW i8,70197.0,3.0,South America,Peru,Wholesale
05/04/2021,2021.0,BMW X4,114300.0,3.0,North America,Mexico,Online
05/04/2021,2021.0,BMW i4,55286.0,5.0,Africa,Morocco,Online
06/04/2021,2021.0,BMW 6 Series,31634.0,4.0,Europe,Italy,Dealership
06/04/2021,2021.0,BMW Z4,109837.0,2.0,Europe,Spain,Online
06/04/2021,2021.0,BMW 8 Series,59080.0,2.0,North America,Canada,Wholesale
06/04/2021,2021.0,BMW 5 Series,117229.0,4.0,North America,Canada,Wholesale
07/04/2021,2021.0,BMW X2,41829.0,2.0,Asia,South Korea,Dealership
07/04/2021,2021.0,BMW X1,71387.0,2.0,Africa,Morocco,Dealership
07/04/2021,2021.0,BMW X1,98524.0,3.0,Asia,Japan,Online
07/04/2021,2021.0,BMW 2 Series,105324.0,3.0,Asia,Thailand,Wholesale
09/04/2021,2021.0,BMW M2,59681.0,1.0,South America,Colombia,Online
09/04/2021,2021.0,BMW 4 Series,82488.0,1.0,Europe,Italy,Online
09/04/2021,2021.0,BMW X7,107154.0,2.0,Africa,Morocco,Online
11/04/2021,2021.0,BMW 3 Series,54715.0,3.0,Asia,India,Wholesale
12/04/2021,2021.0,BMW X1,31207.0,1.0,Africa,Nigeria,Wholesale
12/04/2021,2021.0,BMW X1,89789.0,1.0,Asia,Japan,Dealership
12/04/2021,2021.0,BMW X4,66624.0,3.0,Europe,Italy,Dealership
12/04/2021,2021.0,BMW i8,48643.0,1.0,Asia,Japan,Wholesale
12/04/2021,2021.0,BMW 4 Series,87198.0,4.0,North America,United States,Dealership
13/04/2021,2021.0,BMW X4,106160.0,4.0,North America,Canada,Online
13/04/2021,2021.0,BMW M2,83219.0,3.0,Africa,South Africa,Wholesale
14/04/2021,2021.0,BMW 2 Series,38338.0,3.0,North America,Canada,Wholesale
14/04/2021,2021.0,BMW X7,66820.0,1.0,South America,Peru,Dealership
14/04/2021,2021.0,BMW 6 Series,36242.0,2.0,Africa,Nigeria,Online
14/04/2021,2021.0,BMW 1 Series,43764.0,5.0,Asia,India,Wholesale
14/04/2021,2021.0,BMW X3,103355.0,4.0,Africa,Kenya,Online
15/04/2021,2021.0,BMW 8 Series,79185.0,4.0,Europe,Italy,Online
15/04/2021,2021.0,BMW X1,110977.0,3.0,South America,Chile,Online
15/04/2021,2021.0,BMW M3,62924.0,2.0,Asia,Thailand,Dealership
16/04/2021,2021.0,BMW 5 Series,94036.0,3.0,North America,United States,Online
16/04/2021,2021.0,BMW iX3,92759.0,1.0,Asia,China,Dealership
16/04/2021,2021.0,BMW 6 Series,118268.0,2.0,Africa,Egypt,Dealership
17/04/2021,2021.0,BMW X3,79039.0,1.0,North America,Mexico,Dealership
17/04/2021,2021.0,BMW 7 Series,91486.0,4.0,Africa,Morocco,Wholesale
18/04/2021,2021.0,BMW i3,84501.0,3.0,North America,Mexico,Online
18/04/2021,2021.0,BMW X3,60519.0,3.0,Asia,Thailand,Dealership
18/04/2021,2021.0,BMW M5,48782.0,5.0,South America,Peru,Wholesale
18/04/2021,2021.0,BMW 4 Series,43351.0,2.0,South America,Brazil,Wholesale
19/04/2021,2021.0,BMW i8,64161.0,4.0,Europe,Spain,Dealership
19/04/2021,2021.0,BMW 8 Series,67039.0,5.0,Africa,Nigeria,Dealership
20/04/2021,2021.0,BMW 3 Series,69884.0,5.0,Asia,Thailand,Wholesale
21/04/2021,2021.0,BMW X2,47105.0,3.0,South America,Brazil,Dealership
21/04/2021,2021.0,BMW X5,84822.0,2.0,North America,Canada,Online
21/04/2021,2021.0,BMW M3,32017.0,3.0,South America,Chile,Wholesale
22/04/2021,2021.0,BMW i4,67043.0,2.0,Asia,Thailand,Dealership
22/04/2021,2021.0,BMW X7,41683.0,5.0,Europe,United Kingdom,Dealership
22/04/2021,2021.0,BMW 4 Series,64816.0,1.0,Asia,South Korea,Wholesale
22/04/2021,2021.0,BMW X4,114253.0,4.0,North America,Mexico,Online
22/04/2021,2021.0,BMW i3,79421.0,5.0,Asia,South Korea,Dealership
23/04/2021,2021.0,BMW M4,92054.0,3.0,Africa,Nigeria,Dealership
23/04/2021,2021.0,BMW 4 Series,90938.0,4.0,Asia,China,Online
23/04/2021,2021.0,BMW i8,104232.0,5.0,Europe,Germany,Wholesale
24/04/2021,2021.0,BMW X2,33800.0,2.0,Africa,Kenya,Wholesale
24/04/2021,2021.0,BMW i3,62956.0,3.0,Asia,Thailand,Wholesale
24/04/2021,2021.0,BMW X6,47660.0,5.0,North America,United States,Wholesale
24/04/2021,2021.0,BMW 2 Series,62803.0,2.0,Europe,Italy,Online
25/04/2021,2021.0,BMW X4,74456.0,2.0,Asia,China,Online
25/04/2021,2021.0,BMW M3,54502.0,2.0,Europe,Spain,Wholesale
25/04/2021,2021.0,BMW X5,51938.0,4.0,North America,Canada,Wholesale
26/04/2021,2021.0,BMW Z4,71813.0,3.0,Asia,Thailand,Dealership
26/04/2021,2021.0,BMW 3 Series,78522.0,2.0,Africa,South Africa,Wholesale
26/04/2021,2021.0,BMW 8 Series,76580.0,5.0,South America,Brazil,Wholesale
26/04/2021,2021.0,BMW iX,85541.0,2.0,Asia,Japan,Dealership
26/04/2021,2021.0,BMW M2,58370.0,3.0,North America,Mexico,Dealership
26/04/2021,2021.0,BMW X5,42651.0,4.0,Europe,Italy,Online
26/04/2021,2021.0,BMW i4,70068.0,2.0,Asia,China,Dealership
27/04/2021,2021.0,BMW X4,67548.0,5.0,South America,Argentina,Online
27/04/2021,2021.0,BMW M4,49637.0,3.0,Asia,China,Wholesale
27/04/2021,2021.0,BMW X1,33868.0,2.0,Europe,France,Online
27/04/2021,2021.0,BMW X5,43225.0,4.0,South America,Chile,Wholesale
28/04/2021,2021.0,BMW iX,113956.0,1.0,South America,Chile,Online
28/04/2021,2021.0,BMW X6,70275.0,5.0,North America,United States,Dealership
28/04/2021,2021.0,BMW i3,108747.0,2.0,Africa,Morocco,Wholesale
28/04/2021,2021.0,BMW 2 Series,49513.0,2.0,North America,United States,Wholesale
29/04/2021,2021.0,BMW X1,92970.0,1.0,South America,Chile,Online
29/04/2021,2021.0,BMW X1,31011.0,3.0,South America,Colombia,Dealership
29/04/2021,2021.0,BMW i4,113994.0,1.0,North America,Canada,Wholesale
29/04/2021,2021.0,BMW M4,43157.0,3.0,Asia,Japan,Dealership
29/04/2021,2021.0,BMW i8,33514.0,2.0,Africa,Kenya,Dealership
29/04/2021,2021.0,BMW 6 Series,47821.0,1.0,Europe,United Kingdom,Dealership
29/04/2021,2021.0,BMW X4,110166.0,2.0,North America,Mexico,Online
30/04/2021,2021.0,BMW Z4,40920.0,1.0,Asia,Japan,Dealership
01/05/2021,2021.0,BMW M8,80528.0,2.0,North America,Mexico,Dealership
01/05/2021,2021.0,BMW X4,92293.0,2.0,Europe,Spain,Wholesale
01/05/2021,2021.0,BMW M3,97345.0,2.0,Europe,Italy,Wholesale
02/05/2021,2021.0,BMW 5 Series,52507.0,4.0,Europe,France,Dealership
02/05/2021,2021.0,BMW X4,112320.0,1.0,Africa,Nigeria,Wholesale
03/05/2021,2021.0,BMW M4,95896.0,4.0,Europe,Germany,Wholesale
03/05/2021,2021.0,BMW 2 Series,61428.0,2.0,Asia,China,Wholesale
04/05/2021,2021.0,BMW 4 Series,50914.0,5.0,South America,Argentina,Dealership
04/05/2021,2021.0,BMW X1,98498.0,3.0,Europe,France,Dealership
04/05/2021,2021.0,BMW 6 Series,81362.0,1.0,Europe,Spain,Dealership
04/05/2021,2021.0,BMW 6 Series,59948.0,1.0,South America,Chile,Wholesale
04/05/2021,2021.0,BMW X6,35699.0,3.0,Europe,Italy,Online
04/05/2021,2021.0,BMW X2,96036.0,4.0,Europe,Germany,Dealership
04/05/2021,2021.0,BMW i3,47275.0,3.0,Asia,Japan,Wholesale
05/05/2021,2021.0,BMW M3,119856.0,5.0,South America,Peru,Online
05/05/2021,2021.0,BMW X7,104712.0,2.0,Europe,France,Dealership
05/05/2021,2021.0,BMW 3 Series,46938.0,3.0,Asia,South Korea,Dealership
05/05/2021,2021.0,BMW M5,86632.0,3.0,Asia,India,Wholesale
06/05/2021,2021.0,BMW M5,62456.0,2.0,Europe,Italy,Wholesale
07/05/2021,2021.0,BMW M3,88835.0,1.0,Asia,India,Online
08/05/2021,2021.0,BMW X4,95210.0,5.0,Africa,Morocco,Wholesale
08/05/2021,2021.0,BMW 3 Series,93705.0,3.0,South America,Peru,Online
08/05/2021,2021.0,BMW i3,80852.0,3.0,Africa,Nigeria,Wholesale
08/05/2021,2021.0,BMW i3,62380.0,1.0,South America,Peru,Wholesale
08/05/2021,2021.0,BMW i4,48462.0,5.0,North America,Canada,Dealership
10/05/2021,2021.0,BMW 1 Series,35202.0,2.0,Africa,Morocco,Wholesale
10/05/2021,2021.0,BMW 8 Series,51443.0,2.0,Africa,South Africa,Wholesale
10/05/2021,2021.0,BMW M2,107631.0,4.0,South America,Colombia,Dealership
11/05/2021,2021.0,BMW i4,58080.0,5.0,South America,Argentina,Online
11/05/2021,2021.0,BMW i8,67487.0,5.0,Africa,Egypt,Online
11/05/2021,2021.0,BMW iX,38434.0,3.0,Europe,United Kingdom,Dealership
11/05/2021,2021.0,BMW 8 Series,79966.0,4.0,South America,Colombia,Dealership
12/05/2021,2021.0,BMW iX3,57619.0,2.0,North America,United States,Online
12/05/2021,2021.0,BMW 8 Series,68938.0,5.0,Europe,Spain,Dealership
12/05/2021,2021.0,BMW iX3,99269.0,5.0,Asia,India,Wholesale
12/05/2021,2021.0,BMW i3,95997.0,1.0,Africa,Kenya,Dealership
13/05/2021,2021.0,BMW 7 Series,87811.0,2.0,Europe,France,Dealership
13/05/2021,2021.0,BMW 8 Series,39533.0,1.0,North America,Mexico,Online
14/05/2021,2021.0,BMW M3,44155.0,4.0,South America,Argentina,Online
14/05/2021,2021.0,BMW X5,111658.0,5.0,Europe,Spain,Wholesale
14/05/2021,2021.0,BMW iX,92970.0,4.0,Africa,Nigeria,Online
14/05/2021,2021.0,BMW X1,104732.0,1.0,Europe,United Kingdom,Online
14/05/2021,2021.0,BMW 1 Series,49374.0,2.0,South America,Argentina,Online
15/05/2021,2021.0,BMW 1 Series,113872.0,5.0,Asia,Japan,Dealership
15/05/2021,2021.0,BMW M5,49715.0,2.0,North America,United States,Dealership
16/05/2021,2021.0,BMW i8,52453.0,4.0,Africa,Kenya,Wholesale
17/05/2021,2021.0,BMW i4,108183.0,3.0,Europe,Italy,Online
17/05/2021,2021.0,BMW 1 Series,43583.0,2.0,Asia,Japan,Online
17/05/2021,2021.0,BMW Z4,89596.0,2.0,Europe,Spain,Online
18/05/2021,2021.0,BMW 6 Series,82635.0,2.0,Asia,China,Wholesale
18/05/2021,2021.0,BMW M8,116005.0,5.0,Asia,South Korea,Wholesale
18/05/2021,2021.0,BMW 6 Series,41377.0,4.0,South America,Argentina,Dealership
18/05/2021,2021.0,BMW i3,56649.0,4.0,South America,Argentina,Dealership
18/05/2021,2021.0,BMW Z4,54740.0,5.0,Europe,Italy,Online
19/05/2021,2021.0,BMW 6 Series,79835.0,2.0,Europe,Italy,Online
19/05/2021,2021.0,BMW i3,46631.0,2.0,South America,Argentina,Online
19/05/2021,2021.0,BMW M2,43979.0,3.0,Africa,Morocco,Online
20/05/2021,2021.0,BMW X7,106629.0,2.0,North America,United States,Wholesale
20/05/2021,2021.0,BMW iX3,54409.0,1.0,South America,Peru,Online
20/05/2021,2021.0,BMW 6 Series,45847.0,2.0,Africa,Kenya,Online
20/05/2021,2021.0,BMW 8 Series,100160.0,3.0,Africa,Kenya,Wholesale
21/05/2021,2021.0,BMW 8 Series,97370.0,1.0,Asia,India,Online
21/05/2021,2021.0,BMW iX,86655.0,3.0,South America,Argentina,Online
21/05/2021,2021.0,BMW i8,104681.0,3.0,Asia,China,Wholesale
22/05/2021,2021.0,BMW 6 Series,118475.0,4.0,Europe,Germany,Online
23/05/2021,2021.0,BMW X6,71798.0,5.0,Asia,Japan,Wholesale
23/05/2021,2021.0,BMW X4,95533.0,3.0,North America,Canada,Dealership
24/05/2021,2021.0,BMW 8 Series,100291.0,2.0,Europe,United Kingdom,Dealership
24/05/2021,2021.0,BMW 3 Series,101052.0,4.0,Africa,South Africa,Dealership
24/05/2021,2021.0,BMW M8,49887.0,1.0,Asia,Japan,Online
24/05/2021,2021.0,BMW 3 Series,118958.0,5.0,Africa,Egypt,Wholesale
25/05/2021,2021.0,BMW X2,104108.0,4.0,Asia,South Korea,Wholesale
25/05/2021,2021.0,BMW X4,43692.0,3.0,Asia,South Korea,Dealership
25/05/2021,2021.0,BMW 5 Series,115913.0,4.0,Africa,Nigeria,Dealership
25/05/2021,2021.0,BMW M2,57268.0,2.0,South America,Colombia,Wholesale
26/05/2021,2021.0,BMW X4,44979.0,2.0,Asia,Japan,Wholesale
26/05/2021,2021.0,BMW M4,36371.0,2.0,Asia,South Korea,Online
27/05/2021,2021.0,BMW X1,94398.0,5.0,Europe,United Kingdom,Dealership
27/05/2021,2021.0,BMW i3,40070.0,4.0,South America,Peru,Wholesale
28/05/2021,2021.0,BMW 8 Series,30907.0,4.0,Asia,India,Wholesale
29/05/2021,2021.0,BMW iX3,104090.0,3.0,Asia,Thailand,Wholesale
30/05/2021,2021.0,BMW M8,52412.0,1.0,Asia,India,Online
30/05/2021,2021.0,BMW M2,30393.0,2.0,Africa,Kenya,Online
30/05/2021,2021.0,BMW M8,109428.0,1.0,North America,Mexico,Wholesale
30/05/2021,2021.0,BMW 5 Series,36387.0,1.0,Asia,India,Wholesale
31/05/2021,2021.0,BMW X1,73043.0,2.0,Asia,Thailand,Dealership
01/06/2021,2021.0,BMW 8 Series,100135.0,2.0,South America,Chile,Dealership
02/06/2021,2021.0,BMW 7 Series,67874.0,3.0,Africa,Nigeria,Dealership
02/06/2021,2021.0,BMW 8 Series,95355.0,5.0,Africa,Nigeria,Online
02/06/2021,2021.0,BMW iX,65851.0,2.0,Asia,South Korea,Online
03/06/2021,2021.0,BMW 6 Series,112901.0,1.0,Africa,Morocco,Online
03/06/2021,2021.0,BMW X1,65867.0,3.0,Asia,China,Online
03/06/2021,2021.0,BMW X1,36377.0,4.0,Asia,Thailand,Wholesale
03/06/2021,2021.0,BMW M2,71949.0,3.0,Asia,China,Wholesale
03/06/2021,2021.0,BMW 2 Series,85082.0,2.0,Asia,India,Wholesale
04/06/2021,2021.0,BMW X3,72028.0,2.0,Asia,China,Wholesale
04/06/2021,2021.0,BMW 3 Series,92993.0,5.0,Asia,India,Dealership
06/06/2021,2021.0,BMW M2,72668.0,3.0,Asia,Thailand,Online
06/06/2021,2021.0,BMW X3,82485.0,2.0,North America,United States,Online
06/06/2021,2021.0,BMW M4,75602.0,1.0,South America,Colombia,Online
07/06/2021,2021.0,BMW iX3,33770.0,1.0,Europe,Italy,Wholesale
07/06/2021,2021.0,BMW iX3,59974.0,3.0,South America,Chile,Dealership
09/06/2021,2021.0,BMW Z4,48638.0,5.0,Asia,India,Online
09/06/2021,2021.0,BMW M5,89701.0,3.0,Africa,Nigeria,Wholesale
09/06/2021,2021.0,BMW X1,40273.0,5.0,Africa,Nigeria,Online
09/06/2021,2021.0,BMW X7,64319.0,1.0,South America,Argentina,Dealership
10/06/2021,2021.0,BMW i8,40856.0,2.0,Africa,Morocco,Wholesale
10/06/2021,2021.0,BMW X5,63025.0,4.0,Asia,China,Online
11/06/2021,2021.0,BMW M3,54002.0,2.0,North America,Mexico,Online
11/06/2021,2021.0,BMW i3,99401.0,1.0,Europe,Italy,Dealership
11/06/2021,2021.0,BMW X7,105018.0,1.0,South America,Chile,Wholesale
11/06/2021,2021.0,BMW 7 Series,105204.0,2.0,Africa,South Africa,Dealership
12/06/2021,2021.0,BMW X3,63488.0,2.0,North America,Mexico,Dealership
12/06/2021,2021.0,BMW M5,115223.0,1.0,North America,United States,Dealership
12/06/2021,2021.0,BMW M3,68822.0,2.0,South America,Colombia,Dealership
12/06/2021,2021.0,BMW iX3,103465.0,4.0,Africa,Morocco,Dealership
13/06/2021,2021.0,BMW X6,107195.0,4.0,North America,Mexico,Wholesale
13/06/2021,2021.0,BMW 3 Series,45120.0,3.0,Africa,South Africa,Wholesale
14/06/2021,2021.0,BMW 1 Series,90673.0,4.0,Asia,China,Wholesale
15/06/2021,2021.0,BMW M4,61238.0,1.0,South America,Chile,Online
15/06/2021,2021.0,BMW X5,86366.0,1.0,Africa,Egypt,Dealership
15/06/2021,2021.0,BMW 6 Series,57944.0,3.0,Europe,Italy,Dealership
15/06/2021,2021.0,BMW X4,30544.0,5.0,Africa,South Africa,Online
15/06/2021,2021.0,BMW 7 Series,90820.0,3.0,Africa,Kenya,Wholesale
15/06/2021,2021.0,BMW 4 Series,51169.0,5.0,Africa,Kenya,Wholesale
15/06/2021,2021.0,BMW X6,43607.0,5.0,North America,United States,Dealership
15/06/2021,2021.0,BMW X5,112895.0,2.0,Africa,Morocco,Dealership
16/06/2021,2021.0,BMW M8,107167.0,4.0,Africa,South Africa,Wholesale
16/06/2021,2021.0,BMW X2,83662.0,5.0,Asia,India,Wholesale
16/06/2021,2021.0,BMW 7 Series,66277.0,2.0,South America,Chile,Dealership
16/06/2021,2021.0,BMW i8,31713.0,3.0,South America,Peru,Wholesale
16/06/2021,2021.0,BMW 7 Series,113375.0,3.0,North America,Mexico,Online
17/06/2021,2021.0,BMW X4,101889.0,5.0,Asia,Thailand,Online
17/06/2021,2021.0,BMW X5,94046.0,2.0,North America,United States,Dealership
19/06/2021,2021.0,BMW X5,109091.0,1.0,South America,Chile,Dealership
19/06/2021,2021.0,BMW M5,39319.0,4.0,Asia,China,Dealership
19/06/2021,2021.0,BMW X6,53990.0,5.0,Asia,Thailand,Dealership
19/06/2021,2021.0,BMW M8,90035.0,1.0,Europe,Italy,Online
19/06/2021,2021.0,BMW M5,53855.0,4.0,North America,United States,Dealership
20/06/2021,2021.0,BMW iX,61063.0,1.0,North America,Mexico,Dealership
20/06/2021,2021.0,BMW X4,62716.0,2.0,North America,United States,Online
21/06/2021,2021.0,BMW Z4,117579.0,5.0,Africa,Kenya,Online
21/06/2021,2021.0,BMW X5,61279.0,1.0,Europe,Spain,Wholesale
21/06/2021,2021.0,BMW X7,93853.0,1.0,Africa,Morocco,Dealership
21/06/2021,2021.0,BMW X4,54489.0,1.0,South America,Argentina,Wholesale
22/06/2021,2021.0,BMW 1 Series,59738.0,5.0,Europe,Spain,Dealership
22/06/2021,2021.0,BMW X3,58299.0,2.0,Africa,Kenya,Online
22/06/2021,2021.0,BMW M3,31198.0,2.0,Africa,South Africa,Dealership
22/06/2021,2021.0,BMW 3 Series,102277.0,1.0,Europe,Germany,Dealership
22/06/2021,2021.0,BMW Z4,72707.0,2.0,Africa,Nigeria,Dealership
22/06/2021,2021.0,BMW X1,63043.0,4.0,Europe,France,Online
22/06/2021,2021.0,BMW iX3,76435.0,2.0,Africa,Morocco,Online
23/06/2021,2021.0,BMW 4 Series,64920.0,1.0,Asia,South Korea,Online
23/06/2021,2021.0,BMW 1 Series,35403.0,4.0,Asia,China,Wholesale
24/06/2021,2021.0,BMW X2,31473.0,5.0,South America,Chile,Dealership
24/06/2021,2021.0,BMW 2 Series,34666.0,3.0,North America,Mexico,Dealership
24/06/2021,2021.0,BMW iX,47946.0,2.0,Africa,Nigeria,Dealership
24/06/2021,2021.0,BMW 7 Series,63469.0,4.0,Africa,Egypt,Wholesale
25/06/2021,2021.0,BMW X1,108347.0,3.0,Africa,Kenya,Wholesale
26/06/2021,2021.0,BMW M2,41036.0,5.0,Europe,Spain,Online
26/06/2021,2021.0,BMW M4,44837.0,3.0,Europe,Germany,Online
28/06/2021,2021.0,BMW i8,48616.0,5.0,Europe,Spain,Dealership
28/06/2021,2021.0,BMW X1,96572.0,1.0,Africa,Nigeria,Dealership
29/06/2021,2021.0,BMW X4,67982.0,1.0,North America,United States,Online
29/06/2021,2021.0,BMW 3 Series,52706.0,5.0,South America,Colombia,Wholesale
29/06/2021,2021.0,BMW Z4,54051.0,3.0,Asia,China,Dealership
29/06/2021,2021.0,BMW X6,34225.0,2.0,Europe,Spain,Dealership
30/06/2021,2021.0,BMW X3,41891.0,3.0,Europe,France,Wholesale
30/06/2021,2021.0,BMW X1,46564.0,3.0,Africa,Kenya,Online
01/07/2021,2021.0,BMW X1,64462.0,2.0,Europe,France,Wholesale
01/07/2021,2021.0,BMW 5 Series,103606.0,3.0,South America,Argentina,Online
02/07/2021,2021.0,BMW 1 Series,46756.0,3.0,Asia,Japan,Wholesale
02/07/2021,2021.0,BMW 5 Series,50846.0,4.0,Africa,Kenya,Wholesale
02/07/2021,2021.0,BMW i8,103085.0,5.0,Africa,Egypt,Online
03/07/2021,2021.0,BMW M8,65059.0,1.0,North America,United States,Wholesale
03/07/2021,2021.0,BMW X7,87782.0,5.0,Africa,Egypt,Wholesale
03/07/2021,2021.0,BMW X1,55568.0,3.0,North America,Mexico,Online
03/07/2021,2021.0,BMW M8,51943.0,2.0,North America,Mexico,Online
03/07/2021,2021.0,BMW 8 Series,105604.0,2.0,Asia,India,Wholesale
04/07/2021,2021.0,BMW 4 Series,69214.0,1.0,Asia,Thailand,Wholesale
04/07/2021,2021.0,BMW i8,90126.0,1.0,Europe,United Kingdom,Wholesale
05/07/2021,2021.0,BMW 2 Series,96358.0,1.0,South America,Brazil,Dealership
05/07/2021,2021.0,BMW M4,90910.0,2.0,North America,United States,Wholesale
05/07/2021,2021.0,BMW 2 Series,49318.0,3.0,Africa,Morocco,Dealership
05/07/2021,2021.0,BMW i8,90646.0,1.0,North America,United States,Wholesale
05/07/2021,2021.0,BMW 2 Series,54118.0,1.0,North America,Mexico,Online
06/07/2021,2021.0,BMW M5,73671.0,2.0,South America,Colombia,Dealership
06/07/2021,2021.0,BMW X4,64253.0,3.0,Africa,South Africa,Dealership
07/07/2021,2021.0,BMW i8,53039.0,1.0,Africa,Nigeria,Wholesale
07/07/2021,2021.0,BMW 8 Series,44017.0,3.0,Europe,France,Online
08/07/2021,2021.0,BMW M4,64482.0,4.0,Asia,Japan,Online
09/07/2021,2021.0,BMW X1,103528.0,1.0,Europe,France,Wholesale
09/07/2021,2021.0,BMW M5,63083.0,1.0,South America,Brazil,Wholesale
10/07/2021,2021.0,BMW X3,67315.0,2.0,Africa,Kenya,Online
10/07/2021,2021.0,BMW i3,50353.0,4.0,South America,Colombia,Online
10/07/2021,2021.0,BMW X7,119007.0,4.0,Europe,Spain,Online
11/07/2021,2021.0,BMW X3,39201.0,4.0,Europe,France,Online
11/07/2021,2021.0,BMW X6,79354.0,5.0,North America,Canada,Online
12/07/2021,2021.0,BMW X2,77553.0,2.0,South America,Brazil,Online
12/07/2021,2021.0,BMW 5 Series,69459.0,2.0,Europe,Germany,Online
12/07/2021,2021.0,BMW X4,110312.0,1.0,South America,Peru,Dealership
13/07/2021,2021.0,BMW X7,98324.0,2.0,South America,Colombia,Dealership
13/07/2021,2021.0,BMW X6,37799.0,1.0,Europe,Italy,Online
13/07/2021,2021.0,BMW 1 Series,112563.0,1.0,Asia,China,Dealership
13/07/2021,2021.0,BMW X4,105475.0,5.0,Asia,South Korea,Dealership
13/07/2021,2021.0,BMW X3,119779.0,2.0,Europe,Spain,Online
13/07/2021,2021.0,BMW X7,105997.0,2.0,Africa,South Africa,Online
13/07/2021,2021.0,BMW M8,115134.0,5.0,Africa,Egypt,Wholesale
14/07/2021,2021.0,BMW i3,30093.0,5.0,Europe,France,Wholesale
14/07/2021,2021.0,BMW 7 Series,63033.0,2.0,North America,Mexico,Online
14/07/2021,2021.0,BMW i4,92093.0,2.0,South America,Colombia,Wholesale
15/07/2021,2021.0,BMW iX3,92323.0,1.0,North America,Mexico,Dealership
15/07/2021,2021.0,BMW iX3,32704.0,3.0,Asia,Thailand,Online
15/07/2021,2021.0,BMW X7,47585.0,1.0,Africa,Nigeria,Online
16/07/2021,2021.0,BMW X3,42202.0,4.0,Europe,Spain,Online
16/07/2021,2021.0,BMW X4,119074.0,4.0,South America,Peru,Wholesale
16/07/2021,2021.0,BMW 7 Series,88451.0,3.0,Europe,Italy,Dealership
18/07/2021,2021.0,BMW 3 Series,54227.0,5.0,Asia,Thailand,Wholesale
18/07/2021,2021.0,BMW X2,115930.0,4.0,North America,United States,Wholesale
18/07/2021,2021.0,BMW 5 Series,41055.0,5.0,Asia,South Korea,Wholesale
19/07/2021,2021.0,BMW Z4,53763.0,5.0,Europe,Italy,Wholesale
19/07/2021,2021.0,BMW M3,84093.0,1.0,Africa,South Africa,Online
19/07/2021,2021.0,BMW 3 Series,66189.0,5.0,Africa,Nigeria,Online
20/07/2021,2021.0,BMW X2,101227.0,3.0,Africa,South Africa,Online
20/07/2021,2021.0,BMW 1 Series,110266.0,1.0,South America,Colombia,Online
21/07/2021,2021.0,BMW M5,30036.0,3.0,Africa,Kenya,Wholesale
21/07/2021,2021.0,BMW X2,55545.0,5.0,Asia,South Korea,Online
21/07/2021,2021.0,BMW 7 Series,41170.0,4.0,Europe,Germany,Dealership
22/07/2021,2021.0,BMW 6 Series,37430.0,5.0,Asia,South Korea,Online
22/07/2021,2021.0,BMW M4,68918.0,3.0,Europe,Germany,Wholesale
22/07/2021,2021.0,BMW Z4,50762.0,2.0,Europe,Spain,Online
22/07/2021,2021.0,BMW X1,46090.0,2.0,North America,Canada,Wholesale
23/07/2021,2021.0,BMW M2,96798.0,4.0,Africa,Nigeria,Dealership
24/07/2021,2021.0,BMW X1,71541.0,3.0,South America,Brazil,Online
24/07/2021,2021.0,BMW 1 Series,110174.0,4.0,Asia,Japan,Dealership
26/07/2021,2021.0,BMW M8,85092.0,1.0,South America,Chile,Dealership
26/07/2021,2021.0,BMW 6 Series,79179.0,5.0,Africa,Kenya,Online
27/07/2021,2021.0,BMW X5,57677.0,1.0,South America,Argentina,Dealership
27/07/2021,2021.0,BMW X6,40298.0,2.0,North America,United States,Dealership
27/07/2021,2021.0,BMW 7 Series,59572.0,5.0,North America,Canada,Wholesale
27/07/2021,2021.0,BMW X6,107831.0,1.0,Europe,France,Wholesale
28/07/2021,2021.0,BMW M8,64563.0,2.0,Europe,United Kingdom,Dealership
29/07/2021,2021.0,BMW X5,54045.0,1.0,Europe,Italy,Wholesale
30/07/2021,2021.0,BMW X3,93654.0,5.0,Europe,France,Online
30/07/2021,2021.0,BMW X6,55836.0,1.0,Africa,Morocco,Wholesale
30/07/2021,2021.0,BMW X6,56508.0,5.0,Europe,France,Dealership
31/07/2021,2021.0,BMW M4,41282.0,1.0,South America,Argentina,Dealership
31/07/2021,2021.0,BMW 4 Series,51198.0,4.0,Europe,United Kingdom,Online
31/07/2021,2021.0,BMW X6,94668.0,1.0,Europe,United Kingdom,Dealership
01/08/2021,2021.0,BMW M2,114614.0,1.0,South America,Brazil,Dealership
01/08/2021,2021.0,BMW X6,118295.0,4.0,South America,Brazil,Dealership
01/08/2021,2021.0,BMW X2,46257.0,2.0,South America,Colombia,Online
01/08/2021,2021.0,BMW iX3,38308.0,5.0,Asia,South Korea,Dealership
02/08/2021,2021.0,BMW 4 Series,90951.0,3.0,Asia,India,Dealership
02/08/2021,2021.0,BMW iX3,72973.0,2.0,Asia,Japan,Dealership
02/08/2021,2021.0,BMW 5 Series,74782.0,5.0,Europe,Italy,Wholesale
03/08/2021,2021.0,BMW 1 Series,72774.0,1.0,Asia,Japan,Wholesale
03/08/2021,2021.0,BMW i8,77611.0,2.0,Europe,France,Dealership
03/08/2021,2021.0,BMW iX3,63779.0,1.0,South America,Brazil,Dealership
03/08/2021,2021.0,BMW 3 Series,74156.0,2.0,North America,United States,Online
03/08/2021,2021.0,BMW 7 Series,110808.0,2.0,Asia,Thailand,Wholesale
05/08/2021,2021.0,BMW 2 Series,100015.0,3.0,Europe,Spain,Dealership
05/08/2021,2021.0,BMW X5,103230.0,4.0,Asia,Thailand,Dealership
05/08/2021,2021.0,BMW X2,77346.0,2.0,South America,Peru,Wholesale
05/08/2021,2021.0,BMW X3,60158.0,1.0,North America,United States,Wholesale
05/08/2021,2021.0,BMW 6 Series,70542.0,3.0,North America,United States,Wholesale
06/08/2021,2021.0,BMW M4,71128.0,2.0,Africa,Egypt,Wholesale
06/08/2021,2021.0,BMW X5,75991.0,4.0,North America,United States,Wholesale
06/08/2021,2021.0,BMW 8 Series,114320.0,1.0,North America,Canada,Dealership
07/08/2021,2021.0,BMW X6,98541.0,3.0,Asia,Thailand,Online
07/08/2021,2021.0,BMW 4 Series,69766.0,5.0,Asia,India,Online
07/08/2021,2021.0,BMW M2,98876.0,4.0,Europe,Italy,Online
07/08/2021,2021.0,BMW 3 Series,33864.0,5.0,South America,Chile,Online
08/08/2021,2021.0,BMW i3,118660.0,5.0,Africa,Nigeria,Dealership
08/08/2021,2021.0,BMW iX3,85951.0,3.0,Africa,Morocco,Online
08/08/2021,2021.0,BMW X4,73969.0,3.0,Asia,China,Dealership
09/08/2021,2021.0,BMW i8,104836.0,3.0,North America,Mexico,Dealership
09/08/2021,2021.0,BMW 2 Series,39156.0,5.0,South America,Peru,Wholesale
09/08/2021,2021.0,BMW X7,83749.0,1.0,Africa,Morocco,Online
10/08/2021,2021.0,BMW 3 Series,96024.0,3.0,South America,Chile,Online
11/08/2021,2021.0,BMW 6 Series,57488.0,4.0,North America,Mexico,Online
11/08/2021,2021.0,BMW M4,46306.0,3.0,North America,Mexico,Wholesale
11/08/2021,2021.0,BMW X7,52254.0,3.0,Europe,United Kingdom,Dealership
11/08/2021,2021.0,BMW X2,91572.0,3.0,North America,Mexico,Online
11/08/2021,2021.0,BMW 2 Series,47538.0,5.0,Europe,Italy,Online
11/08/2021,2021.0,BMW 7 Series,57700.0,1.0,Europe,United Kingdom,Online
11/08/2021,2021.0,BMW M5,53007.0,3.0,Africa,Nigeria,Dealership
12/08/2021,2021.0,BMW iX,115054.0,5.0,South America,Argentina,Online
12/08/2021,2021.0,BMW X1,103040.0,4.0,Africa,Kenya,Dealership
12/08/2021,2021.0,BMW M8,112946.0,1.0,Europe,Spain,Online
13/08/2021,2021.0,BMW 7 Series,66389.0,5.0,Europe,Spain,Online
14/08/2021,2021.0,BMW X7,115783.0,2.0,Europe,Spain,Dealership
14/08/2021,2021.0,BMW 8 Series,31943.0,4.0,South America,Peru,Dealership
14/08/2021,2021.0,BMW iX3,93572.0,4.0,South America,Peru,Wholesale
14/08/2021,2021.0,BMW 3 Series,84004.0,2.0,Africa,Egypt,Dealership
15/08/2021,2021.0,BMW 8 Series,59495.0,5.0,Europe,Germany,Online
15/08/2021,2021.0,BMW 7 Series,39593.0,5.0,Africa,Nigeria,Wholesale
15/08/2021,2021.0,BMW 1 Series,32673.0,4.0,Africa,South Africa,Online
15/08/2021,2021.0,BMW M3,41721.0,5.0,South America,Colombia,Online
16/08/2021,2021.0,BMW i4,90977.0,2.0,South America,Peru,Wholesale
16/08/2021,2021.0,BMW M4,111079.0,5.0,South America,Colombia,Dealership
16/08/2021,2021.0,BMW iX,33140.0,4.0,Europe,Italy,Wholesale
16/08/2021,2021.0,BMW 1 Series,106237.0,5.0,Africa,South Africa,Wholesale
16/08/2021,2021.0,BMW iX,80135.0,1.0,Africa,Nigeria,Wholesale
16/08/2021,2021.0,BMW X5,43102.0,2.0,Europe,France,Online
16/08/2021,2021.0,BMW iX3,103803.0,2.0,Asia,India,Dealership
16/08/2021,2021.0,BMW X1,104327.0,3.0,Africa,Nigeria,Wholesale
17/08/2021,2021.0,BMW M8,118576.0,5.0,Asia,Thailand,Online
17/08/2021,2021.0,BMW 4 Series,73183.0,2.0,North America,Mexico,Dealership
17/08/2021,2021.0,BMW 4 Series,77510.0,5.0,Europe,Spain,Online
18/08/2021,2021.0,BMW M2,86899.0,1.0,Africa,Egypt,Wholesale
19/08/2021,2021.0,BMW 2 Series,79869.0,4.0,North America,Mexico,Dealership
19/08/2021,2021.0,BMW 4 Series,44897.0,4.0,Europe,United Kingdom,Online
19/08/2021,2021.0,BMW X3,82236.0,3.0,Asia,China,Dealership
19/08/2021,2021.0,BMW 7 Series,43901.0,3.0,North America,Canada,Wholesale
20/08/2021,2021.0,BMW 1 Series,59404.0,2.0,Asia,China,Wholesale
20/08/2021,2021.0,BMW M3,78671.0,2.0,Europe,United Kingdom,Wholesale
20/08/2021,2021.0,BMW X2,118589.0,2.0,South America,Chile,Dealership
20/08/2021,2021.0,BMW X6,118970.0,1.0,North America,Mexico,Dealership
20/08/2021,2021.0,BMW i8,45430.0,3.0,Africa,South Africa,Online
21/08/2021,2021.0,BMW X1,80641.0,3.0,North America,Mexico,Online
21/08/2021,2021.0,BMW X6,54055.0,4.0,Europe,United Kingdom,Wholesale
22/08/2021,2021.0,BMW M3,82290.0,3.0,North America,United States,Wholesale
22/08/2021,2021.0,BMW M5,118424.0,3.0,North America,Mexico,Dealership
23/08/2021,2021.0,BMW X5,42043.0,1.0,Europe,France,Dealership
23/08/2021,2021.0,BMW i8,44060.0,2.0,Europe,Spain,Dealership
24/08/2021,2021.0,BMW Z4,104805.0,1.0,Asia,India,Dealership
24/08/2021,2021.0,BMW X3,93690.0,5.0,Africa,South Africa,Dealership
25/08/2021,2021.0,BMW X3,93564.0,4.0,Asia,China,Wholesale
25/08/2021,2021.0,BMW 6 Series,117821.0,4.0,North America,United States,Wholesale
25/08/2021,2021.0,BMW X3,35383.0,4.0,Africa,Kenya,Wholesale
26/08/2021,2021.0,BMW X3,72180.0,2.0,Asia,India,Online
26/08/2021,2021.0,BMW 3 Series,37669.0,2.0,North America,Mexico,Online
26/08/2021,2021.0,BMW X1,91439.0,2.0,North America,Canada,Online
26/08/2021,2021.0,BMW M2,99529.0,4.0,Asia,Japan,Wholesale
26/08/2021,2021.0,BMW 2 Series,117189.0,4.0,North America,Canada,Wholesale
26/08/2021,2021.0,BMW 4 Series,31237.0,4.0,South America,Peru,Online
26/08/2021,2021.0,BMW iX,67703.0,5.0,Africa,Kenya,Wholesale
27/08/2021,2021.0,BMW M2,37408.0,5.0,Europe,Spain,Wholesale
27/08/2021,2021.0,BMW 7 Series,98197.0,4.0,South America,Colombia,Wholesale
28/08/2021,2021.0,BMW 2 Series,110653.0,2.0,Europe,Germany,Online
29/08/2021,2021.0,BMW 2 Series,115346.0,2.0,Asia,Japan,Dealership
30/08/2021,2021.0,BMW 4 Series,45930.0,5.0,South America,Peru,Dealership
30/08/2021,2021.0,BMW 4 Series,85881.0,5.0,Africa,South Africa,Wholesale
30/08/2021,2021.0,BMW M3,97238.0,4.0,Africa,Nigeria,Dealership
31/08/2021,2021.0,BMW 4 Series,53427.0,4.0,North America,Canada,Dealership
01/09/2021,2021.0,BMW X2,109919.0,2.0,South America,Brazil,Online
01/09/2021,2021.0,BMW M2,91353.0,3.0,Africa,Kenya,Dealership
03/09/2021,2021.0,BMW X1,74555.0,2.0,Asia,India,Online
03/09/2021,2021.0,BMW M8,38678.0,2.0,Europe,Germany,Dealership
03/09/2021,2021.0,BMW i4,100746.0,4.0,Europe,United Kingdom,Online
03/09/2021,2021.0,BMW Z4,98264.0,3.0,South America,Brazil,Online
04/09/2021,2021.0,BMW X5,107568.0,3.0,Africa,Egypt,Dealership
04/09/2021,2021.0,BMW iX3,104041.0,4.0,Asia,Japan,Online
04/09/2021,2021.0,BMW i8,44075.0,1.0,Africa,Nigeria,Wholesale
04/09/2021,2021.0,BMW 8 Series,72680.0,4.0,North America,United States,Dealership
05/09/2021,2021.0,BMW i3,105507.0,5.0,Asia,Thailand,Wholesale
05/09/2021,2021.0,BMW i4,40988.0,3.0,Asia,China,Dealership
05/09/2021,2021.0,BMW M3,48262.0,4.0,South America,Peru,Wholesale
06/09/2021,2021.0,BMW X4,33857.0,2.0,Asia,Japan,Wholesale
06/09/2021,2021.0,BMW X3,114502.0,2.0,Asia,India,Dealership
06/09/2021,2021.0,BMW M3,74541.0,2.0,Europe,France,Online
08/09/2021,2021.0,BMW 8 Series,36630.0,4.0,Europe,Germany,Dealership
08/09/2021,2021.0,BMW 4 Series,45468.0,1.0,South America,Peru,Wholesale
08/09/2021,2021.0,BMW 2 Series,34987.0,5.0,South America,Brazil,Online
09/09/2021,2021.0,BMW 7 Series,90445.0,2.0,Africa,Egypt,Online
09/09/2021,2021.0,BMW X2,106488.0,4.0,Africa,South Africa,Dealership
09/09/2021,2021.0,BMW X2,93368.0,1.0,Africa,South Africa,Dealership
09/09/2021,2021.0,BMW iX3,79634.0,3.0,North America,United States,Wholesale
09/09/2021,2021.0,BMW X6,85344.0,3.0,Asia,China,Online
09/09/2021,2021.0,BMW iX,39872.0,5.0,South America,Peru,Online
10/09/2021,2021.0,BMW Z4,48936.0,4.0,Europe,Spain,Wholesale
10/09/2021,2021.0,BMW iX,61001.0,4.0,Africa,Morocco,Wholesale
10/09/2021,2021.0,BMW X3,99134.0,2.0,North America,Canada,Dealership
11/09/2021,2021.0,BMW i3,113762.0,1.0,Africa,South Africa,Dealership
11/09/2021,2021.0,BMW iX,55168.0,5.0,North America,United States,Wholesale
12/09/2021,2021.0,BMW i3,50704.0,1.0,Asia,South Korea,Wholesale
12/09/2021,2021.0,BMW 3 Series,84157.0,5.0,North America,Mexico,Wholesale
12/09/2021,2021.0,BMW Z4,63428.0,4.0,Europe,Germany,Dealership
13/09/2021,2021.0,BMW X4,33255.0,4.0,North America,Mexico,Dealership
13/09/2021,2021.0,BMW 2 Series,83861.0,5.0,Africa,Nigeria,Wholesale
13/09/2021,2021.0,BMW iX3,103002.0,1.0,North America,United States,Wholesale
13/09/2021,2021.0,BMW i3,69453.0,3.0,Asia,China,Online
13/09/2021,2021.0,BMW M4,119443.0,3.0,Africa,South Africa,Online
13/09/2021,2021.0,BMW i3,51826.0,2.0,South America,Argentina,Dealership
14/09/2021,2021.0,BMW Z4,99445.0,2.0,Asia,India,Online
14/09/2021,2021.0,BMW X5,36088.0,1.0,Africa,Egypt,Online
14/09/2021,2021.0,BMW 2 Series,56730.0,4.0,South America,Colombia,Dealership
14/09/2021,2021.0,BMW 4 Series,43570.0,1.0,Africa,Nigeria,Online
14/09/2021,2021.0,BMW M5,46471.0,5.0,Europe,United Kingdom,Wholesale
14/09/2021,2021.0,BMW i3,83906.0,3.0,Asia,South Korea,Online
15/09/2021,2021.0,BMW X1,118545.0,2.0,Africa,Kenya,Dealership
15/09/2021,2021.0,BMW X1,109908.0,1.0,North America,Mexico,Dealership
15/09/2021,2021.0,BMW X7,82900.0,1.0,North America,United States,Wholesale
16/09/2021,2021.0,BMW X2,63527.0,5.0,Europe,United Kingdom,Dealership
16/09/2021,2021.0,BMW i8,63738.0,4.0,Africa,Nigeria,Dealership
16/09/2021,2021.0,BMW i4,76973.0,4.0,Europe,United Kingdom,Wholesale
16/09/2021,2021.0,BMW X2,108191.0,3.0,Africa,Egypt,Online
17/09/2021,2021.0,BMW 8 Series,111176.0,2.0,Europe,Italy,Online
17/09/2021,2021.0,BMW i8,51530.0,4.0,North America,Mexico,Dealership
17/09/2021,2021.0,BMW 7 Series,30715.0,4.0,North America,United States,Dealership
17/09/2021,2021.0,BMW X5,55247.0,4.0,Asia,South Korea,Online
17/09/2021,2021.0,BMW iX,65236.0,1.0,Europe,France,Online
17/09/2021,2021.0,BMW i8,65749.0,4.0,Europe,United Kingdom,Dealership
17/09/2021,2021.0,BMW 2 Series,70558.0,5.0,Asia,China,Online
18/09/2021,2021.0,BMW 6 Series,76059.0,3.0,North America,Mexico,Dealership
18/09/2021,2021.0,BMW X7,107080.0,4.0,Europe,Spain,Dealership
18/09/2021,2021.0,BMW X5,36829.0,2.0,Asia,Japan,Wholesale
18/09/2021,2021.0,BMW 4 Series,74344.0,1.0,Europe,Italy,Wholesale
19/09/2021,2021.0,BMW Z4,87943.0,5.0,Asia,India,Online
19/09/2021,2021.0,BMW X7,98971.0,3.0,South America,Peru,Dealership
19/09/2021,2021.0,BMW 4 Series,108253.0,1.0,Europe,France,Online
20/09/2021,2021.0,BMW 1 Series,81548.0,5.0,Africa,Egypt,Online
20/09/2021,2021.0,BMW M5,99073.0,1.0,Asia,India,Wholesale
20/09/2021,2021.0,BMW 4 Series,95869.0,3.0,Asia,Thailand,Dealership
20/09/2021,2021.0,BMW X6,85041.0,3.0,South America,Chile,Wholesale
21/09/2021,2021.0,BMW 2 Series,40485.0,4.0,Europe,Germany,Wholesale
22/09/2021,2021.0,BMW M4,79217.0,2.0,Europe,Germany,Wholesale
22/09/2021,2021.0,BMW i4,45175.0,4.0,North America,Mexico,Dealership
23/09/2021,2021.0,BMW i4,63831.0,1.0,Europe,Spain,Wholesale
23/09/2021,2021.0,BMW Z4,65284.0,4.0,Asia,Thailand,Online
23/09/2021,2021.0,BMW 7 Series,72281.0,3.0,Europe,Spain,Dealership
23/09/2021,2021.0,BMW 4 Series,54601.0,3.0,Asia,Thailand,Dealership
24/09/2021,2021.0,BMW X2,105827.0,3.0,Asia,Thailand,Online
24/09/2021,2021.0,BMW i8,85450.0,4.0,North America,Mexico,Online
24/09/2021,2021.0,BMW 1 Series,114660.0,5.0,North America,Canada,Online
25/09/2021,2021.0,BMW X7,44052.0,4.0,South America,Chile,Wholesale
25/09/2021,2021.0,BMW 3 Series,87247.0,4.0,Europe,Spain,Wholesale
25/09/2021,2021.0,BMW 5 Series,106939.0,4.0,Asia,China,Wholesale
25/09/2021,2021.0,BMW X2,105045.0,4.0,Africa,Kenya,Wholesale
25/09/2021,2021.0,BMW X3,54529.0,3.0,Africa,Egypt,Wholesale
26/09/2021,2021.0,BMW X2,32539.0,2.0,Asia,South Korea,Wholesale
26/09/2021,2021.0,BMW 6 Series,35230.0,4.0,Africa,Morocco,Wholesale
26/09/2021,2021.0,BMW 6 Series,35521.0,4.0,Asia,Japan,Wholesale
26/09/2021,2021.0,BMW M5,67208.0,2.0,Asia,Japan,Wholesale
26/09/2021,2021.0,BMW 6 Series,99726.0,4.0,Africa,Kenya,Dealership
27/09/2021,2021.0,BMW 3 Series,108970.0,2.0,North America,Canada,Dealership
27/09/2021,2021.0,BMW 2 Series,118228.0,3.0,Asia,South Korea,Dealership
27/09/2021,2021.0,BMW 4 Series,74544.0,5.0,Africa,Morocco,Wholesale
28/09/2021,2021.0,BMW X6,70735.0,4.0,Asia,China,Dealership
28/09/2021,2021.0,BMW X1,49750.0,5.0,Europe,Italy,Wholesale
29/09/2021,2021.0,BMW 3 Series,65980.0,4.0,Africa,Egypt,Wholesale
29/09/2021,2021.0,BMW iX,55618.0,1.0,Africa,Kenya,Dealership
29/09/2021,2021.0,BMW Z4,117204.0,1.0,Europe,United Kingdom,Dealership
30/09/2021,2021.0,BMW i3,35164.0,3.0,Asia,China,Online
30/09/2021,2021.0,BMW X6,96610.0,5.0,Europe,Germany,Dealership
30/09/2021,2021.0,BMW 8 Series,107271.0,5.0,Africa,Nigeria,Dealership
30/09/2021,2021.0,BMW X6,87740.0,2.0,Asia,Thailand,Wholesale
01/10/2021,2021.0,BMW 6 Series,95123.0,2.0,North America,Canada,Wholesale
01/10/2021,2021.0,BMW 4 Series,73056.0,4.0,South America,Peru,Wholesale
01/10/2021,2021.0,BMW 6 Series,45270.0,2.0,North America,United States,Online
01/10/2021,2021.0,BMW 3 Series,65925.0,2.0,Asia,India,Wholesale
01/10/2021,2021.0,BMW X6,54225.0,5.0,South America,Colombia,Wholesale
02/10/2021,2021.0,BMW Z4,78544.0,1.0,Africa,South Africa,Dealership
02/10/2021,2021.0,BMW 1 Series,96606.0,5.0,Asia,China,Wholesale
02/10/2021,2021.0,BMW 7 Series,39874.0,2.0,Africa,South Africa,Online
03/10/2021,2021.0,BMW 3 Series,60284.0,4.0,Europe,Italy,Online
03/10/2021,2021.0,BMW iX,64782.0,1.0,Asia,Thailand,Dealership
04/10/2021,2021.0,BMW 3 Series,84524.0,2.0,Asia,India,Wholesale
04/10/2021,2021.0,BMW X1,92661.0,2.0,Europe,France,Wholesale
05/10/2021,2021.0,BMW 2 Series,38614.0,4.0,Africa,Kenya,Dealership
05/10/2021,2021.0,BMW X6,82634.0,4.0,South America,Peru,Online
06/10/2021,2021.0,BMW X7,115550.0,2.0,Europe,United Kingdom,Online
07/10/2021,2021.0,BMW Z4,62640.0,2.0,Asia,Japan,Online
07/10/2021,2021.0,BMW X5,47696.0,5.0,North America,Mexico,Dealership
07/10/2021,2021.0,BMW M8,44436.0,3.0,Asia,China,Wholesale
07/10/2021,2021.0,BMW 4 Series,39515.0,4.0,North America,United States,Wholesale
08/10/2021,2021.0,BMW X3,72012.0,4.0,Europe,Italy,Dealership
09/10/2021,2021.0,BMW 2 Series,115968.0,5.0,North America,Canada,Dealership
09/10/2021,2021.0,BMW X2,73654.0,1.0,Africa,South Africa,Online
10/10/2021,2021.0,BMW M5,51086.0,1.0,South America,Chile,Wholesale
10/10/2021,2021.0,BMW 5 Series,46923.0,1.0,South America,Colombia,Wholesale
10/10/2021,2021.0,BMW 1 Series,44003.0,4.0,North America,Canada,Wholesale
12/10/2021,2021.0,BMW i3,47013.0,3.0,Europe,Italy,Dealership
12/10/2021,2021.0,BMW i8,46551.0,3.0,Asia,China,Online
13/10/2021,2021.0,BMW i8,95633.0,5.0,Asia,India,Online
13/10/2021,2021.0,BMW M4,49668.0,1.0,Africa,Kenya,Wholesale
13/10/2021,2021.0,BMW X4,31634.0,1.0,South America,Chile,Online
14/10/2021,2021.0,BMW 7 Series,105440.0,2.0,South America,Brazil,Online
14/10/2021,2021.0,BMW 1 Series,39764.0,5.0,Europe,Spain,Dealership
14/10/2021,2021.0,BMW Z4,55651.0,5.0,South America,Chile,Online
15/10/2021,2021.0,BMW M5,30100.0,4.0,Africa,Morocco,Dealership
15/10/2021,2021.0,BMW iX3,86327.0,4.0,Asia,India,Online
15/10/2021,2021.0,BMW X4,83179.0,5.0,South America,Peru,Wholesale
16/10/2021,2021.0,BMW i3,85883.0,3.0,Africa,Nigeria,Wholesale
16/10/2021,2021.0,BMW 8 Series,115058.0,5.0,Europe,United Kingdom,Dealership
16/10/2021,2021.0,BMW 4 Series,57163.0,3.0,Europe,France,Online
17/10/2021,2021.0,BMW Z4,86081.0,4.0,Africa,Egypt,Dealership
17/10/2021,2021.0,BMW i3,117200.0,5.0,South America,Colombia,Online
18/10/2021,2021.0,BMW iX3,83833.0,3.0,South America,Brazil,Dealership
18/10/2021,2021.0,BMW i3,81342.0,2.0,South America,Argentina,Wholesale
18/10/2021,2021.0,BMW i3,81538.0,2.0,South America,Argentina,Wholesale
18/10/2021,2021.0,BMW iX,52487.0,5.0,Asia,South Korea,Wholesale
19/10/2021,2021.0,BMW M3,84345.0,1.0,North America,Mexico,Online
20/10/2021,2021.0,BMW 2 Series,74183.0,5.0,Europe,Germany,Wholesale
20/10/2021,2021.0,BMW X1,92232.0,4.0,South America,Argentina,Wholesale
20/10/2021,2021.0,BMW M2,110773.0,4.0,Africa,South Africa,Online
21/10/2021,2021.0,BMW X2,37928.0,2.0,Asia,Japan,Online
21/10/2021,2021.0,BMW 8 Series,61760.0,3.0,South America,Peru,Wholesale
21/10/2021,2021.0,BMW 4 Series,90539.0,2.0,North America,Mexico,Wholesale
21/10/2021,2021.0,BMW M8,60027.0,3.0,North America,United States,Wholesale
22/10/2021,2021.0,BMW X5,117986.0,5.0,North America,United States,Online
22/10/2021,2021.0,BMW X4,70680.0,1.0,Africa,Egypt,Online
22/10/2021,2021.0,BMW X5,34370.0,4.0,South America,Colombia,Wholesale
22/10/2021,2021.0,BMW i3,115990.0,5.0,South America,Argentina,Dealership
22/10/2021,2021.0,BMW 3 Series,76642.0,2.0,Europe,Spain,Online
22/10/2021,2021.0,BMW i3,95997.0,5.0,Europe,Spain,Wholesale
23/10/2021,2021.0,BMW 4 Series,52623.0,1.0,South America,Brazil,Dealership
23/10/2021,2021.0,BMW X6,88536.0,3.0,Asia,China,Wholesale
23/10/2021,2021.0,BMW 3 Series,106566.0,1.0,South America,Colombia,Online
25/10/2021,2021.0,BMW 7 Series,34758.0,2.0,Asia,South Korea,Online
25/10/2021,2021.0,BMW i4,117719.0,1.0,Asia,South Korea,Wholesale
25/10/2021,2021.0,BMW M2,41333.0,4.0,Africa,Kenya,Wholesale
26/10/2021,2021.0,BMW X7,55594.0,1.0,South America,Peru,Online
26/10/2021,2021.0,BMW X6,38894.0,5.0,South America,Peru,Wholesale
26/10/2021,2021.0,BMW 2 Series,74905.0,3.0,Europe,Germany,Online
26/10/2021,2021.0,BMW Z4,92284.0,4.0,Africa,Morocco,Online
26/10/2021,2021.0,BMW i4,77995.0,4.0,Asia,China,Wholesale
28/10/2021,2021.0,BMW 2 Series,65516.0,4.0,South America,Chile,Dealership
29/10/2021,2021.0,BMW iX3,74696.0,2.0,Africa,Egypt,Wholesale
29/10/2021,2021.0,BMW M4,99853.0,2.0,Asia,India,Wholesale
29/10/2021,2021.0,BMW i3,35213.0,5.0,Africa,Egypt,Dealership
30/10/2021,2021.0,BMW i3,61051.0,3.0,Africa,Egypt,Online
30/10/2021,2021.0,BMW M2,58754.0,1.0,Asia,China,Dealership
30/10/2021,2021.0,BMW i3,75858.0,5.0,North America,Mexico,Online
30/10/2021,2021.0,BMW iX,95971.0,2.0,North America,Mexico,Dealership
01/11/2021,2021.0,BMW 4 Series,87202.0,5.0,Europe,France,Online
01/11/2021,2021.0,BMW 8 Series,119317.0,3.0,Africa,Nigeria,Online
01/11/2021,2021.0,BMW 5 Series,94949.0,5.0,South America,Brazil,Wholesale
01/11/2021,2021.0,BMW 3 Series,101441.0,4.0,Africa,Egypt,Wholesale
02/11/2021,2021.0,BMW 6 Series,31125.0,1.0,North America,United States,Wholesale
02/11/2021,2021.0,BMW X6,86543.0,2.0,North America,Mexico,Online
02/11/2021,2021.0,BMW 3 Series,94372.0,2.0,Africa,South Africa,Dealership
02/11/2021,2021.0,BMW 8 Series,97824.0,3.0,Europe,Germany,Wholesale
03/11/2021,2021.0,BMW M3,38373.0,3.0,North America,Mexico,Wholesale
03/11/2021,2021.0,BMW X7,56866.0,3.0,South America,Argentina,Dealership
03/11/2021,2021.0,BMW 8 Series,101980.0,2.0,North America,Mexico,Online
03/11/2021,2021.0,BMW M2,41227.0,4.0,Africa,Kenya,Wholesale
03/11/2021,2021.0,BMW 7 Series,63152.0,1.0,Europe,France,Online
03/11/2021,2021.0,BMW 1 Series,58198.0,3.0,South America,Argentina,Dealership
04/11/2021,2021.0,BMW 8 Series,44284.0,2.0,Africa,Kenya,Online
04/11/2021,2021.0,BMW M2,70059.0,4.0,North America,Canada,Online
04/11/2021,2021.0,BMW X6,108847.0,3.0,Africa,South Africa,Dealership
04/11/2021,2021.0,BMW X7,117310.0,3.0,South America,Argentina,Dealership
04/11/2021,2021.0,BMW X2,59553.0,1.0,Asia,South Korea,Dealership
04/11/2021,2021.0,BMW X5,108893.0,1.0,Africa,Morocco,Online
05/11/2021,2021.0,BMW i4,39322.0,5.0,Africa,Morocco,Dealership
06/11/2021,2021.0,BMW M2,38127.0,3.0,Africa,South Africa,Wholesale
06/11/2021,2021.0,BMW M5,33709.0,5.0,North America,United States,Dealership
07/11/2021,2021.0,BMW i4,87061.0,2.0,Europe,Spain,Dealership
07/11/2021,2021.0,BMW X3,63067.0,1.0,Europe,Spain,Wholesale
07/11/2021,2021.0,BMW 1 Series,61818.0,4.0,Asia,South Korea,Online
08/11/2021,2021.0,BMW X4,108002.0,3.0,Africa,Morocco,Online
08/11/2021,2021.0,BMW X4,108669.0,3.0,Africa,Kenya,Wholesale
08/11/2021,2021.0,BMW M3,83846.0,5.0,South America,Brazil,Online
09/11/2021,2021.0,BMW X2,51370.0,1.0,North America,United States,Wholesale
09/11/2021,2021.0,BMW 2 Series,99098.0,5.0,North America,Mexico,Online
10/11/2021,2021.0,BMW X3,82047.0,3.0,Europe,Germany,Dealership
10/11/2021,2021.0,BMW X6,38673.0,1.0,Asia,South Korea,Wholesale
11/11/2021,2021.0,BMW M8,82034.0,3.0,Asia,South Korea,Dealership
12/11/2021,2021.0,BMW X2,106553.0,1.0,Europe,Spain,Online
12/11/2021,2021.0,BMW X7,50810.0,3.0,South America,Chile,Dealership
12/11/2021,2021.0,BMW M3,90772.0,4.0,Asia,Thailand,Dealership
12/11/2021,2021.0,BMW M2,117154.0,5.0,Asia,China,Wholesale
13/11/2021,2021.0,BMW 7 Series,107762.0,1.0,North America,Mexico,Dealership
13/11/2021,2021.0,BMW M5,40038.0,5.0,Asia,India,Wholesale
13/11/2021,2021.0,BMW M3,118715.0,1.0,Africa,South Africa,Wholesale
14/11/2021,2021.0,BMW X5,87987.0,1.0,South America,Chile,Online
14/11/2021,2021.0,BMW i3,42289.0,1.0,Asia,Japan,Dealership
14/11/2021,2021.0,BMW X2,64905.0,3.0,Asia,South Korea,Online
15/11/2021,2021.0,BMW 3 Series,30969.0,2.0,Europe,Italy,Online
15/11/2021,2021.0,BMW 2 Series,91166.0,3.0,Asia,China,Online
15/11/2021,2021.0,BMW M2,99277.0,2.0,Europe,Germany,Dealership
15/11/2021,2021.0,BMW X7,111544.0,3.0,Africa,Nigeria,Wholesale
15/11/2021,2021.0,BMW 3 Series,106749.0,2.0,Africa,Morocco,Wholesale
16/11/2021,2021.0,BMW M4,36214.0,1.0,Africa,Kenya,Online
16/11/2021,2021.0,BMW i3,35720.0,1.0,Africa,Nigeria,Dealership
16/11/2021,2021.0,BMW i3,118484.0,2.0,Asia,Japan,Wholesale
17/11/2021,2021.0,BMW iX,64902.0,2.0,Asia,China,Wholesale
18/11/2021,2021.0,BMW M3,33671.0,5.0,South America,Brazil,Wholesale
19/11/2021,2021.0,BMW M3,53926.0,1.0,Europe,Spain,Dealership
19/11/2021,2021.0,BMW i4,37076.0,3.0,South America,Peru,Wholesale
19/11/2021,2021.0,BMW 5 Series,114448.0,5.0,South America,Brazil,Wholesale
19/11/2021,2021.0,BMW Z4,39967.0,2.0,Asia,South Korea,Online
19/11/2021,2021.0,BMW iX3,91068.0,3.0,North America,United States,Wholesale
20/11/2021,2021.0,BMW M3,63521.0,4.0,Europe,United Kingdom,Dealership
20/11/2021,2021.0,BMW X6,108513.0,4.0,South America,Brazil,Online
20/11/2021,2021.0,BMW i3,68790.0,4.0,South America,Chile,Dealership
20/11/2021,2021.0,BMW 2 Series,82775.0,3.0,South America,Chile,Online
21/11/2021,2021.0,BMW X3,101515.0,2.0,North America,Canada,Online
21/11/2021,2021.0,BMW Z4,44272.0,3.0,Asia,China,Wholesale
21/11/2021,2021.0,BMW M4,101744.0,5.0,Africa,Nigeria,Online
21/11/2021,2021.0,BMW 8 Series,37304.0,5.0,South America,Colombia,Dealership
22/11/2021,2021.0,BMW M3,47762.0,4.0,Asia,Japan,Online
22/11/2021,2021.0,BMW M8,110865.0,2.0,South America,Chile,Dealership
22/11/2021,2021.0,BMW iX3,81591.0,5.0,South America,Argentina,Dealership
23/11/2021,2021.0,BMW Z4,51891.0,1.0,Europe,France,Dealership
23/11/2021,2021.0,BMW i8,90428.0,1.0,South America,Peru,Wholesale
23/11/2021,2021.0,BMW 4 Series,60146.0,4.0,Europe,France,Wholesale
23/11/2021,2021.0,BMW M5,67880.0,4.0,Africa,Kenya,Wholesale
23/11/2021,2021.0,BMW M2,87487.0,4.0,South America,Colombia,Dealership
24/11/2021,2021.0,BMW 4 Series,34715.0,5.0,Asia,South Korea,Wholesale
25/11/2021,2021.0,BMW i3,49750.0,2.0,Asia,China,Dealership
25/11/2021,2021.0,BMW 7 Series,88491.0,4.0,Asia,China,Dealership
25/11/2021,2021.0,BMW X1,30503.0,3.0,Europe,France,Online
25/11/2021,2021.0,BMW X7,69860.0,4.0,Africa,Morocco,Wholesale
25/11/2021,2021.0,BMW i4,48930.0,5.0,Asia,China,Wholesale
25/11/2021,2021.0,BMW M3,65911.0,2.0,Asia,India,Online
27/11/2021,2021.0,BMW 4 Series,77143.0,4.0,Europe,Italy,Wholesale
27/11/2021,2021.0,BMW X5,108821.0,1.0,Asia,China,Wholesale
27/11/2021,2021.0,BMW X1,107530.0,4.0,South America,Brazil,Online
28/11/2021,2021.0,BMW 4 Series,74696.0,4.0,South America,Chile,Dealership
28/11/2021,2021.0,BMW X4,110358.0,2.0,Asia,India,Wholesale
29/11/2021,2021.0,BMW i3,93288.0,3.0,Africa,Nigeria,Dealership
30/11/2021,2021.0,BMW i3,50386.0,4.0,Africa,Nigeria,Online
30/11/2021,2021.0,BMW 7 Series,42470.0,4.0,Europe,Spain,Wholesale
01/12/2021,2021.0,BMW 8 Series,31947.0,5.0,South America,Brazil,Dealership
01/12/2021,2021.0,BMW Z4,98146.0,2.0,Africa,Nigeria,Dealership
01/12/2021,2021.0,BMW X1,60653.0,5.0,Africa,Kenya,Online
02/12/2021,2021.0,BMW 1 Series,99499.0,4.0,North America,Canada,Wholesale
02/12/2021,2021.0,BMW M8,106368.0,4.0,Europe,Germany,Dealership
02/12/2021,2021.0,BMW 7 Series,74291.0,1.0,Asia,Japan,Wholesale
02/12/2021,2021.0,BMW iX,116842.0,5.0,Asia,Thailand,Wholesale
03/12/2021,2021.0,BMW 7 Series,48934.0,2.0,North America,United States,Online
03/12/2021,2021.0,BMW M4,118479.0,4.0,Europe,Spain,Online
03/12/2021,2021.0,BMW M5,46623.0,1.0,Africa,Morocco,Wholesale
04/12/2021,2021.0,BMW iX3,67310.0,1.0,Asia,India,Online
04/12/2021,2021.0,BMW 5 Series,118907.0,3.0,Asia,Thailand,Online
05/12/2021,2021.0,BMW X7,89829.0,2.0,Asia,South Korea,Dealership
06/12/2021,2021.0,BMW M8,98837.0,1.0,Europe,Spain,Online
06/12/2021,2021.0,BMW 2 Series,107713.0,2.0,Asia,Japan,Wholesale
07/12/2021,2021.0,BMW 4 Series,33345.0,4.0,South America,Brazil,Dealership
07/12/2021,2021.0,BMW M3,94262.0,3.0,Asia,Japan,Online
07/12/2021,2021.0,BMW X4,43427.0,2.0,Asia,China,Wholesale
08/12/2021,2021.0,BMW 4 Series,93324.0,3.0,Africa,Kenya,Online
08/12/2021,2021.0,BMW Z4,59236.0,2.0,South America,Brazil,Online
08/12/2021,2021.0,BMW X6,70286.0,2.0,North America,Canada,Wholesale
08/12/2021,2021.0,BMW 7 Series,33972.0,5.0,South America,Peru,Online
08/12/2021,2021.0,BMW iX,98551.0,3.0,North America,Mexico,Dealership
09/12/2021,2021.0,BMW 5 Series,58259.0,2.0,South America,Argentina,Online
09/12/2021,2021.0,BMW i8,43783.0,5.0,Asia,China,Wholesale
10/12/2021,2021.0,BMW M5,116057.0,5.0,North America,Canada,Wholesale
10/12/2021,2021.0,BMW 2 Series,49098.0,3.0,Europe,Spain,Online
10/12/2021,2021.0,BMW 3 Series,71565.0,4.0,Asia,India,Online
11/12/2021,2021.0,BMW X3,39651.0,3.0,Asia,Thailand,Online
11/12/2021,2021.0,BMW 1 Series,83077.0,2.0,Asia,India,Dealership
11/12/2021,2021.0,BMW X6,109435.0,4.0,North America,Canada,Online
11/12/2021,2021.0,BMW X7,57937.0,3.0,Asia,India,Dealership
12/12/2021,2021.0,BMW Z4,52272.0,3.0,Europe,France,Dealership
12/12/2021,2021.0,BMW 3 Series,104174.0,3.0,North America,Mexico,Wholesale
14/12/2021,2021.0,BMW X5,42698.0,3.0,Europe,France,Online
14/12/2021,2021.0,BMW 6 Series,71999.0,4.0,Africa,Kenya,Online
14/12/2021,2021.0,BMW X1,97583.0,2.0,Asia,China,Dealership
14/12/2021,2021.0,BMW 5 Series,67203.0,5.0,North America,Mexico,Online
15/12/2021,2021.0,BMW Z4,119217.0,3.0,Africa,Kenya,Wholesale
16/12/2021,2021.0,BMW i4,71633.0,5.0,Africa,Morocco,Wholesale
16/12/2021,2021.0,BMW X6,42842.0,5.0,North America,United States,Dealership
16/12/2021,2021.0,BMW 1 Series,76969.0,5.0,South America,Peru,Online
16/12/2021,2021.0,BMW 3 Series,60034.0,3.0,North America,Mexico,Dealership
17/12/2021,2021.0,BMW i4,90064.0,3.0,North America,United States,Wholesale
18/12/2021,2021.0,BMW M8,80083.0,3.0,Asia,China,Dealership
19/12/2021,2021.0,BMW 2 Series,39176.0,3.0,Africa,Nigeria,Dealership
19/12/2021,2021.0,BMW X1,90832.0,1.0,Asia,Thailand,Wholesale
19/12/2021,2021.0,BMW 3 Series,75530.0,2.0,Asia,Thailand,Online
19/12/2021,2021.0,BMW X4,75284.0,1.0,North America,United States,Wholesale
19/12/2021,2021.0,BMW M5,44783.0,4.0,South America,Colombia,Dealership
21/12/2021,2021.0,BMW X4,55460.0,1.0,North America,Canada,Dealership
22/12/2021,2021.0,BMW M8,62205.0,1.0,Africa,South Africa,Online
22/12/2021,2021.0,BMW 6 Series,46616.0,1.0,Africa,Morocco,Dealership
22/12/2021,2021.0,BMW 5 Series,66445.0,2.0,Asia,Japan,Online
23/12/2021,2021.0,BMW X1,38885.0,5.0,North America,Mexico,Wholesale
24/12/2021,2021.0,BMW X1,88308.0,4.0,Africa,Morocco,Online
24/12/2021,2021.0,BMW i4,94642.0,4.0,Europe,Germany,Dealership
24/12/2021,2021.0,BMW M8,100500.0,2.0,Europe,Germany,Dealership
24/12/2021,2021.0,BMW 2 Series,113990.0,1.0,Africa,Kenya,Online
24/12/2021,2021.0,BMW M3,108342.0,5.0,Africa,South Africa,Wholesale
25/12/2021,2021.0,BMW X5,86284.0,3.0,South America,Chile,Online
25/12/2021,2021.0,BMW M4,56165.0,2.0,Europe,Germany,Dealership
25/12/2021,2021.0,BMW 8 Series,54791.0,5.0,Asia,India,Online
25/12/2021,2021.0,BMW M4,80539.0,2.0,Africa,Kenya,Wholesale
25/12/2021,2021.0,BMW 6 Series,94430.0,2.0,Europe,Spain,Wholesale
26/12/2021,2021.0,BMW X4,55262.0,3.0,South America,Chile,Dealership
26/12/2021,2021.0,BMW 4 Series,101826.0,5.0,North America,United States,Online
26/12/2021,2021.0,BMW 4 Series,119441.0,1.0,North America,Canada,Online
26/12/2021,2021.0,BMW iX3,101114.0,5.0,Africa,Nigeria,Online
26/12/2021,2021.0,BMW i8,107364.0,5.0,Africa,South Africa,Wholesale
27/12/2021,2021.0,BMW M5,35461.0,1.0,Asia,Thailand,Online
27/12/2021,2021.0,BMW 4 Series,51873.0,3.0,Africa,Morocco,Wholesale
28/12/2021,2021.0,BMW 3 Series,69899.0,5.0,Africa,Kenya,Wholesale
28/12/2021,2021.0,BMW X7,96629.0,1.0,Asia,Thailand,Dealership
28/12/2021,2021.0,BMW X2,110635.0,2.0,Asia,Thailand,Wholesale
29/12/2021,2021.0,BMW X3,99058.0,2.0,Europe,Germany,Dealership
29/12/2021,2021.0,BMW M2,68573.0,1.0,North America,Mexico,Dealership
30/12/2021,2021.0,BMW 7 Series,99245.0,2.0,South America,Colombia,Online
31/12/2021,2021.0,BMW X2,87465.0,5.0,Africa,Egypt,Online
31/12/2021,2021.0,BMW X4,103030.0,1.0,South America,Chile,Online
31/12/2021,2021.0,BMW 6 Series,36704.0,5.0,Europe,Spain,Online
01/01/2022,2022.0,BMW X2,33302.0,4.0,North America,United States,Dealership
01/01/2022,2022.0,BMW X6,42410.0,3.0,North America,Mexico,Wholesale
01/01/2022,2022.0,BMW X1,112045.0,3.0,Europe,France,Dealership
02/01/2022,2022.0,BMW 5 Series,105038.0,3.0,South America,Peru,Online
02/01/2022,2022.0,BMW X1,63749.0,1.0,North America,Mexico,Dealership
02/01/2022,2022.0,BMW X1,109804.0,4.0,North America,Canada,Wholesale
03/01/2022,2022.0,BMW 6 Series,111919.0,3.0,Asia,China,Online
04/01/2022,2022.0,BMW 7 Series,80603.0,5.0,Asia,Thailand,Dealership
04/01/2022,2022.0,BMW 2 Series,41325.0,3.0,Africa,Morocco,Dealership
04/01/2022,2022.0,BMW i4,103247.0,4.0,Asia,Thailand,Dealership
05/01/2022,2022.0,BMW M2,115778.0,5.0,North America,United States,Online
05/01/2022,2022.0,BMW M2,118057.0,5.0,Africa,Morocco,Dealership
05/01/2022,2022.0,BMW X4,92987.0,1.0,South America,Brazil,Wholesale
06/01/2022,2022.0,BMW 8 Series,46092.0,1.0,Africa,South Africa,Dealership
06/01/2022,2022.0,BMW 3 Series,40543.0,2.0,North America,Mexico,Dealership
06/01/2022,2022.0,BMW X2,76402.0,4.0,Asia,India,Online
06/01/2022,2022.0,BMW 4 Series,57111.0,5.0,North America,Canada,Online
06/01/2022,2022.0,BMW X6,56469.0,4.0,Africa,South Africa,Wholesale
06/01/2022,2022.0,BMW 4 Series,62050.0,3.0,North America,Mexico,Online
07/01/2022,2022.0,BMW 6 Series,65854.0,3.0,Africa,South Africa,Wholesale
08/01/2022,2022.0,BMW X1,107850.0,2.0,North America,United States,Dealership
08/01/2022,2022.0,BMW Z4,70205.0,5.0,South America,Argentina,Wholesale
09/01/2022,2022.0,BMW 2 Series,43339.0,5.0,Asia,China,Online
09/01/2022,2022.0,BMW X7,47383.0,2.0,South America,Argentina,Dealership
09/01/2022,2022.0,BMW 7 Series,118598.0,3.0,South America,Argentina,Online
09/01/2022,2022.0,BMW i3,91549.0,5.0,Europe,Germany,Online
10/01/2022,2022.0,BMW X6,44525.0,4.0,Asia,China,Dealership
10/01/2022,2022.0,BMW X2,107664.0,5.0,South America,Chile,Dealership
10/01/2022,2022.0,BMW M5,108926.0,3.0,Asia,China,Wholesale
10/01/2022,2022.0,BMW 7 Series,109297.0,5.0,North America,Mexico,Dealership
10/01/2022,2022.0,BMW iX3,85596.0,5.0,North America,United States,Dealership
11/01/2022,2022.0,BMW 8 Series,98086.0,1.0,South America,Brazil,Online
11/01/2022,2022.0,BMW i4,62850.0,5.0,North America,Mexico,Wholesale
11/01/2022,2022.0,BMW i4,86153.0,2.0,Africa,Nigeria,Dealership
11/01/2022,2022.0,BMW M4,43706.0,2.0,Africa,Kenya,Online
11/01/2022,2022.0,BMW X2,70765.0,4.0,Europe,Germany,Online
12/01/2022,2022.0,BMW M4,91671.0,5.0,Europe,Spain,Online
12/01/2022,2022.0,BMW 8 Series,55226.0,4.0,Asia,China,Wholesale
12/01/2022,2022.0,BMW 7 Series,115916.0,3.0,Asia,India,Online
13/01/2022,2022.0,BMW i8,103830.0,3.0,Europe,France,Wholesale
13/01/2022,2022.0,BMW 1 Series,100632.0,1.0,Asia,South Korea,Online
13/01/2022,2022.0,BMW i8,84445.0,1.0,South America,Peru,Dealership
14/01/2022,2022.0,BMW 1 Series,38861.0,5.0,North America,Mexico,Wholesale
15/01/2022,2022.0,BMW X4,111339.0,5.0,Africa,Nigeria,Online
15/01/2022,2022.0,BMW 1 Series,35274.0,4.0,Africa,South Africa,Wholesale
15/01/2022,2022.0,BMW X7,111565.0,4.0,North America,Canada,Online
15/01/2022,2022.0,BMW M8,88810.0,5.0,Africa,Nigeria,Wholesale
16/01/2022,2022.0,BMW i8,56863.0,5.0,Europe,France,Dealership
17/01/2022,2022.0,BMW 4 Series,45611.0,1.0,Africa,Kenya,Online
17/01/2022,2022.0,BMW M5,112415.0,1.0,Africa,Nigeria,Dealership
17/01/2022,2022.0,BMW X6,56783.0,1.0,Asia,Japan,Dealership
17/01/2022,2022.0,BMW X6,35391.0,5.0,North America,United States,Wholesale
17/01/2022,2022.0,BMW Z4,106724.0,4.0,Africa,Nigeria,Online
17/01/2022,2022.0,BMW i3,97258.0,2.0,Asia,China,Wholesale
18/01/2022,2022.0,BMW i4,33274.0,2.0,Africa,Morocco,Dealership
18/01/2022,2022.0,BMW M2,71530.0,4.0,Asia,India,Dealership
19/01/2022,2022.0,BMW X3,100173.0,4.0,North America,Canada,Online
20/01/2022,2022.0,BMW 3 Series,52447.0,4.0,South America,Peru,Wholesale
20/01/2022,2022.0,BMW X7,83382.0,1.0,Asia,India,Dealership
21/01/2022,2022.0,BMW X5,49693.0,3.0,North America,Mexico,Online
21/01/2022,2022.0,BMW 5 Series,54959.0,5.0,Africa,Nigeria,Online
23/01/2022,2022.0,BMW 8 Series,57987.0,1.0,South America,Peru,Dealership
24/01/2022,2022.0,BMW 2 Series,83239.0,2.0,South America,Peru,Online
24/01/2022,2022.0,BMW i3,90763.0,5.0,South America,Peru,Dealership
24/01/2022,2022.0,BMW i4,30599.0,4.0,Europe,France,Dealership
25/01/2022,2022.0,BMW 4 Series,30056.0,2.0,Europe,Germany,Wholesale
25/01/2022,2022.0,BMW i8,35153.0,4.0,Asia,China,Wholesale
25/01/2022,2022.0,BMW 6 Series,53853.0,4.0,Africa,Kenya,Dealership
25/01/2022,2022.0,BMW i3,43333.0,4.0,Europe,United Kingdom,Wholesale
26/01/2022,2022.0,BMW M2,43707.0,5.0,Africa,Kenya,Online
26/01/2022,2022.0,BMW 3 Series,34991.0,2.0,North America,United States,Wholesale
28/01/2022,2022.0,BMW i4,42626.0,2.0,Asia,India,Wholesale
28/01/2022,2022.0,BMW 8 Series,70910.0,4.0,Europe,Spain,Online
30/01/2022,2022.0,BMW X6,56817.0,1.0,Africa,Nigeria,Dealership
31/01/2022,2022.0,BMW X1,89251.0,3.0,Asia,Japan,Wholesale
31/01/2022,2022.0,BMW 4 Series,115549.0,1.0,Asia,South Korea,Dealership
31/01/2022,2022.0,BMW 4 Series,77128.0,5.0,South America,Chile,Dealership
31/01/2022,2022.0,BMW 6 Series,42911.0,3.0,Africa,Morocco,Wholesale
31/01/2022,2022.0,BMW 4 Series,45405.0,1.0,South America,Chile,Online
31/01/2022,2022.0,BMW M4,87698.0,2.0,North America,Mexico,Dealership
01/02/2022,2022.0,BMW i4,100656.0,1.0,Africa,Kenya,Wholesale
02/02/2022,2022.0,BMW X2,116653.0,4.0,Europe,France,Wholesale
02/02/2022,2022.0,BMW M3,76381.0,5.0,North America,Mexico,Dealership
03/02/2022,2022.0,BMW X2,41631.0,1.0,Europe,Germany,Online
03/02/2022,2022.0,BMW 6 Series,96421.0,1.0,Asia,South Korea,Wholesale
03/02/2022,2022.0,BMW 6 Series,40322.0,3.0,South America,Argentina,Wholesale
03/02/2022,2022.0,BMW X7,56817.0,4.0,Africa,South Africa,Dealership
03/02/2022,2022.0,BMW Z4,61460.0,3.0,Asia,Thailand,Dealership
03/02/2022,2022.0,BMW 6 Series,87223.0,5.0,Africa,Nigeria,Wholesale
04/02/2022,2022.0,BMW M4,74508.0,5.0,South America,Argentina,Wholesale
04/02/2022,2022.0,BMW 2 Series,117940.0,4.0,Europe,United Kingdom,Online
04/02/2022,2022.0,BMW M3,75213.0,3.0,North America,Mexico,Online
04/02/2022,2022.0,BMW X3,66656.0,4.0,North America,United States,Wholesale
05/02/2022,2022.0,BMW Z4,33717.0,3.0,South America,Brazil,Wholesale
05/02/2022,2022.0,BMW 3 Series,107271.0,2.0,Africa,Morocco,Online
05/02/2022,2022.0,BMW X7,35622.0,4.0,North America,Canada,Dealership
06/02/2022,2022.0,BMW iX3,90178.0,5.0,Africa,South Africa,Online
06/02/2022,2022.0,BMW X5,106023.0,3.0,Africa,Egypt,Wholesale
07/02/2022,2022.0,BMW X3,119637.0,2.0,Africa,Morocco,Online
07/02/2022,2022.0,BMW M5,59895.0,5.0,Asia,Japan,Dealership
07/02/2022,2022.0,BMW i8,39615.0,3.0,South America,Peru,Dealership
08/02/2022,2022.0,BMW X5,68416.0,2.0,Asia,South Korea,Wholesale
08/02/2022,2022.0,BMW 1 Series,56606.0,5.0,Africa,Egypt,Wholesale
09/02/2022,2022.0,BMW i8,42405.0,5.0,Europe,Italy,Wholesale
09/02/2022,2022.0,BMW Z4,61334.0,2.0,Africa,South Africa,Dealership
09/02/2022,2022.0,BMW i8,109921.0,5.0,North America,United States,Online
09/02/2022,2022.0,BMW i4,63945.0,3.0,South America,Argentina,Wholesale
09/02/2022,2022.0,BMW Z4,71704.0,3.0,South America,Argentina,Dealership
09/02/2022,2022.0,BMW X3,74594.0,5.0,South America,Chile,Dealership
10/02/2022,2022.0,BMW 6 Series,48773.0,1.0,Africa,Egypt,Online
10/02/2022,2022.0,BMW iX3,102503.0,2.0,Europe,United Kingdom,Dealership
11/02/2022,2022.0,BMW M8,35456.0,1.0,Asia,South Korea,Online
11/02/2022,2022.0,BMW M8,102706.0,3.0,North America,Canada,Dealership
12/02/2022,2022.0,BMW M2,86492.0,5.0,Europe,Spain,Dealership
12/02/2022,2022.0,BMW X1,72011.0,4.0,Africa,Kenya,Online
12/02/2022,2022.0,BMW X5,38802.0,4.0,North America,United States,Online
12/02/2022,2022.0,BMW 4 Series,57770.0,1.0,Asia,China,Wholesale
13/02/2022,2022.0,BMW i3,42516.0,1.0,Asia,Japan,Online
13/02/2022,2022.0,BMW 4 Series,42979.0,1.0,South America,Peru,Online
13/02/2022,2022.0,BMW X2,58063.0,3.0,Africa,Egypt,Dealership
14/02/2022,2022.0,BMW i4,41108.0,3.0,South America,Chile,Wholesale
14/02/2022,2022.0,BMW 7 Series,82340.0,5.0,South America,Peru,Dealership
14/02/2022,2022.0,BMW 3 Series,119352.0,3.0,Asia,Japan,Wholesale
14/02/2022,2022.0,BMW 6 Series,118348.0,5.0,Asia,Thailand,Dealership
15/02/2022,2022.0,BMW M2,81792.0,5.0,Europe,France,Dealership
15/02/2022,2022.0,BMW X4,59519.0,1.0,North America,United States,Dealership
16/02/2022,2022.0,BMW M3,78105.0,4.0,Asia,South Korea,Wholesale
16/02/2022,2022.0,BMW X1,95481.0,1.0,South America,Argentina,Dealership
16/02/2022,2022.0,BMW 4 Series,84470.0,3.0,Europe,France,Wholesale
16/02/2022,2022.0,BMW X7,98235.0,2.0,North America,Canada,Online
16/02/2022,2022.0,BMW 5 Series,110752.0,3.0,Europe,Italy,Wholesale
16/02/2022,2022.0,BMW X3,69866.0,4.0,Europe,France,Wholesale
17/02/2022,2022.0,BMW Z4,87999.0,3.0,South America,Chile,Wholesale
17/02/2022,2022.0,BMW 5 Series,108270.0,4.0,South America,Argentina,Online
17/02/2022,2022.0,BMW 2 Series,61734.0,2.0,Africa,Morocco,Online
17/02/2022,2022.0,BMW 2 Series,31825.0,2.0,North America,United States,Dealership
17/02/2022,2022.0,BMW X7,79824.0,5.0,South America,Brazil,Dealership
18/02/2022,2022.0,BMW Z4,80060.0,3.0,North America,United States,Dealership
18/02/2022,2022.0,BMW i3,56409.0,5.0,Asia,India,Wholesale
19/02/2022,2022.0,BMW X3,74078.0,1.0,Asia,Japan,Online
19/02/2022,2022.0,BMW X6,65183.0,1.0,South America,Chile,Wholesale
19/02/2022,2022.0,BMW X2,47340.0,1.0,Asia,Japan,Wholesale
20/02/2022,2022.0,BMW i3,52713.0,1.0,North America,United States,Online
20/02/2022,2022.0,BMW X7,60785.0,1.0,Europe,France,Online
20/02/2022,2022.0,BMW X4,52586.0,3.0,Africa,Egypt,Dealership
20/02/2022,2022.0,BMW i4,55525.0,5.0,South America,Peru,Online
20/02/2022,2022.0,BMW 6 Series,75610.0,5.0,Europe,Germany,Dealership
22/02/2022,2022.0,BMW X4,48229.0,4.0,North America,Canada,Dealership
23/02/2022,2022.0,BMW 3 Series,96877.0,1.0,Asia,Thailand,Wholesale
24/02/2022,2022.0,BMW X2,100096.0,2.0,North America,United States,Online
24/02/2022,2022.0,BMW M5,47801.0,4.0,Africa,Egypt,Online
24/02/2022,2022.0,BMW X3,37386.0,4.0,South America,Chile,Wholesale
24/02/2022,2022.0,BMW 4 Series,100871.0,3.0,Europe,France,Dealership
24/02/2022,2022.0,BMW i8,89469.0,4.0,North America,United States,Dealership
25/02/2022,2022.0,BMW X3,39144.0,2.0,South America,Brazil,Wholesale
25/02/2022,2022.0,BMW X6,85566.0,5.0,South America,Peru,Wholesale
25/02/2022,2022.0,BMW X6,54660.0,4.0,South America,Colombia,Dealership
26/02/2022,2022.0,BMW X2,50810.0,3.0,South America,Peru,Wholesale
26/02/2022,2022.0,BMW iX,86437.0,1.0,Africa,Morocco,Online
26/02/2022,2022.0,BMW X7,39542.0,2.0,South America,Peru,Wholesale
27/02/2022,2022.0,BMW 5 Series,60331.0,1.0,North America,United States,Online
27/02/2022,2022.0,BMW i8,97187.0,4.0,Asia,China,Wholesale
27/02/2022,2022.0,BMW M8,77838.0,5.0,Asia,Japan,Online
27/02/2022,2022.0,BMW Z4,46110.0,3.0,South America,Argentina,Wholesale
28/02/2022,2022.0,BMW 3 Series,78296.0,2.0,Africa,Kenya,Online
28/02/2022,2022.0,BMW X7,110071.0,5.0,South America,Argentina,Online
28/02/2022,2022.0,BMW iX3,33051.0,2.0,South America,Argentina,Dealership
01/03/2022,2022.0,BMW M8,53135.0,3.0,Africa,Nigeria,Online
01/03/2022,2022.0,BMW iX,95430.0,3.0,Europe,Spain,Online
02/03/2022,2022.0,BMW X5,73263.0,4.0,South America,Peru,Wholesale
02/03/2022,2022.0,BMW iX,68221.0,2.0,South America,Brazil,Online
02/03/2022,2022.0,BMW X6,67214.0,4.0,Africa,Morocco,Dealership
02/03/2022,2022.0,BMW 3 Series,112151.0,2.0,Asia,Thailand,Dealership
02/03/2022,2022.0,BMW i4,82822.0,2.0,Africa,Nigeria,Online
03/03/2022,2022.0,BMW X6,46833.0,1.0,Africa,South Africa,Online
03/03/2022,2022.0,BMW X7,75318.0,4.0,Asia,China,Wholesale
03/03/2022,2022.0,BMW X6,70779.0,2.0,Europe,United Kingdom,Dealership
03/03/2022,2022.0,BMW 1 Series,90526.0,2.0,Africa,Nigeria,Wholesale
03/03/2022,2022.0,BMW 6 Series,101600.0,3.0,Asia,China,Wholesale
03/03/2022,2022.0,BMW 5 Series,89035.0,1.0,Asia,South Korea,Wholesale
04/03/2022,2022.0,BMW X2,106593.0,3.0,Europe,United Kingdom,Online
04/03/2022,2022.0,BMW M5,104868.0,4.0,Europe,United Kingdom,Online
04/03/2022,2022.0,BMW Z4,119049.0,4.0,Africa,South Africa,Wholesale
05/03/2022,2022.0,BMW M5,37012.0,2.0,North America,Mexico,Wholesale
06/03/2022,2022.0,BMW M3,48317.0,5.0,North America,Canada,Online
06/03/2022,2022.0,BMW X2,89797.0,3.0,Asia,South Korea,Wholesale
06/03/2022,2022.0,BMW M8,75041.0,4.0,Europe,France,Dealership
07/03/2022,2022.0,BMW 3 Series,107895.0,2.0,Africa,Egypt,Wholesale
07/03/2022,2022.0,BMW X5,79285.0,2.0,Europe,United Kingdom,Online
07/03/2022,2022.0,BMW 8 Series,54031.0,3.0,Europe,Spain,Wholesale
08/03/2022,2022.0,BMW X6,71866.0,2.0,Asia,China,Online
09/03/2022,2022.0,BMW iX3,57961.0,1.0,Africa,Nigeria,Online
10/03/2022,2022.0,BMW 7 Series,42554.0,5.0,Africa,South Africa,Online
10/03/2022,2022.0,BMW 7 Series,48407.0,3.0,North America,Canada,Online
11/03/2022,2022.0,BMW X1,98773.0,3.0,Asia,South Korea,Dealership
11/03/2022,2022.0,BMW Z4,92848.0,3.0,Asia,China,Online
11/03/2022,2022.0,BMW 5 Series,110729.0,2.0,Europe,United Kingdom,Wholesale
11/03/2022,2022.0,BMW 6 Series,93021.0,2.0,Europe,Spain,Dealership
11/03/2022,2022.0,BMW X7,40687.0,3.0,South America,Argentina,Dealership
11/03/2022,2022.0,BMW 3 Series,85283.0,3.0,Africa,Kenya,Online
12/03/2022,2022.0,BMW 3 Series,57328.0,1.0,Europe,Germany,Wholesale
12/03/2022,2022.0,BMW i4,88247.0,4.0,Asia,Japan,Wholesale
12/03/2022,2022.0,BMW i4,97966.0,1.0,South America,Colombia,Dealership
12/03/2022,2022.0,BMW X5,37782.0,3.0,Africa,Egypt,Dealership
14/03/2022,2022.0,BMW 3 Series,104826.0,2.0,Europe,United Kingdom,Wholesale
14/03/2022,2022.0,BMW X4,32962.0,2.0,Africa,Kenya,Online
14/03/2022,2022.0,BMW X2,75819.0,3.0,Asia,China,Dealership
14/03/2022,2022.0,BMW 8 Series,95150.0,4.0,Asia,India,Online
14/03/2022,2022.0,BMW X7,110066.0,5.0,Africa,Morocco,Wholesale
14/03/2022,2022.0,BMW 6 Series,95264.0,5.0,South America,Argentina,Dealership
15/03/2022,2022.0,BMW M3,116934.0,1.0,North America,Canada,Wholesale
15/03/2022,2022.0,BMW i3,65409.0,4.0,Europe,France,Dealership
15/03/2022,2022.0,BMW i8,34902.0,5.0,Africa,Morocco,Wholesale
15/03/2022,2022.0,BMW 6 Series,34840.0,4.0,North America,Mexico,Dealership
15/03/2022,2022.0,BMW iX,117114.0,2.0,Africa,Morocco,Online
16/03/2022,2022.0,BMW M3,83780.0,2.0,South America,Colombia,Dealership
17/03/2022,2022.0,BMW 8 Series,101656.0,4.0,North America,Canada,Wholesale
17/03/2022,2022.0,BMW 4 Series,80756.0,3.0,North America,Mexico,Online
17/03/2022,2022.0,BMW i4,117630.0,5.0,South America,Colombia,Online
18/03/2022,2022.0,BMW iX3,109817.0,5.0,South America,Brazil,Wholesale
18/03/2022,2022.0,BMW M3,100793.0,2.0,Africa,Egypt,Wholesale
18/03/2022,2022.0,BMW M5,88418.0,1.0,South America,Colombia,Online
18/03/2022,2022.0,BMW i4,42738.0,5.0,Africa,Kenya,Dealership
18/03/2022,2022.0,BMW M4,89269.0,2.0,Africa,Morocco,Wholesale
19/03/2022,2022.0,BMW 3 Series,34125.0,2.0,Asia,China,Wholesale
19/03/2022,2022.0,BMW X1,59730.0,4.0,South America,Brazil,Dealership
20/03/2022,2022.0,BMW X4,40269.0,4.0,North America,United States,Wholesale
20/03/2022,2022.0,BMW iX3,55158.0,4.0,South America,Chile,Online
21/03/2022,2022.0,BMW X2,75015.0,1.0,North America,United States,Dealership
21/03/2022,2022.0,BMW X1,45740.0,5.0,Europe,Germany,Wholesale
21/03/2022,2022.0,BMW X4,56850.0,1.0,South America,Brazil,Dealership
21/03/2022,2022.0,BMW M4,96533.0,1.0,South America,Colombia,Online
21/03/2022,2022.0,BMW X6,54844.0,4.0,Asia,South Korea,Dealership
22/03/2022,2022.0,BMW 4 Series,56238.0,2.0,Africa,Nigeria,Online
22/03/2022,2022.0,BMW M3,105066.0,3.0,Europe,Spain,Dealership
22/03/2022,2022.0,BMW X5,34804.0,2.0,North America,Canada,Dealership
22/03/2022,2022.0,BMW 2 Series,55785.0,2.0,Africa,Kenya,Wholesale
23/03/2022,2022.0,BMW iX,96786.0,2.0,North America,Mexico,Dealership
23/03/2022,2022.0,BMW iX3,117095.0,2.0,North America,United States,Online
24/03/2022,2022.0,BMW i4,35312.0,1.0,Europe,Spain,Dealership
24/03/2022,2022.0,BMW X1,65489.0,4.0,Europe,France,Dealership
24/03/2022,2022.0,BMW 7 Series,73774.0,4.0,Asia,Thailand,Online
24/03/2022,2022.0,BMW X7,64075.0,2.0,Europe,Spain,Online
25/03/2022,2022.0,BMW M2,54696.0,3.0,Africa,Egypt,Dealership
25/03/2022,2022.0,BMW X7,51031.0,5.0,South America,Argentina,Dealership
25/03/2022,2022.0,BMW 3 Series,100357.0,2.0,Africa,Morocco,Online
25/03/2022,2022.0,BMW X6,107780.0,2.0,Asia,India,Dealership
25/03/2022,2022.0,BMW X6,45091.0,3.0,Europe,Spain,Online
25/03/2022,2022.0,BMW 6 Series,103285.0,1.0,Africa,Nigeria,Dealership
25/03/2022,2022.0,BMW X7,116518.0,2.0,Asia,China,Wholesale
25/03/2022,2022.0,BMW 8 Series,83918.0,3.0,Europe,Spain,Dealership
25/03/2022,2022.0,BMW X7,64320.0,1.0,Asia,India,Wholesale
26/03/2022,2022.0,BMW 6 Series,115877.0,1.0,Asia,China,Dealership
26/03/2022,2022.0,BMW i3,87776.0,2.0,Africa,South Africa,Wholesale
27/03/2022,2022.0,BMW X2,68392.0,1.0,Africa,Egypt,Online
27/03/2022,2022.0,BMW 1 Series,53043.0,2.0,South America,Colombia,Online
29/03/2022,2022.0,BMW X2,38806.0,2.0,South America,Peru,Online
29/03/2022,2022.0,BMW 6 Series,53363.0,4.0,South America,Chile,Dealership
29/03/2022,2022.0,BMW X7,95957.0,5.0,Africa,Egypt,Dealership
30/03/2022,2022.0,BMW M2,76809.0,5.0,South America,Argentina,Wholesale
30/03/2022,2022.0,BMW Z4,67867.0,4.0,South America,Argentina,Dealership
30/03/2022,2022.0,BMW 8 Series,53007.0,2.0,North America,Canada,Wholesale
30/03/2022,2022.0,BMW X5,103836.0,3.0,North America,United States,Wholesale
30/03/2022,2022.0,BMW 1 Series,86414.0,1.0,Asia,China,Online
30/03/2022,2022.0,BMW iX3,53115.0,4.0,North America,United States,Wholesale
01/04/2022,2022.0,BMW i3,47279.0,4.0,Europe,United Kingdom,Wholesale
01/04/2022,2022.0,BMW 8 Series,93389.0,4.0,Africa,Egypt,Online
02/04/2022,2022.0,BMW 6 Series,78122.0,4.0,South America,Colombia,Wholesale
03/04/2022,2022.0,BMW M3,47139.0,5.0,South America,Peru,Wholesale
04/04/2022,2022.0,BMW iX3,104898.0,2.0,Africa,Kenya,Wholesale
04/04/2022,2022.0,BMW M4,41465.0,4.0,Asia,Japan,Dealership
04/04/2022,2022.0,BMW 3 Series,108563.0,4.0,Europe,Germany,Dealership
05/04/2022,2022.0,BMW 5 Series,69883.0,4.0,South America,Chile,Online
05/04/2022,2022.0,BMW X1,36952.0,3.0,North America,United States,Online
06/04/2022,2022.0,BMW 6 Series,85511.0,3.0,North America,Mexico,Dealership
06/04/2022,2022.0,BMW M4,107817.0,1.0,North America,Mexico,Online
06/04/2022,2022.0,BMW M3,43763.0,2.0,Europe,Italy,Online
06/04/2022,2022.0,BMW 3 Series,57785.0,4.0,North America,Mexico,Wholesale
07/04/2022,2022.0,BMW X2,33055.0,1.0,Europe,Spain,Dealership
07/04/2022,2022.0,BMW i8,48256.0,1.0,North America,United States,Online
07/04/2022,2022.0,BMW iX,96935.0,2.0,Asia,China,Wholesale
08/04/2022,2022.0,BMW i8,75995.0,3.0,South America,Argentina,Wholesale
08/04/2022,2022.0,BMW Z4,54459.0,2.0,Europe,Spain,Wholesale
09/04/2022,2022.0,BMW 3 Series,82136.0,1.0,South America,Argentina,Dealership
09/04/2022,2022.0,BMW i4,81761.0,2.0,South America,Brazil,Dealership
09/04/2022,2022.0,BMW iX,93118.0,3.0,Europe,United Kingdom,Online
10/04/2022,2022.0,BMW X7,47408.0,1.0,Europe,France,Dealership
10/04/2022,2022.0,BMW i8,103622.0,2.0,South America,Chile,Wholesale
10/04/2022,2022.0,BMW i4,77984.0,4.0,South America,Brazil,Wholesale
10/04/2022,2022.0,BMW X4,88504.0,4.0,Africa,Nigeria,Wholesale
11/04/2022,2022.0,BMW X1,93565.0,2.0,Asia,Japan,Online
11/04/2022,2022.0,BMW 7 Series,110684.0,2.0,Europe,Germany,Online
11/04/2022,2022.0,BMW M2,92233.0,3.0,Europe,Spain,Online
12/04/2022,2022.0,BMW Z4,109347.0,1.0,South America,Colombia,Wholesale
12/04/2022,2022.0,BMW Z4,53360.0,2.0,South America,Peru,Dealership
12/04/2022,2022.0,BMW i8,44947.0,1.0,Europe,Italy,Dealership
13/04/2022,2022.0,BMW M8,93534.0,4.0,Africa,Nigeria,Online
13/04/2022,2022.0,BMW M5,107735.0,1.0,Africa,Egypt,Online
14/04/2022,2022.0,BMW i3,87993.0,5.0,Europe,Italy,Wholesale
14/04/2022,2022.0,BMW X2,92119.0,3.0,Africa,Nigeria,Dealership
14/04/2022,2022.0,BMW X4,108735.0,3.0,South America,Chile,Online
14/04/2022,2022.0,BMW X4,65587.0,1.0,South America,Colombia,Online
14/04/2022,2022.0,BMW 5 Series,44867.0,3.0,Africa,South Africa,Online
14/04/2022,2022.0,BMW 3 Series,49958.0,1.0,Europe,Spain,Dealership
14/04/2022,2022.0,BMW 7 Series,106637.0,1.0,North America,Canada,Online
15/04/2022,2022.0,BMW X5,78419.0,4.0,Europe,United Kingdom,Wholesale
15/04/2022,2022.0,BMW X7,103226.0,1.0,Africa,Egypt,Dealership
16/04/2022,2022.0,BMW M4,81588.0,3.0,Europe,France,Wholesale
16/04/2022,2022.0,BMW 2 Series,96918.0,5.0,South America,Chile,Online
16/04/2022,2022.0,BMW 1 Series,95689.0,2.0,Europe,Spain,Online
18/04/2022,2022.0,BMW 5 Series,40911.0,3.0,Asia,Thailand,Dealership
18/04/2022,2022.0,BMW 6 Series,75517.0,5.0,North America,Mexico,Online
18/04/2022,2022.0,BMW X5,62078.0,3.0,Africa,Kenya,Online
18/04/2022,2022.0,BMW iX,111438.0,5.0,Africa,Kenya,Online
19/04/2022,2022.0,BMW X2,50872.0,3.0,South America,Chile,Wholesale
19/04/2022,2022.0,BMW 2 Series,55259.0,2.0,South America,Colombia,Dealership
20/04/2022,2022.0,BMW X7,42268.0,4.0,Africa,South Africa,Wholesale
20/04/2022,2022.0,BMW M4,45933.0,4.0,Europe,Spain,Online
21/04/2022,2022.0,BMW X3,118197.0,2.0,North America,Canada,Wholesale
21/04/2022,2022.0,BMW 2 Series,117414.0,3.0,Europe,United Kingdom,Dealership
21/04/2022,2022.0,BMW Z4,52635.0,5.0,Africa,Kenya,Online
22/04/2022,2022.0,BMW i3,44245.0,1.0,Asia,India,Online
22/04/2022,2022.0,BMW X6,75258.0,3.0,Africa,South Africa,Wholesale
22/04/2022,2022.0,BMW M5,85277.0,2.0,North America,Mexico,Wholesale
22/04/2022,2022.0,BMW X2,40705.0,4.0,Asia,India,Wholesale
23/04/2022,2022.0,BMW i8,64515.0,4.0,Africa,Morocco,Online
23/04/2022,2022.0,BMW X5,64360.0,3.0,Africa,Kenya,Online
23/04/2022,2022.0,BMW X7,87886.0,5.0,North America,United States,Online
24/04/2022,2022.0,BMW M8,82396.0,2.0,North America,United States,Wholesale
24/04/2022,2022.0,BMW M4,86936.0,2.0,North America,Canada,Wholesale
25/04/2022,2022.0,BMW iX3,94260.0,5.0,Africa,South Africa,Online
25/04/2022,2022.0,BMW X1,106434.0,5.0,South America,Argentina,Dealership
25/04/2022,2022.0,BMW M8,31374.0,3.0,South America,Argentina,Online
26/04/2022,2022.0,BMW iX3,45772.0,3.0,Africa,Nigeria,Dealership
26/04/2022,2022.0,BMW X2,100921.0,4.0,Europe,United Kingdom,Dealership
26/04/2022,2022.0,BMW X2,76923.0,4.0,North America,United States,Online
27/04/2022,2022.0,BMW iX3,50642.0,5.0,North America,Mexico,Wholesale
27/04/2022,2022.0,BMW 1 Series,76556.0,1.0,Europe,United Kingdom,Wholesale
27/04/2022,2022.0,BMW 3 Series,95265.0,1.0,Africa,Kenya,Wholesale
27/04/2022,2022.0,BMW X6,36032.0,1.0,North America,Canada,Online
27/04/2022,2022.0,BMW X6,46318.0,2.0,Asia,India,Dealership
27/04/2022,2022.0,BMW X5,50897.0,3.0,Asia,Japan,Wholesale
28/04/2022,2022.0,BMW Z4,79884.0,5.0,Asia,Thailand,Wholesale
28/04/2022,2022.0,BMW X1,52546.0,4.0,Africa,Kenya,Dealership
29/04/2022,2022.0,BMW 5 Series,102981.0,1.0,Europe,Spain,Dealership
29/04/2022,2022.0,BMW M3,54919.0,4.0,North America,Mexico,Wholesale
30/04/2022,2022.0,BMW i4,96171.0,3.0,Africa,South Africa,Wholesale
30/04/2022,2022.0,BMW X2,107474.0,5.0,South America,Colombia,Wholesale
30/04/2022,2022.0,BMW 2 Series,81570.0,1.0,Asia,South Korea,Online
01/05/2022,2022.0,BMW 2 Series,50191.0,1.0,Asia,Thailand,Wholesale
02/05/2022,2022.0,BMW M4,107090.0,5.0,North America,Canada,Dealership
02/05/2022,2022.0,BMW 1 Series,39993.0,4.0,Europe,Germany,Dealership
02/05/2022,2022.0,BMW X2,74630.0,3.0,Europe,Germany,Dealership
03/05/2022,2022.0,BMW i4,33139.0,3.0,South America,Peru,Online
03/05/2022,2022.0,BMW M2,46802.0,3.0,Europe,Spain,Dealership
03/05/2022,2022.0,BMW 2 Series,94366.0,4.0,North America,Mexico,Wholesale
03/05/2022,2022.0,BMW X6,45817.0,4.0,South America,Peru,Wholesale
03/05/2022,2022.0,BMW iX3,90403.0,1.0,South America,Argentina,Online
03/05/2022,2022.0,BMW i3,49606.0,4.0,Europe,Italy,Online
03/05/2022,2022.0,BMW X5,100423.0,2.0,Asia,South Korea,Online
03/05/2022,2022.0,BMW i8,56998.0,5.0,Europe,Italy,Wholesale
03/05/2022,2022.0,BMW 7 Series,80615.0,4.0,Europe,Germany,Dealership
04/05/2022,2022.0,BMW 5 Series,58731.0,3.0,Africa,South Africa,Dealership
04/05/2022,2022.0,BMW iX,39933.0,4.0,Africa,Egypt,Wholesale
04/05/2022,2022.0,BMW M4,112404.0,1.0,Africa,Nigeria,Online
05/05/2022,2022.0,BMW 6 Series,82689.0,5.0,South America,Chile,Dealership
05/05/2022,2022.0,BMW Z4,75032.0,5.0,Africa,Egypt,Online
05/05/2022,2022.0,BMW M4,109973.0,3.0,Africa,Morocco,Online
05/05/2022,2022.0,BMW M5,105740.0,5.0,Europe,France,Online
06/05/2022,2022.0,BMW 5 Series,33213.0,2.0,Africa,South Africa,Wholesale
06/05/2022,2022.0,BMW X7,55223.0,5.0,Europe,Germany,Wholesale
06/05/2022,2022.0,BMW i8,41801.0,3.0,North America,Mexico,Online
06/05/2022,2022.0,BMW X5,41137.0,5.0,North America,Canada,Dealership
07/05/2022,2022.0,BMW iX3,87942.0,4.0,Europe,Spain,Dealership
07/05/2022,2022.0,BMW M2,43878.0,1.0,Europe,Germany,Wholesale
07/05/2022,2022.0,BMW i4,99558.0,4.0,Europe,Germany,Online
07/05/2022,2022.0,BMW 7 Series,119276.0,2.0,Africa,Egypt,Dealership
08/05/2022,2022.0,BMW M3,98422.0,2.0,Europe,United Kingdom,Online
08/05/2022,2022.0,BMW X5,50700.0,1.0,Africa,Morocco,Online
08/05/2022,2022.0,BMW i3,85535.0,1.0,Africa,Egypt,Dealership
09/05/2022,2022.0,BMW X4,92099.0,1.0,Asia,Japan,Wholesale
09/05/2022,2022.0,BMW 7 Series,109302.0,1.0,North America,Mexico,Wholesale
10/05/2022,2022.0,BMW X6,38752.0,5.0,Europe,Germany,Dealership
10/05/2022,2022.0,BMW Z4,60401.0,4.0,Europe,United Kingdom,Wholesale
10/05/2022,2022.0,BMW M2,34340.0,2.0,Europe,Germany,Wholesale
10/05/2022,2022.0,BMW X6,109017.0,5.0,Europe,Italy,Dealership
10/05/2022,2022.0,BMW X7,99683.0,1.0,Europe,Germany,Wholesale
11/05/2022,2022.0,BMW Z4,58285.0,3.0,Europe,United Kingdom,Dealership
11/05/2022,2022.0,BMW iX,40165.0,3.0,Asia,South Korea,Wholesale
11/05/2022,2022.0,BMW 2 Series,69441.0,4.0,Europe,United Kingdom,Wholesale
11/05/2022,2022.0,BMW Z4,109386.0,2.0,Africa,Nigeria,Wholesale
12/05/2022,2022.0,BMW 5 Series,42669.0,2.0,Africa,Kenya,Online
13/05/2022,2022.0,BMW X5,83270.0,4.0,Asia,China,Wholesale
14/05/2022,2022.0,BMW X1,59470.0,1.0,North America,United States,Dealership
15/05/2022,2022.0,BMW iX3,102089.0,1.0,Europe,United Kingdom,Online
15/05/2022,2022.0,BMW 3 Series,98972.0,2.0,South America,Brazil,Dealership
15/05/2022,2022.0,BMW X7,110459.0,2.0,South America,Peru,Wholesale
15/05/2022,2022.0,BMW iX,57135.0,2.0,North America,Canada,Dealership
15/05/2022,2022.0,BMW i3,44923.0,1.0,North America,Canada,Online
16/05/2022,2022.0,BMW 7 Series,78526.0,3.0,Asia,China,Dealership
17/05/2022,2022.0,BMW 6 Series,96551.0,4.0,North America,Canada,Dealership
17/05/2022,2022.0,BMW X3,108314.0,4.0,South America,Colombia,Dealership
18/05/2022,2022.0,BMW 8 Series,66827.0,5.0,Asia,China,Wholesale
19/05/2022,2022.0,BMW X2,78899.0,5.0,North America,Canada,Online
19/05/2022,2022.0,BMW 4 Series,98071.0,3.0,Asia,Thailand,Online
20/05/2022,2022.0,BMW X1,62726.0,2.0,South America,Argentina,Dealership
20/05/2022,2022.0,BMW M3,44099.0,3.0,Asia,China,Wholesale
20/05/2022,2022.0,BMW X4,117533.0,5.0,Europe,Italy,Dealership
20/05/2022,2022.0,BMW X3,50645.0,5.0,Asia,Thailand,Wholesale
20/05/2022,2022.0,BMW 8 Series,108986.0,4.0,South America,Chile,Dealership
20/05/2022,2022.0,BMW M4,78777.0,3.0,Europe,United Kingdom,Wholesale
21/05/2022,2022.0,BMW X4,84740.0,1.0,Europe,United Kingdom,Dealership
21/05/2022,2022.0,BMW 1 Series,67972.0,5.0,South America,Argentina,Wholesale
22/05/2022,2022.0,BMW X3,32260.0,4.0,Asia,Thailand,Online
23/05/2022,2022.0,BMW 3 Series,74162.0,2.0,Asia,China,Dealership
23/05/2022,2022.0,BMW M4,69350.0,3.0,South America,Brazil,Online
23/05/2022,2022.0,BMW Z4,117157.0,5.0,North America,Canada,Online
23/05/2022,2022.0,BMW 1 Series,108874.0,1.0,Africa,South Africa,Online
24/05/2022,2022.0,BMW 8 Series,55617.0,5.0,Africa,South Africa,Wholesale
24/05/2022,2022.0,BMW X1,104374.0,1.0,Africa,Nigeria,Wholesale
24/05/2022,2022.0,BMW i3,84104.0,3.0,Asia,India,Wholesale
24/05/2022,2022.0,BMW X4,70225.0,1.0,Africa,Nigeria,Dealership
25/05/2022,2022.0,BMW M3,105692.0,1.0,Europe,France,Wholesale
25/05/2022,2022.0,BMW 3 Series,48904.0,4.0,Africa,Kenya,Online
26/05/2022,2022.0,BMW X2,72586.0,3.0,Africa,South Africa,Online
26/05/2022,2022.0,BMW iX3,76814.0,5.0,Europe,Italy,Dealership
26/05/2022,2022.0,BMW 8 Series,87219.0,2.0,Europe,Spain,Online
26/05/2022,2022.0,BMW M5,94102.0,3.0,Asia,South Korea,Wholesale
26/05/2022,2022.0,BMW 1 Series,54110.0,3.0,Europe,France,Wholesale
26/05/2022,2022.0,BMW M2,70883.0,2.0,South America,Colombia,Wholesale
26/05/2022,2022.0,BMW X2,39260.0,5.0,Africa,Kenya,Online
27/05/2022,2022.0,BMW iX3,85704.0,4.0,Africa,Nigeria,Online
27/05/2022,2022.0,BMW 8 Series,53115.0,5.0,North America,Canada,Dealership
27/05/2022,2022.0,BMW X3,77602.0,2.0,Asia,Japan,Wholesale
27/05/2022,2022.0,BMW 7 Series,77223.0,5.0,South America,Brazil,Online
28/05/2022,2022.0,BMW X3,42822.0,3.0,North America,Mexico,Dealership
28/05/2022,2022.0,BMW 1 Series,82646.0,4.0,North America,Canada,Wholesale
28/05/2022,2022.0,BMW i3,68751.0,1.0,Europe,Spain,Online
28/05/2022,2022.0,BMW i4,47670.0,5.0,South America,Argentina,Online
28/05/2022,2022.0,BMW X7,101060.0,1.0,Africa,Morocco,Dealership
28/05/2022,2022.0,BMW X1,39033.0,4.0,North America,United States,Online
29/05/2022,2022.0,BMW M4,69440.0,1.0,Asia,Thailand,Wholesale
29/05/2022,2022.0,BMW 5 Series,76939.0,5.0,North America,Mexico,Dealership
29/05/2022,2022.0,BMW 7 Series,72019.0,2.0,South America,Argentina,Wholesale
30/05/2022,2022.0,BMW iX,105761.0,3.0,North America,Canada,Wholesale
31/05/2022,2022.0,BMW M3,99447.0,3.0,Asia,South Korea,Dealership
31/05/2022,2022.0,BMW i8,100422.0,1.0,South America,Colombia,Wholesale
01/06/2022,2022.0,BMW Z4,69437.0,3.0,South America,Colombia,Online
01/06/2022,2022.0,BMW X7,90332.0,3.0,Europe,Spain,Dealership
01/06/2022,2022.0,BMW iX,109018.0,2.0,Asia,Japan,Dealership
02/06/2022,2022.0,BMW X3,117754.0,1.0,South America,Brazil,Online
02/06/2022,2022.0,BMW X3,31946.0,2.0,South America,Chile,Online
02/06/2022,2022.0,BMW M3,55336.0,2.0,Europe,United Kingdom,Online
03/06/2022,2022.0,BMW iX3,87109.0,4.0,Asia,South Korea,Wholesale
04/06/2022,2022.0,BMW X6,32082.0,1.0,Asia,South Korea,Online
04/06/2022,2022.0,BMW 8 Series,88144.0,2.0,North America,United States,Wholesale
05/06/2022,2022.0,BMW Z4,99400.0,5.0,North America,United States,Wholesale
05/06/2022,2022.0,BMW 5 Series,58554.0,3.0,South America,Brazil,Dealership
05/06/2022,2022.0,BMW 7 Series,41683.0,1.0,Africa,Egypt,Online
05/06/2022,2022.0,BMW iX,49760.0,4.0,North America,United States,Online
05/06/2022,2022.0,BMW M2,73534.0,2.0,Europe,Italy,Wholesale
06/06/2022,2022.0,BMW M4,70517.0,5.0,Europe,Spain,Online
06/06/2022,2022.0,BMW 7 Series,80974.0,3.0,Europe,United Kingdom,Online
06/06/2022,2022.0,BMW X1,113562.0,3.0,South America,Peru,Online
07/06/2022,2022.0,BMW i3,54172.0,5.0,North America,Mexico,Wholesale
07/06/2022,2022.0,BMW 2 Series,42735.0,1.0,Europe,Germany,Online
07/06/2022,2022.0,BMW i4,43690.0,3.0,Asia,Japan,Dealership
08/06/2022,2022.0,BMW 6 Series,32583.0,3.0,South America,Brazil,Dealership
08/06/2022,2022.0,BMW M3,82774.0,3.0,Africa,Nigeria,Wholesale
08/06/2022,2022.0,BMW X4,48888.0,2.0,Europe,Italy,Online
08/06/2022,2022.0,BMW M2,88654.0,2.0,Europe,Spain,Online
09/06/2022,2022.0,BMW i8,108701.0,3.0,Asia,South Korea,Dealership
09/06/2022,2022.0,BMW M2,80541.0,4.0,Africa,South Africa,Online
10/06/2022,2022.0,BMW 4 Series,112558.0,3.0,North America,Canada,Dealership
10/06/2022,2022.0,BMW 3 Series,69602.0,1.0,Europe,Germany,Wholesale
10/06/2022,2022.0,BMW X3,58037.0,4.0,Africa,Nigeria,Wholesale
11/06/2022,2022.0,BMW i3,100714.0,1.0,Europe,Germany,Wholesale
11/06/2022,2022.0,BMW 3 Series,73937.0,5.0,Europe,Spain,Online
12/06/2022,2022.0,BMW 3 Series,104745.0,5.0,Asia,China,Online
12/06/2022,2022.0,BMW i8,109220.0,2.0,Africa,Egypt,Online
13/06/2022,2022.0,BMW X7,48640.0,2.0,Africa,Morocco,Wholesale
13/06/2022,2022.0,BMW M3,36505.0,2.0,Europe,Germany,Wholesale
13/06/2022,2022.0,BMW M2,99305.0,5.0,Europe,France,Dealership
14/06/2022,2022.0,BMW i3,32936.0,1.0,North America,Mexico,Wholesale
14/06/2022,2022.0,BMW X2,35834.0,4.0,Europe,Italy,Wholesale
15/06/2022,2022.0,BMW M3,44876.0,2.0,North America,Canada,Online
17/06/2022,2022.0,BMW 5 Series,72635.0,5.0,North America,Canada,Dealership
17/06/2022,2022.0,BMW M5,79615.0,2.0,Africa,South Africa,Online
18/06/2022,2022.0,BMW M8,84869.0,3.0,South America,Peru,Wholesale
18/06/2022,2022.0,BMW i4,46691.0,4.0,South America,Argentina,Dealership
18/06/2022,2022.0,BMW iX,106213.0,1.0,North America,Mexico,Online
18/06/2022,2022.0,BMW 3 Series,78429.0,2.0,North America,Canada,Dealership
19/06/2022,2022.0,BMW 7 Series,117983.0,3.0,Europe,France,Dealership
19/06/2022,2022.0,BMW 4 Series,75820.0,3.0,North America,Canada,Dealership
19/06/2022,2022.0,BMW 7 Series,104904.0,4.0,Asia,South Korea,Wholesale
19/06/2022,2022.0,BMW iX,32843.0,5.0,Africa,Morocco,Online
20/06/2022,2022.0,BMW 2 Series,110048.0,5.0,North America,Canada,Wholesale
20/06/2022,2022.0,BMW i4,96573.0,2.0,North America,Mexico,Wholesale
20/06/2022,2022.0,BMW i8,92160.0,2.0,Africa,South Africa,Dealership
20/06/2022,2022.0,BMW X4,68488.0,5.0,Asia,India,Wholesale
20/06/2022,2022.0,BMW M4,72861.0,1.0,North America,Canada,Wholesale
20/06/2022,2022.0,BMW iX3,49300.0,1.0,North America,United States,Wholesale
21/06/2022,2022.0,BMW M3,86400.0,3.0,Africa,Kenya,Wholesale
21/06/2022,2022.0,BMW 6 Series,69865.0,4.0,Asia,India,Dealership
21/06/2022,2022.0,BMW M4,98089.0,1.0,South America,Colombia,Wholesale
21/06/2022,2022.0,BMW i4,115443.0,2.0,South America,Argentina,Wholesale
22/06/2022,2022.0,BMW i3,93730.0,1.0,Africa,South Africa,Online
22/06/2022,2022.0,BMW 5 Series,53091.0,4.0,South America,Argentina,Wholesale
22/06/2022,2022.0,BMW X5,86298.0,2.0,North America,Canada,Dealership
23/06/2022,2022.0,BMW 6 Series,115799.0,4.0,North America,Mexico,Online
23/06/2022,2022.0,BMW X4,51571.0,5.0,Africa,Nigeria,Wholesale
23/06/2022,2022.0,BMW Z4,51762.0,4.0,Europe,Spain,Wholesale
23/06/2022,2022.0,BMW X5,68052.0,4.0,Europe,France,Online
23/06/2022,2022.0,BMW 2 Series,116700.0,4.0,Asia,India,Wholesale
23/06/2022,2022.0,BMW X6,35060.0,2.0,Africa,Morocco,Online
23/06/2022,2022.0,BMW X4,61362.0,4.0,South America,Peru,Online
23/06/2022,2022.0,BMW X3,100976.0,4.0,North America,Canada,Online
24/06/2022,2022.0,BMW M2,60936.0,3.0,North America,Mexico,Wholesale
24/06/2022,2022.0,BMW 7 Series,44610.0,2.0,Africa,South Africa,Online
24/06/2022,2022.0,BMW X1,43910.0,4.0,North America,Canada,Dealership
25/06/2022,2022.0,BMW M5,115669.0,1.0,North America,United States,Wholesale
25/06/2022,2022.0,BMW i3,119666.0,4.0,Africa,South Africa,Dealership
27/06/2022,2022.0,BMW X7,91920.0,1.0,Africa,South Africa,Dealership
28/06/2022,2022.0,BMW 3 Series,31722.0,5.0,Asia,Japan,Wholesale
28/06/2022,2022.0,BMW X5,30832.0,5.0,Asia,Thailand,Dealership
28/06/2022,2022.0,BMW 7 Series,40736.0,2.0,Africa,South Africa,Online
28/06/2022,2022.0,BMW M3,95298.0,2.0,North America,United States,Online
28/06/2022,2022.0,BMW i8,61131.0,5.0,Africa,Egypt,Dealership
29/06/2022,2022.0,BMW X7,119012.0,2.0,South America,Colombia,Wholesale
29/06/2022,2022.0,BMW 2 Series,118765.0,1.0,South America,Colombia,Dealership
30/06/2022,2022.0,BMW X4,49918.0,1.0,North America,United States,Dealership
30/06/2022,2022.0,BMW 4 Series,119422.0,3.0,North America,Mexico,Online
30/06/2022,2022.0,BMW M4,43891.0,2.0,North America,United States,Wholesale
01/07/2022,2022.0,BMW X1,38280.0,2.0,South America,Brazil,Dealership
01/07/2022,2022.0,BMW i4,95375.0,3.0,Africa,Egypt,Wholesale
01/07/2022,2022.0,BMW M5,70566.0,4.0,South America,Chile,Wholesale
01/07/2022,2022.0,BMW M4,100272.0,1.0,Europe,Germany,Online
02/07/2022,2022.0,BMW 4 Series,100499.0,4.0,South America,Chile,Dealership
02/07/2022,2022.0,BMW M3,78093.0,3.0,South America,Chile,Online
02/07/2022,2022.0,BMW X3,74790.0,2.0,South America,Argentina,Dealership
04/07/2022,2022.0,BMW X5,32424.0,4.0,Africa,Morocco,Online
04/07/2022,2022.0,BMW i3,112392.0,2.0,Europe,United Kingdom,Wholesale
04/07/2022,2022.0,BMW X7,97434.0,3.0,Asia,Thailand,Wholesale
05/07/2022,2022.0,BMW 1 Series,108066.0,5.0,Africa,Nigeria,Dealership
05/07/2022,2022.0,BMW X5,74935.0,2.0,Europe,Germany,Dealership
06/07/2022,2022.0,BMW 1 Series,81658.0,4.0,South America,Chile,Dealership
06/07/2022,2022.0,BMW X6,40844.0,4.0,South America,Brazil,Dealership
06/07/2022,2022.0,BMW iX,73239.0,3.0,North America,United States,Wholesale
06/07/2022,2022.0,BMW 8 Series,53950.0,4.0,South America,Chile,Dealership
06/07/2022,2022.0,BMW 2 Series,44378.0,1.0,Africa,Kenya,Wholesale
07/07/2022,2022.0,BMW Z4,98769.0,2.0,Europe,Spain,Dealership
07/07/2022,2022.0,BMW X4,115890.0,1.0,Asia,China,Online
07/07/2022,2022.0,BMW X6,103608.0,3.0,North America,Mexico,Online
07/07/2022,2022.0,BMW 7 Series,35057.0,1.0,South America,Brazil,Dealership
07/07/2022,2022.0,BMW M3,37661.0,1.0,Africa,South Africa,Online
07/07/2022,2022.0,BMW X2,99177.0,2.0,Asia,China,Wholesale
08/07/2022,2022.0,BMW M2,30794.0,2.0,Asia,India,Wholesale
08/07/2022,2022.0,BMW M4,116665.0,5.0,Africa,Egypt,Wholesale
08/07/2022,2022.0,BMW 4 Series,51629.0,1.0,Africa,Nigeria,Wholesale
08/07/2022,2022.0,BMW iX3,113744.0,2.0,Europe,Spain,Dealership
09/07/2022,2022.0,BMW X3,114194.0,1.0,South America,Brazil,Online
09/07/2022,2022.0,BMW X3,55261.0,1.0,South America,Chile,Wholesale
09/07/2022,2022.0,BMW M4,69906.0,3.0,North America,United States,Online
09/07/2022,2022.0,BMW X6,62476.0,3.0,South America,Colombia,Wholesale
10/07/2022,2022.0,BMW i8,45475.0,1.0,North America,Canada,Dealership
10/07/2022,2022.0,BMW Z4,66855.0,3.0,Europe,Italy,Online
11/07/2022,2022.0,BMW i3,56111.0,2.0,Europe,France,Dealership
11/07/2022,2022.0,BMW 7 Series,46793.0,1.0,Europe,Germany,Dealership
12/07/2022,2022.0,BMW X5,119680.0,3.0,Africa,Egypt,Online
12/07/2022,2022.0,BMW X1,119299.0,2.0,Europe,Italy,Online
12/07/2022,2022.0,BMW X6,64787.0,1.0,North America,Mexico,Online
12/07/2022,2022.0,BMW X3,108966.0,1.0,Africa,Kenya,Online
13/07/2022,2022.0,BMW X6,115083.0,3.0,Africa,Morocco,Dealership
13/07/2022,2022.0,BMW X2,44853.0,2.0,South America,Argentina,Dealership
14/07/2022,2022.0,BMW X2,60976.0,1.0,Africa,Kenya,Online
15/07/2022,2022.0,BMW 5 Series,68919.0,1.0,Europe,Germany,Online
15/07/2022,2022.0,BMW Z4,64303.0,5.0,North America,Mexico,Dealership
16/07/2022,2022.0,BMW M8,75692.0,1.0,South America,Chile,Dealership
16/07/2022,2022.0,BMW M5,69513.0,5.0,Europe,United Kingdom,Wholesale
16/07/2022,2022.0,BMW i4,70459.0,5.0,Africa,Nigeria,Dealership
16/07/2022,2022.0,BMW M2,81850.0,2.0,Asia,Japan,Dealership
16/07/2022,2022.0,BMW i3,68541.0,4.0,South America,Peru,Dealership
17/07/2022,2022.0,BMW iX,45058.0,5.0,Europe,France,Wholesale
17/07/2022,2022.0,BMW M3,81055.0,2.0,North America,Canada,Dealership
18/07/2022,2022.0,BMW 8 Series,92000.0,3.0,North America,United States,Online
18/07/2022,2022.0,BMW 6 Series,44413.0,5.0,Europe,United Kingdom,Wholesale
18/07/2022,2022.0,BMW 8 Series,64890.0,4.0,Africa,Nigeria,Dealership
18/07/2022,2022.0,BMW 8 Series,95355.0,3.0,Africa,Kenya,Wholesale
18/07/2022,2022.0,BMW X2,33492.0,5.0,South America,Brazil,Wholesale
19/07/2022,2022.0,BMW X6,41391.0,5.0,Asia,Japan,Online
19/07/2022,2022.0,BMW 6 Series,70720.0,4.0,Europe,France,Online
20/07/2022,2022.0,BMW X4,89398.0,1.0,Africa,Egypt,Online
21/07/2022,2022.0,BMW iX3,61182.0,4.0,South America,Peru,Dealership
22/07/2022,2022.0,BMW M5,51747.0,2.0,Africa,Kenya,Online
22/07/2022,2022.0,BMW X7,90914.0,2.0,North America,Canada,Dealership
22/07/2022,2022.0,BMW iX3,53103.0,4.0,North America,Canada,Wholesale
22/07/2022,2022.0,BMW 5 Series,42416.0,4.0,South America,Brazil,Dealership
23/07/2022,2022.0,BMW 7 Series,33756.0,4.0,Europe,Italy,Online
23/07/2022,2022.0,BMW 8 Series,91816.0,4.0,South America,Brazil,Online
23/07/2022,2022.0,BMW 3 Series,103424.0,4.0,Europe,Germany,Dealership
23/07/2022,2022.0,BMW i8,72517.0,5.0,Africa,South Africa,Dealership
24/07/2022,2022.0,BMW iX3,119851.0,3.0,Africa,Kenya,Online
24/07/2022,2022.0,BMW Z4,112160.0,2.0,Asia,India,Wholesale
24/07/2022,2022.0,BMW i3,112976.0,2.0,North America,Canada,Dealership
24/07/2022,2022.0,BMW 6 Series,58780.0,3.0,North America,Mexico,Wholesale
24/07/2022,2022.0,BMW 8 Series,67260.0,4.0,Asia,Thailand,Dealership
24/07/2022,2022.0,BMW X3,32479.0,3.0,Asia,South Korea,Online
25/07/2022,2022.0,BMW X7,114811.0,4.0,Africa,South Africa,Wholesale
26/07/2022,2022.0,BMW 4 Series,107424.0,2.0,South America,Argentina,Dealership
26/07/2022,2022.0,BMW M2,43987.0,1.0,Africa,South Africa,Wholesale
26/07/2022,2022.0,BMW X7,35305.0,2.0,South America,Colombia,Dealership
27/07/2022,2022.0,BMW 1 Series,83591.0,2.0,Europe,Germany,Dealership
27/07/2022,2022.0,BMW iX,82878.0,1.0,Asia,India,Dealership
28/07/2022,2022.0,BMW i4,46639.0,3.0,South America,Chile,Online
28/07/2022,2022.0,BMW X7,30254.0,5.0,Europe,Italy,Wholesale
29/07/2022,2022.0,BMW 5 Series,54325.0,4.0,South America,Peru,Dealership
29/07/2022,2022.0,BMW M3,113254.0,4.0,South America,Brazil,Wholesale
30/07/2022,2022.0,BMW X5,61247.0,2.0,North America,Canada,Dealership
30/07/2022,2022.0,BMW M5,108694.0,1.0,South America,Argentina,Wholesale
01/08/2022,2022.0,BMW X2,43138.0,2.0,Europe,United Kingdom,Wholesale
01/08/2022,2022.0,BMW i8,59543.0,2.0,Asia,Thailand,Dealership
01/08/2022,2022.0,BMW X7,58285.0,3.0,Asia,India,Wholesale
01/08/2022,2022.0,BMW X5,91276.0,4.0,Europe,Italy,Wholesale
02/08/2022,2022.0,BMW i8,51865.0,5.0,North America,United States,Online
03/08/2022,2022.0,BMW i8,72981.0,1.0,North America,Canada,Wholesale
03/08/2022,2022.0,BMW 1 Series,115077.0,5.0,North America,United States,Wholesale
03/08/2022,2022.0,BMW X5,34424.0,1.0,Asia,South Korea,Wholesale
03/08/2022,2022.0,BMW 2 Series,32063.0,4.0,North America,United States,Wholesale
03/08/2022,2022.0,BMW X1,113492.0,3.0,North America,United States,Wholesale
04/08/2022,2022.0,BMW 8 Series,46303.0,5.0,South America,Peru,Dealership
04/08/2022,2022.0,BMW X4,38583.0,1.0,North America,Canada,Dealership
05/08/2022,2022.0,BMW iX3,43127.0,2.0,North America,United States,Wholesale
05/08/2022,2022.0,BMW M4,114366.0,4.0,Africa,Morocco,Online
05/08/2022,2022.0,BMW X5,96297.0,3.0,North America,Mexico,Dealership
06/08/2022,2022.0,BMW 1 Series,119289.0,2.0,South America,Chile,Dealership
06/08/2022,2022.0,BMW M4,109158.0,3.0,Asia,Thailand,Dealership
07/08/2022,2022.0,BMW 4 Series,43403.0,1.0,Europe,Italy,Dealership
07/08/2022,2022.0,BMW Z4,96603.0,2.0,Asia,Thailand,Online
08/08/2022,2022.0,BMW i3,97475.0,3.0,North America,Mexico,Wholesale
08/08/2022,2022.0,BMW M4,54315.0,4.0,North America,Mexico,Dealership
08/08/2022,2022.0,BMW 3 Series,90188.0,5.0,North America,Canada,Dealership
09/08/2022,2022.0,BMW M8,98498.0,5.0,South America,Colombia,Wholesale
09/08/2022,2022.0,BMW X3,45993.0,2.0,Africa,Egypt,Online
09/08/2022,2022.0,BMW 5 Series,99507.0,4.0,Africa,Egypt,Online
09/08/2022,2022.0,BMW 4 Series,66098.0,4.0,North America,Mexico,Online
10/08/2022,2022.0,BMW M3,104501.0,3.0,South America,Colombia,Online
10/08/2022,2022.0,BMW i4,105763.0,2.0,South America,Argentina,Wholesale
10/08/2022,2022.0,BMW Z4,81113.0,4.0,Africa,South Africa,Dealership
10/08/2022,2022.0,BMW i8,62655.0,3.0,South America,Brazil,Dealership
11/08/2022,2022.0,BMW Z4,84524.0,4.0,Europe,Spain,Dealership
11/08/2022,2022.0,BMW X7,53075.0,2.0,South America,Brazil,Wholesale
11/08/2022,2022.0,BMW X1,31119.0,4.0,Asia,India,Online
11/08/2022,2022.0,BMW M8,118161.0,4.0,Africa,South Africa,Wholesale
12/08/2022,2022.0,BMW X4,65740.0,4.0,Europe,France,Wholesale
13/08/2022,2022.0,BMW M2,32039.0,5.0,South America,Chile,Online
13/08/2022,2022.0,BMW 4 Series,98802.0,1.0,Europe,Spain,Dealership
13/08/2022,2022.0,BMW M3,75741.0,2.0,Europe,Germany,Wholesale
13/08/2022,2022.0,BMW 5 Series,73322.0,5.0,Africa,Morocco,Wholesale
13/08/2022,2022.0,BMW i4,30797.0,1.0,South America,Colombia,Wholesale
14/08/2022,2022.0,BMW iX3,89643.0,4.0,Asia,Japan,Dealership
14/08/2022,2022.0,BMW 4 Series,77165.0,4.0,Asia,China,Dealership
14/08/2022,2022.0,BMW 2 Series,95544.0,5.0,Europe,Italy,Online
15/08/2022,2022.0,BMW 3 Series,92288.0,3.0,Europe,Italy,Wholesale
15/08/2022,2022.0,BMW M8,107481.0,2.0,Europe,Spain,Dealership
15/08/2022,2022.0,BMW X1,91491.0,1.0,Asia,Thailand,Wholesale
16/08/2022,2022.0,BMW 5 Series,54941.0,4.0,Europe,United Kingdom,Online
16/08/2022,2022.0,BMW 7 Series,99764.0,2.0,North America,Canada,Wholesale
17/08/2022,2022.0,BMW 3 Series,75147.0,4.0,South America,Argentina,Wholesale
17/08/2022,2022.0,BMW 5 Series,97656.0,4.0,South America,Argentina,Dealership
18/08/2022,2022.0,BMW X3,57204.0,4.0,Africa,Morocco,Dealership
18/08/2022,2022.0,BMW i8,93452.0,2.0,Africa,Kenya,Online
18/08/2022,2022.0,BMW M5,118719.0,5.0,Europe,Spain,Dealership
19/08/2022,2022.0,BMW i3,51971.0,2.0,South America,Chile,Dealership
19/08/2022,2022.0,BMW M2,105477.0,2.0,Europe,Spain,Dealership
19/08/2022,2022.0,BMW 3 Series,58185.0,3.0,Asia,Thailand,Dealership
20/08/2022,2022.0,BMW 1 Series,53838.0,3.0,North America,Canada,Dealership
20/08/2022,2022.0,BMW 5 Series,55060.0,5.0,Africa,Kenya,Dealership
20/08/2022,2022.0,BMW M2,106028.0,3.0,North America,Canada,Dealership
21/08/2022,2022.0,BMW X4,43065.0,5.0,Asia,South Korea,Dealership
22/08/2022,2022.0,BMW X1,91760.0,4.0,South America,Colombia,Online
22/08/2022,2022.0,BMW M2,118118.0,4.0,Asia,Japan,Wholesale
23/08/2022,2022.0,BMW i3,36771.0,2.0,North America,Mexico,Wholesale
23/08/2022,2022.0,BMW X6,76873.0,4.0,South America,Peru,Online
24/08/2022,2022.0,BMW X6,66123.0,3.0,North America,Canada,Wholesale
24/08/2022,2022.0,BMW M5,88896.0,1.0,North America,Mexico,Dealership
24/08/2022,2022.0,BMW X2,47505.0,2.0,Europe,Italy,Online
24/08/2022,2022.0,BMW 8 Series,35094.0,5.0,North America,Canada,Online
24/08/2022,2022.0,BMW M3,114860.0,4.0,Europe,Spain,Wholesale
24/08/2022,2022.0,BMW 7 Series,77373.0,2.0,South America,Argentina,Wholesale
25/08/2022,2022.0,BMW 3 Series,71603.0,2.0,Africa,Egypt,Dealership
25/08/2022,2022.0,BMW 6 Series,83574.0,2.0,South America,Argentina,Online
25/08/2022,2022.0,BMW M5,32214.0,4.0,Asia,China,Wholesale
25/08/2022,2022.0,BMW 7 Series,119897.0,5.0,Africa,Egypt,Wholesale
25/08/2022,2022.0,BMW X5,100350.0,2.0,North America,United States,Dealership
26/08/2022,2022.0,BMW 2 Series,42965.0,2.0,Africa,Kenya,Online
26/08/2022,2022.0,BMW 5 Series,48565.0,2.0,North America,Canada,Wholesale
26/08/2022,2022.0,BMW 4 Series,87858.0,4.0,Europe,United Kingdom,Online
26/08/2022,2022.0,BMW Z4,43531.0,3.0,South America,Colombia,Dealership
26/08/2022,2022.0,BMW i4,58812.0,5.0,North America,Canada,Wholesale
27/08/2022,2022.0,BMW X2,43736.0,2.0,North America,United States,Dealership
27/08/2022,2022.0,BMW X3,54394.0,2.0,Europe,Spain,Dealership
27/08/2022,2022.0,BMW M2,46472.0,2.0,South America,Argentina,Wholesale
28/08/2022,2022.0,BMW iX,64058.0,4.0,Europe,United Kingdom,Dealership
28/08/2022,2022.0,BMW i3,52522.0,3.0,North America,Mexico,Wholesale
29/08/2022,2022.0,BMW X3,55432.0,2.0,Asia,Japan,Online
29/08/2022,2022.0,BMW 6 Series,39157.0,2.0,Africa,Nigeria,Online
29/08/2022,2022.0,BMW X5,107027.0,4.0,Africa,South Africa,Dealership
30/08/2022,2022.0,BMW iX3,117493.0,5.0,Africa,Kenya,Online
30/08/2022,2022.0,BMW 3 Series,109721.0,5.0,South America,Argentina,Online
31/08/2022,2022.0,BMW X3,57506.0,3.0,Asia,Japan,Dealership
01/09/2022,2022.0,BMW 2 Series,119932.0,5.0,Europe,Spain,Dealership
01/09/2022,2022.0,BMW M4,33794.0,2.0,North America,Canada,Wholesale
02/09/2022,2022.0,BMW 1 Series,57524.0,4.0,South America,Argentina,Wholesale
03/09/2022,2022.0,BMW i3,75447.0,2.0,Europe,Germany,Wholesale
03/09/2022,2022.0,BMW 6 Series,59469.0,2.0,Africa,Nigeria,Online
03/09/2022,2022.0,BMW X6,81169.0,3.0,Africa,Nigeria,Wholesale
03/09/2022,2022.0,BMW iX,55692.0,5.0,Africa,Egypt,Dealership
04/09/2022,2022.0,BMW i3,102607.0,5.0,Europe,United Kingdom,Wholesale
05/09/2022,2022.0,BMW Z4,66312.0,5.0,Asia,India,Dealership
05/09/2022,2022.0,BMW iX3,74310.0,2.0,Asia,South Korea,Online
05/09/2022,2022.0,BMW M4,89207.0,4.0,South America,Chile,Online
05/09/2022,2022.0,BMW iX,43725.0,4.0,North America,Mexico,Online
05/09/2022,2022.0,BMW X5,70831.0,2.0,Asia,China,Online
05/09/2022,2022.0,BMW X7,104651.0,1.0,North America,Canada,Online
05/09/2022,2022.0,BMW 4 Series,89570.0,2.0,Europe,France,Wholesale
06/09/2022,2022.0,BMW 6 Series,35492.0,5.0,Africa,Nigeria,Online
07/09/2022,2022.0,BMW X6,118121.0,2.0,Europe,United Kingdom,Online
07/09/2022,2022.0,BMW X4,37071.0,1.0,Europe,Germany,Wholesale
07/09/2022,2022.0,BMW 2 Series,59545.0,2.0,South America,Brazil,Dealership
08/09/2022,2022.0,BMW X3,109882.0,5.0,Asia,India,Wholesale
09/09/2022,2022.0,BMW X5,65571.0,3.0,Africa,Kenya,Online
09/09/2022,2022.0,BMW i4,70273.0,4.0,Asia,South Korea,Online
10/09/2022,2022.0,BMW X6,73660.0,1.0,Africa,Nigeria,Dealership
10/09/2022,2022.0,BMW Z4,68718.0,3.0,South America,Argentina,Dealership
11/09/2022,2022.0,BMW Z4,118760.0,4.0,North America,United States,Dealership
11/09/2022,2022.0,BMW 5 Series,54054.0,3.0,Africa,South Africa,Online
12/09/2022,2022.0,BMW i3,55406.0,2.0,South America,Chile,Dealership
13/09/2022,2022.0,BMW iX3,74294.0,2.0,South America,Colombia,Wholesale
13/09/2022,2022.0,BMW 6 Series,68217.0,4.0,North America,Mexico,Wholesale
13/09/2022,2022.0,BMW iX,104755.0,4.0,South America,Colombia,Wholesale
14/09/2022,2022.0,BMW i8,50180.0,2.0,North America,United States,Wholesale
14/09/2022,2022.0,BMW iX,97963.0,2.0,South America,Brazil,Dealership
14/09/2022,2022.0,BMW 1 Series,74561.0,4.0,Africa,Egypt,Wholesale
15/09/2022,2022.0,BMW X1,56378.0,4.0,Africa,Egypt,Dealership
15/09/2022,2022.0,BMW 3 Series,64826.0,4.0,North America,Mexico,Wholesale
15/09/2022,2022.0,BMW M5,70696.0,5.0,Asia,South Korea,Dealership
15/09/2022,2022.0,BMW iX,38079.0,5.0,Asia,Japan,Wholesale
16/09/2022,2022.0,BMW i4,63464.0,2.0,Europe,Italy,Online
16/09/2022,2022.0,BMW i8,111259.0,5.0,Europe,Spain,Wholesale
16/09/2022,2022.0,BMW i8,51021.0,1.0,Asia,South Korea,Wholesale
17/09/2022,2022.0,BMW i8,53074.0,2.0,Asia,China,Dealership
17/09/2022,2022.0,BMW 6 Series,40316.0,1.0,Europe,Germany,Wholesale
17/09/2022,2022.0,BMW i8,48354.0,3.0,Europe,Spain,Dealership
18/09/2022,2022.0,BMW M3,108539.0,1.0,North America,Canada,Online
19/09/2022,2022.0,BMW M5,31511.0,3.0,North America,United States,Online
19/09/2022,2022.0,BMW M8,104944.0,1.0,South America,Chile,Dealership
19/09/2022,2022.0,BMW X5,59039.0,3.0,South America,Chile,Online
19/09/2022,2022.0,BMW M3,95841.0,3.0,Africa,Nigeria,Online
19/09/2022,2022.0,BMW M4,33909.0,2.0,South America,Colombia,Online
20/09/2022,2022.0,BMW M4,93560.0,4.0,Asia,South Korea,Dealership
20/09/2022,2022.0,BMW X6,74023.0,4.0,Asia,South Korea,Wholesale
20/09/2022,2022.0,BMW 8 Series,62308.0,2.0,South America,Brazil,Wholesale
20/09/2022,2022.0,BMW M4,64638.0,3.0,North America,Canada,Dealership
21/09/2022,2022.0,BMW X1,117893.0,4.0,South America,Chile,Wholesale
21/09/2022,2022.0,BMW 4 Series,69970.0,4.0,Europe,Spain,Online
21/09/2022,2022.0,BMW M4,94102.0,1.0,Africa,South Africa,Dealership
22/09/2022,2022.0,BMW M4,68459.0,5.0,North America,United States,Online
22/09/2022,2022.0,BMW X1,112138.0,2.0,Africa,Kenya,Online
22/09/2022,2022.0,BMW X7,56414.0,5.0,Asia,South Korea,Wholesale
22/09/2022,2022.0,BMW X3,95250.0,3.0,South America,Argentina,Wholesale
22/09/2022,2022.0,BMW 4 Series,78001.0,1.0,North America,Canada,Wholesale
22/09/2022,2022.0,BMW X1,96896.0,4.0,North America,Mexico,Online
23/09/2022,2022.0,BMW M5,98688.0,1.0,Asia,Thailand,Dealership
23/09/2022,2022.0,BMW X7,65402.0,2.0,Europe,France,Wholesale
23/09/2022,2022.0,BMW iX3,88126.0,3.0,Africa,Nigeria,Dealership
23/09/2022,2022.0,BMW M3,58677.0,1.0,North America,Mexico,Wholesale
24/09/2022,2022.0,BMW 3 Series,98737.0,1.0,Europe,France,Wholesale
24/09/2022,2022.0,BMW 5 Series,31737.0,1.0,Africa,Kenya,Wholesale
24/09/2022,2022.0,BMW 6 Series,43173.0,4.0,Europe,France,Dealership
25/09/2022,2022.0,BMW 2 Series,49638.0,3.0,South America,Colombia,Dealership
25/09/2022,2022.0,BMW Z4,112128.0,4.0,South America,Brazil,Online
26/09/2022,2022.0,BMW 1 Series,41263.0,1.0,South America,Chile,Wholesale
26/09/2022,2022.0,BMW i8,114856.0,4.0,Asia,Japan,Dealership
26/09/2022,2022.0,BMW i4,60036.0,4.0,South America,Argentina,Wholesale
26/09/2022,2022.0,BMW 3 Series,72581.0,2.0,South America,Argentina,Dealership
26/09/2022,2022.0,BMW iX3,96550.0,5.0,Asia,China,Dealership
27/09/2022,2022.0,BMW Z4,118623.0,5.0,Europe,Germany,Online
27/09/2022,2022.0,BMW M4,74264.0,2.0,Asia,Japan,Wholesale
27/09/2022,2022.0,BMW 2 Series,41809.0,2.0,South America,Colombia,Online
27/09/2022,2022.0,BMW i4,87649.0,4.0,South America,Brazil,Online
27/09/2022,2022.0,BMW 6 Series,103878.0,4.0,Europe,Germany,Wholesale
28/09/2022,2022.0,BMW X6,62187.0,3.0,Europe,Italy,Wholesale
28/09/2022,2022.0,BMW 5 Series,51500.0,5.0,Europe,France,Wholesale
28/09/2022,2022.0,BMW M2,117995.0,4.0,Europe,Germany,Wholesale
28/09/2022,2022.0,BMW 4 Series,63208.0,3.0,Asia,Japan,Wholesale
28/09/2022,2022.0,BMW M2,62827.0,5.0,Africa,Nigeria,Dealership
29/09/2022,2022.0,BMW 3 Series,70522.0,3.0,North America,Canada,Wholesale
30/09/2022,2022.0,BMW 8 Series,42332.0,3.0,South America,Peru,Dealership
30/09/2022,2022.0,BMW 1 Series,57188.0,2.0,Europe,United Kingdom,Online
30/09/2022,2022.0,BMW 7 Series,86342.0,1.0,Africa,Egypt,Wholesale
30/09/2022,2022.0,BMW M3,67126.0,1.0,Africa,Egypt,Wholesale
30/09/2022,2022.0,BMW X1,93872.0,1.0,Africa,Egypt,Dealership
01/10/2022,2022.0,BMW i4,102209.0,3.0,Africa,Morocco,Dealership
01/10/2022,2022.0,BMW iX,59044.0,4.0,Europe,Germany,Online
01/10/2022,2022.0,BMW 5 Series,110196.0,1.0,Asia,India,Dealership
01/10/2022,2022.0,BMW 5 Series,88396.0,4.0,Europe,United Kingdom,Wholesale
01/10/2022,2022.0,BMW M4,87690.0,5.0,Asia,China,Wholesale
01/10/2022,2022.0,BMW 6 Series,38323.0,1.0,Europe,Italy,Online
04/10/2022,2022.0,BMW 4 Series,93887.0,3.0,North America,United States,Online
04/10/2022,2022.0,BMW M5,53710.0,2.0,Asia,China,Online
04/10/2022,2022.0,BMW 1 Series,52628.0,3.0,South America,Peru,Dealership
04/10/2022,2022.0,BMW Z4,109211.0,4.0,North America,Canada,Online
05/10/2022,2022.0,BMW 4 Series,33463.0,5.0,Africa,Egypt,Dealership
05/10/2022,2022.0,BMW X1,63043.0,3.0,North America,Canada,Wholesale
05/10/2022,2022.0,BMW Z4,56427.0,2.0,South America,Argentina,Dealership
05/10/2022,2022.0,BMW 5 Series,36309.0,2.0,South America,Argentina,Online
06/10/2022,2022.0,BMW M5,96220.0,5.0,North America,Mexico,Wholesale
06/10/2022,2022.0,BMW X1,90051.0,1.0,Africa,Nigeria,Online
06/10/2022,2022.0,BMW 5 Series,33311.0,3.0,Europe,Germany,Online
06/10/2022,2022.0,BMW X4,65687.0,3.0,Africa,South Africa,Dealership
06/10/2022,2022.0,BMW i3,111122.0,2.0,North America,Canada,Dealership
07/10/2022,2022.0,BMW X3,113081.0,4.0,South America,Argentina,Online
07/10/2022,2022.0,BMW M2,49121.0,3.0,Asia,Japan,Dealership
08/10/2022,2022.0,BMW 4 Series,82784.0,2.0,North America,Mexico,Wholesale
08/10/2022,2022.0,BMW i3,40247.0,4.0,Africa,Nigeria,Online
11/10/2022,2022.0,BMW X3,111823.0,1.0,Africa,Kenya,Dealership
11/10/2022,2022.0,BMW X5,62353.0,1.0,Europe,United Kingdom,Wholesale
11/10/2022,2022.0,BMW M4,89207.0,2.0,North America,United States,Online
12/10/2022,2022.0,BMW Z4,96038.0,2.0,Asia,China,Dealership
13/10/2022,2022.0,BMW X6,77060.0,1.0,North America,United States,Dealership
15/10/2022,2022.0,BMW iX,75984.0,2.0,North America,Canada,Wholesale
15/10/2022,2022.0,BMW X2,91456.0,5.0,South America,Chile,Dealership
15/10/2022,2022.0,BMW M2,55176.0,3.0,South America,Brazil,Dealership
15/10/2022,2022.0,BMW 6 Series,45646.0,5.0,Europe,France,Online
16/10/2022,2022.0,BMW 2 Series,36722.0,4.0,South America,Chile,Dealership
16/10/2022,2022.0,BMW M5,113031.0,2.0,North America,United States,Dealership
16/10/2022,2022.0,BMW Z4,43882.0,2.0,Africa,Morocco,Wholesale
16/10/2022,2022.0,BMW i3,42011.0,4.0,South America,Brazil,Wholesale
17/10/2022,2022.0,BMW X7,34409.0,3.0,Europe,United Kingdom,Online
17/10/2022,2022.0,BMW i3,93883.0,1.0,Asia,India,Online
18/10/2022,2022.0,BMW X3,80486.0,5.0,North America,Canada,Dealership
18/10/2022,2022.0,BMW M5,68682.0,3.0,North America,United States,Dealership
18/10/2022,2022.0,BMW X6,36121.0,1.0,Asia,China,Online
19/10/2022,2022.0,BMW X1,45987.0,1.0,Asia,Thailand,Wholesale
20/10/2022,2022.0,BMW iX3,104607.0,2.0,Asia,India,Dealership
20/10/2022,2022.0,BMW M5,114239.0,4.0,Africa,Egypt,Wholesale
20/10/2022,2022.0,BMW i3,44141.0,2.0,Asia,China,Wholesale
20/10/2022,2022.0,BMW 8 Series,107058.0,4.0,Asia,South Korea,Online
20/10/2022,2022.0,BMW iX3,69441.0,2.0,Africa,Kenya,Dealership
20/10/2022,2022.0,BMW M4,58443.0,5.0,South America,Argentina,Wholesale
20/10/2022,2022.0,BMW 5 Series,43472.0,2.0,Europe,France,Online
21/10/2022,2022.0,BMW X5,57387.0,5.0,North America,Mexico,Wholesale
22/10/2022,2022.0,BMW 3 Series,100624.0,3.0,South America,Peru,Online
22/10/2022,2022.0,BMW 2 Series,42466.0,3.0,Europe,Italy,Dealership
23/10/2022,2022.0,BMW i8,74867.0,2.0,Asia,South Korea,Dealership
23/10/2022,2022.0,BMW M2,68180.0,3.0,Africa,Nigeria,Wholesale
24/10/2022,2022.0,BMW X7,78298.0,1.0,South America,Argentina,Dealership
24/10/2022,2022.0,BMW X3,87399.0,5.0,Africa,South Africa,Dealership
24/10/2022,2022.0,BMW X4,111855.0,4.0,Asia,India,Wholesale
25/10/2022,2022.0,BMW 8 Series,97777.0,5.0,Europe,Spain,Wholesale
25/10/2022,2022.0,BMW i8,99647.0,2.0,Africa,South Africa,Wholesale
25/10/2022,2022.0,BMW i4,103390.0,3.0,South America,Chile,Dealership
25/10/2022,2022.0,BMW M3,83821.0,3.0,South America,Argentina,Online
26/10/2022,2022.0,BMW 2 Series,64608.0,1.0,Africa,Morocco,Online
26/10/2022,2022.0,BMW 7 Series,95310.0,3.0,North America,Canada,Online
26/10/2022,2022.0,BMW i4,117964.0,2.0,South America,Argentina,Dealership
27/10/2022,2022.0,BMW 3 Series,81940.0,2.0,Asia,South Korea,Dealership
27/10/2022,2022.0,BMW M2,112445.0,4.0,South America,Chile,Wholesale
28/10/2022,2022.0,BMW M4,103180.0,5.0,Asia,China,Wholesale
29/10/2022,2022.0,BMW X5,58460.0,5.0,Europe,Italy,Dealership
29/10/2022,2022.0,BMW 3 Series,58534.0,5.0,Africa,Kenya,Dealership
30/10/2022,2022.0,BMW i8,63808.0,4.0,Asia,India,Online
30/10/2022,2022.0,BMW i4,106827.0,4.0,Africa,Kenya,Online
30/10/2022,2022.0,BMW i3,65061.0,4.0,Europe,Spain,Online
31/10/2022,2022.0,BMW X6,102131.0,1.0,South America,Colombia,Wholesale
31/10/2022,2022.0,BMW 7 Series,96911.0,4.0,Africa,South Africa,Online
31/10/2022,2022.0,BMW M8,58842.0,3.0,North America,Canada,Wholesale
31/10/2022,2022.0,BMW M8,111848.0,1.0,Asia,Japan,Wholesale
01/11/2022,2022.0,BMW X2,45352.0,3.0,South America,Chile,Wholesale
02/11/2022,2022.0,BMW M5,34076.0,5.0,Europe,United Kingdom,Wholesale
02/11/2022,2022.0,BMW 5 Series,71607.0,2.0,South America,Colombia,Dealership
02/11/2022,2022.0,BMW 5 Series,99817.0,5.0,North America,United States,Dealership
02/11/2022,2022.0,BMW 5 Series,118324.0,4.0,Africa,Nigeria,Wholesale
03/11/2022,2022.0,BMW 2 Series,81661.0,2.0,Asia,Japan,Wholesale
04/11/2022,2022.0,BMW i8,117521.0,5.0,North America,Mexico,Wholesale
04/11/2022,2022.0,BMW M4,61696.0,1.0,South America,Peru,Wholesale
04/11/2022,2022.0,BMW Z4,31872.0,4.0,Europe,Italy,Online
04/11/2022,2022.0,BMW 5 Series,62894.0,5.0,Asia,Japan,Dealership
05/11/2022,2022.0,BMW i3,39906.0,2.0,South America,Colombia,Dealership
05/11/2022,2022.0,BMW X6,90112.0,3.0,North America,United States,Dealership
05/11/2022,2022.0,BMW 2 Series,71129.0,5.0,North America,Canada,Dealership
05/11/2022,2022.0,BMW 4 Series,116889.0,1.0,Asia,China,Dealership
06/11/2022,2022.0,BMW i4,107402.0,2.0,Europe,United Kingdom,Dealership
06/11/2022,2022.0,BMW i4,112941.0,5.0,North America,Mexico,Dealership
06/11/2022,2022.0,BMW 5 Series,98446.0,3.0,North America,Mexico,Wholesale
06/11/2022,2022.0,BMW M8,50707.0,4.0,Europe,Spain,Wholesale
07/11/2022,2022.0,BMW M4,72736.0,4.0,North America,United States,Dealership
07/11/2022,2022.0,BMW 3 Series,109923.0,4.0,South America,Peru,Dealership
07/11/2022,2022.0,BMW Z4,86063.0,2.0,Europe,Germany,Online
08/11/2022,2022.0,BMW 3 Series,105690.0,3.0,Asia,South Korea,Dealership
08/11/2022,2022.0,BMW X4,117889.0,3.0,North America,Mexico,Online
09/11/2022,2022.0,BMW X7,34078.0,5.0,Africa,Morocco,Dealership
10/11/2022,2022.0,BMW 3 Series,80139.0,4.0,Africa,Nigeria,Wholesale
10/11/2022,2022.0,BMW 2 Series,71004.0,2.0,Europe,United Kingdom,Online
11/11/2022,2022.0,BMW M8,38652.0,4.0,Asia,India,Online
11/11/2022,2022.0,BMW 7 Series,70326.0,4.0,Africa,South Africa,Wholesale
12/11/2022,2022.0,BMW i4,107093.0,5.0,Europe,United Kingdom,Online
12/11/2022,2022.0,BMW M2,79630.0,5.0,Asia,Japan,Dealership
12/11/2022,2022.0,BMW 4 Series,102171.0,5.0,Asia,India,Wholesale
13/11/2022,2022.0,BMW 7 Series,39903.0,1.0,Europe,France,Wholesale
13/11/2022,2022.0,BMW Z4,60054.0,1.0,North America,Canada,Dealership
13/11/2022,2022.0,BMW 2 Series,81457.0,2.0,South America,Chile,Online
14/11/2022,2022.0,BMW M4,46637.0,2.0,Asia,China,Dealership
14/11/2022,2022.0,BMW iX3,112511.0,5.0,South America,Colombia,Dealership
14/11/2022,2022.0,BMW X2,115958.0,3.0,Africa,Morocco,Wholesale
14/11/2022,2022.0,BMW iX,59665.0,2.0,South America,Argentina,Dealership
15/11/2022,2022.0,BMW 8 Series,56038.0,1.0,Africa,South Africa,Wholesale
16/11/2022,2022.0,BMW 8 Series,118612.0,1.0,Africa,Nigeria,Dealership
16/11/2022,2022.0,BMW i8,114606.0,4.0,South America,Colombia,Dealership
17/11/2022,2022.0,BMW i8,31649.0,5.0,North America,Canada,Dealership
17/11/2022,2022.0,BMW 2 Series,104332.0,3.0,South America,Argentina,Online
17/11/2022,2022.0,BMW 2 Series,66735.0,5.0,North America,Canada,Wholesale
18/11/2022,2022.0,BMW Z4,70023.0,1.0,Asia,South Korea,Wholesale
19/11/2022,2022.0,BMW X1,37824.0,3.0,Africa,Kenya,Dealership
20/11/2022,2022.0,BMW iX,102195.0,2.0,South America,Chile,Dealership
20/11/2022,2022.0,BMW M8,99814.0,4.0,South America,Chile,Online
20/11/2022,2022.0,BMW M2,110901.0,1.0,Asia,India,Online
21/11/2022,2022.0,BMW M2,85186.0,4.0,South America,Chile,Wholesale
21/11/2022,2022.0,BMW i8,36180.0,5.0,North America,United States,Wholesale
22/11/2022,2022.0,BMW 3 Series,102928.0,3.0,Europe,United Kingdom,Online
22/11/2022,2022.0,BMW Z4,102074.0,5.0,South America,Chile,Online
22/11/2022,2022.0,BMW 1 Series,51716.0,4.0,North America,United States,Wholesale
22/11/2022,2022.0,BMW X3,31869.0,1.0,Asia,Thailand,Online
23/11/2022,2022.0,BMW X7,110396.0,4.0,Asia,Japan,Wholesale
23/11/2022,2022.0,BMW X1,88172.0,1.0,Europe,United Kingdom,Dealership
23/11/2022,2022.0,BMW X1,83516.0,4.0,South America,Colombia,Dealership
25/11/2022,2022.0,BMW X6,68148.0,5.0,Asia,South Korea,Online
25/11/2022,2022.0,BMW M5,106831.0,4.0,Africa,Kenya,Online
26/11/2022,2022.0,BMW 1 Series,97323.0,2.0,South America,Brazil,Online
26/11/2022,2022.0,BMW 6 Series,39895.0,5.0,Asia,South Korea,Wholesale
26/11/2022,2022.0,BMW M3,85162.0,4.0,Asia,China,Online
27/11/2022,2022.0,BMW 3 Series,54992.0,4.0,Asia,South Korea,Dealership
27/11/2022,2022.0,BMW M2,32068.0,3.0,Europe,Spain,Online
28/11/2022,2022.0,BMW 3 Series,91365.0,5.0,South America,Peru,Dealership
28/11/2022,2022.0,BMW iX3,35585.0,3.0,South America,Peru,Online
29/11/2022,2022.0,BMW M3,30424.0,5.0,Africa,South Africa,Wholesale
29/11/2022,2022.0,BMW i8,64798.0,1.0,South America,Chile,Dealership
29/11/2022,2022.0,BMW M3,38086.0,5.0,Africa,Egypt,Wholesale
29/11/2022,2022.0,BMW i3,70797.0,5.0,North America,United States,Wholesale
29/11/2022,2022.0,BMW X5,75162.0,4.0,South America,Peru,Online
29/11/2022,2022.0,BMW iX3,83092.0,2.0,South America,Chile,Dealership
30/11/2022,2022.0,BMW Z4,59288.0,5.0,North America,Mexico,Wholesale
30/11/2022,2022.0,BMW 8 Series,78987.0,3.0,Africa,Kenya,Wholesale
01/12/2022,2022.0,BMW 5 Series,68188.0,2.0,Africa,Nigeria,Dealership
01/12/2022,2022.0,BMW X3,96403.0,5.0,Europe,France,Wholesale
01/12/2022,2022.0,BMW Z4,108160.0,2.0,North America,Canada,Dealership
01/12/2022,2022.0,BMW Z4,88238.0,1.0,Asia,Japan,Dealership
01/12/2022,2022.0,BMW M8,68260.0,2.0,Asia,China,Wholesale
02/12/2022,2022.0,BMW iX3,84986.0,1.0,Asia,Thailand,Wholesale
02/12/2022,2022.0,BMW 8 Series,53826.0,2.0,South America,Argentina,Wholesale
02/12/2022,2022.0,BMW M2,96219.0,2.0,North America,Mexico,Online
02/12/2022,2022.0,BMW M8,107795.0,3.0,North America,Mexico,Online
02/12/2022,2022.0,BMW i8,75532.0,3.0,North America,United States,Online
03/12/2022,2022.0,BMW i8,70409.0,4.0,Africa,Kenya,Online
03/12/2022,2022.0,BMW X1,40185.0,2.0,Africa,Kenya,Online
03/12/2022,2022.0,BMW 5 Series,118454.0,1.0,Asia,Japan,Online
04/12/2022,2022.0,BMW iX3,96408.0,2.0,Africa,South Africa,Online
04/12/2022,2022.0,BMW M8,74327.0,5.0,Asia,India,Online
07/12/2022,2022.0,BMW 7 Series,74828.0,1.0,Europe,United Kingdom,Dealership
07/12/2022,2022.0,BMW 7 Series,111573.0,5.0,South America,Chile,Online
07/12/2022,2022.0,BMW i3,36503.0,4.0,Europe,Spain,Online
07/12/2022,2022.0,BMW 8 Series,35361.0,5.0,Asia,China,Wholesale
07/12/2022,2022.0,BMW iX,60697.0,4.0,South America,Chile,Dealership
08/12/2022,2022.0,BMW X3,64600.0,4.0,North America,Canada,Online
09/12/2022,2022.0,BMW X6,117941.0,4.0,Africa,South Africa,Wholesale
09/12/2022,2022.0,BMW Z4,77769.0,5.0,North America,Mexico,Online
09/12/2022,2022.0,BMW iX,67459.0,4.0,Europe,Germany,Online
10/12/2022,2022.0,BMW i4,43952.0,4.0,Europe,Spain,Wholesale
10/12/2022,2022.0,BMW Z4,95573.0,3.0,Europe,Spain,Wholesale
10/12/2022,2022.0,BMW 3 Series,67602.0,2.0,North America,United States,Wholesale
11/12/2022,2022.0,BMW X4,45316.0,4.0,Asia,India,Dealership
12/12/2022,2022.0,BMW Z4,38174.0,1.0,South America,Peru,Dealership
12/12/2022,2022.0,BMW Z4,52597.0,1.0,North America,Mexico,Dealership
13/12/2022,2022.0,BMW Z4,118325.0,3.0,Europe,Germany,Wholesale
13/12/2022,2022.0,BMW X4,41360.0,5.0,North America,United States,Dealership
13/12/2022,2022.0,BMW X6,89092.0,5.0,Africa,Egypt,Online
14/12/2022,2022.0,BMW 2 Series,37807.0,5.0,Asia,China,Online
15/12/2022,2022.0,BMW X1,66126.0,4.0,South America,Chile,Online
15/12/2022,2022.0,BMW M8,70916.0,5.0,Asia,South Korea,Wholesale
16/12/2022,2022.0,BMW M8,102807.0,5.0,Asia,China,Dealership
16/12/2022,2022.0,BMW 2 Series,118247.0,2.0,Africa,Morocco,Dealership
17/12/2022,2022.0,BMW 6 Series,84554.0,4.0,Asia,China,Wholesale
17/12/2022,2022.0,BMW X7,33960.0,4.0,Africa,Nigeria,Online
18/12/2022,2022.0,BMW 3 Series,114675.0,1.0,Africa,Kenya,Online
18/12/2022,2022.0,BMW 6 Series,33553.0,1.0,North America,United States,Dealership
18/12/2022,2022.0,BMW M4,70721.0,2.0,South America,Peru,Online
19/12/2022,2022.0,BMW X2,76051.0,3.0,North America,Canada,Online
19/12/2022,2022.0,BMW 2 Series,72996.0,4.0,South America,Colombia,Wholesale
19/12/2022,2022.0,BMW X4,36531.0,1.0,South America,Peru,Wholesale
20/12/2022,2022.0,BMW 1 Series,96345.0,5.0,Asia,South Korea,Online
21/12/2022,2022.0,BMW M2,88989.0,4.0,Europe,Italy,Dealership
22/12/2022,2022.0,BMW 4 Series,53238.0,4.0,Africa,Egypt,Wholesale
22/12/2022,2022.0,BMW iX,39607.0,4.0,Africa,South Africa,Online
22/12/2022,2022.0,BMW iX,101587.0,1.0,North America,Canada,Dealership
22/12/2022,2022.0,BMW 8 Series,118018.0,2.0,Africa,Kenya,Online
23/12/2022,2022.0,BMW X5,67289.0,1.0,South America,Argentina,Online
23/12/2022,2022.0,BMW 5 Series,63158.0,5.0,Asia,Thailand,Wholesale
25/12/2022,2022.0,BMW 3 Series,37135.0,5.0,Africa,Nigeria,Wholesale
26/12/2022,2022.0,BMW i4,72541.0,3.0,South America,Chile,Dealership
26/12/2022,2022.0,BMW i3,58340.0,1.0,South America,Brazil,Dealership
26/12/2022,2022.0,BMW X4,68660.0,1.0,Asia,Thailand,Online
26/12/2022,2022.0,BMW 6 Series,69103.0,3.0,Asia,China,Dealership
28/12/2022,2022.0,BMW i4,116962.0,3.0,North America,United States,Online
29/12/2022,2022.0,BMW i8,117694.0,4.0,Africa,Kenya,Dealership
29/12/2022,2022.0,BMW X6,41842.0,4.0,Asia,China,Wholesale
30/12/2022,2022.0,BMW iX,118762.0,5.0,South America,Chile,Online
30/12/2022,2022.0,BMW M5,87840.0,2.0,Asia,India,Online
31/12/2022,2022.0,BMW i4,104891.0,5.0,Asia,Japan,Online
31/12/2022,2022.0,BMW iX,113816.0,1.0,North America,United States,Wholesale
31/12/2022,2022.0,BMW iX3,51278.0,2.0,North America,United States,Wholesale
01/01/2023,2023.0,BMW iX3,116541.0,4.0,Africa,Kenya,Wholesale
01/01/2023,2023.0,BMW 3 Series,102988.0,3.0,Europe,United Kingdom,Online
02/01/2023,2023.0,BMW 8 Series,79240.0,3.0,South America,Peru,Online
03/01/2023,2023.0,BMW X1,97178.0,5.0,Africa,South Africa,Wholesale
03/01/2023,2023.0,BMW 8 Series,59402.0,1.0,Asia,India,Online
04/01/2023,2023.0,BMW 1 Series,113817.0,1.0,Africa,Egypt,Wholesale
04/01/2023,2023.0,BMW X4,105965.0,3.0,North America,United States,Wholesale
04/01/2023,2023.0,BMW Z4,95824.0,5.0,South America,Peru,Online
04/01/2023,2023.0,BMW X6,93696.0,5.0,Africa,Morocco,Online
05/01/2023,2023.0,BMW X6,108473.0,4.0,Africa,South Africa,Dealership
05/01/2023,2023.0,BMW i8,58794.0,4.0,Africa,Morocco,Dealership
05/01/2023,2023.0,BMW X4,80154.0,4.0,Africa,South Africa,Wholesale
06/01/2023,2023.0,BMW M3,102944.0,2.0,South America,Argentina,Dealership
07/01/2023,2023.0,BMW 2 Series,92391.0,5.0,North America,Mexico,Wholesale
07/01/2023,2023.0,BMW 5 Series,119860.0,5.0,North America,Mexico,Dealership
08/01/2023,2023.0,BMW M8,87872.0,4.0,Europe,Germany,Dealership
08/01/2023,2023.0,BMW 8 Series,57728.0,3.0,North America,Mexico,Online
08/01/2023,2023.0,BMW 2 Series,75485.0,4.0,Africa,Morocco,Online
09/01/2023,2023.0,BMW X2,89608.0,2.0,Africa,Egypt,Wholesale
10/01/2023,2023.0,BMW Z4,39676.0,3.0,Asia,China,Dealership
10/01/2023,2023.0,BMW X4,95364.0,5.0,North America,United States,Dealership
10/01/2023,2023.0,BMW 8 Series,103118.0,2.0,Asia,India,Dealership
11/01/2023,2023.0,BMW 3 Series,64754.0,2.0,Europe,United Kingdom,Wholesale
11/01/2023,2023.0,BMW 8 Series,49584.0,3.0,North America,Mexico,Dealership
12/01/2023,2023.0,BMW X3,53265.0,4.0,South America,Brazil,Dealership
12/01/2023,2023.0,BMW 4 Series,65388.0,4.0,Africa,Nigeria,Wholesale
12/01/2023,2023.0,BMW i8,93874.0,1.0,Europe,United Kingdom,Dealership
12/01/2023,2023.0,BMW M4,55035.0,3.0,Europe,Spain,Online
12/01/2023,2023.0,BMW 5 Series,69899.0,4.0,Africa,Kenya,Online
13/01/2023,2023.0,BMW M8,96833.0,2.0,North America,United States,Online
13/01/2023,2023.0,BMW 3 Series,37322.0,4.0,Africa,Nigeria,Wholesale
13/01/2023,2023.0,BMW 6 Series,56866.0,4.0,South America,Peru,Wholesale
13/01/2023,2023.0,BMW M5,98683.0,2.0,North America,Canada,Dealership
13/01/2023,2023.0,BMW X4,114727.0,3.0,South America,Argentina,Wholesale
14/01/2023,2023.0,BMW M3,74954.0,1.0,North America,Mexico,Dealership
15/01/2023,2023.0,BMW M2,89722.0,4.0,Africa,Kenya,Dealership
15/01/2023,2023.0,BMW X5,53492.0,4.0,Europe,Italy,Online
16/01/2023,2023.0,BMW iX,109914.0,4.0,Europe,Germany,Dealership
16/01/2023,2023.0,BMW M3,77397.0,3.0,Asia,South Korea,Dealership
17/01/2023,2023.0,BMW i3,36157.0,2.0,Asia,India,Wholesale
17/01/2023,2023.0,BMW iX3,33926.0,2.0,North America,Mexico,Online
18/01/2023,2023.0,BMW 8 Series,48733.0,2.0,South America,Chile,Online
18/01/2023,2023.0,BMW 1 Series,64484.0,2.0,Europe,Spain,Online
19/01/2023,2023.0,BMW X2,118509.0,2.0,Europe,Italy,Dealership
19/01/2023,2023.0,BMW M3,76517.0,2.0,Africa,Nigeria,Wholesale
19/01/2023,2023.0,BMW X3,73382.0,4.0,South America,Chile,Online
19/01/2023,2023.0,BMW i8,84470.0,4.0,Asia,South Korea,Wholesale
19/01/2023,2023.0,BMW i3,110195.0,2.0,South America,Argentina,Dealership
20/01/2023,2023.0,BMW X7,87805.0,2.0,Africa,South Africa,Wholesale
20/01/2023,2023.0,BMW 1 Series,96433.0,3.0,North America,Canada,Dealership
21/01/2023,2023.0,BMW 3 Series,65175.0,3.0,Africa,Egypt,Wholesale
21/01/2023,2023.0,BMW 1 Series,110759.0,5.0,North America,Canada,Online
21/01/2023,2023.0,BMW X7,117157.0,4.0,Asia,Japan,Dealership
22/01/2023,2023.0,BMW X5,60530.0,2.0,North America,Canada,Wholesale
22/01/2023,2023.0,BMW i8,98367.0,4.0,South America,Chile,Wholesale
22/01/2023,2023.0,BMW X1,44542.0,5.0,Africa,Egypt,Online
23/01/2023,2023.0,BMW i4,89739.0,3.0,Europe,France,Dealership
23/01/2023,2023.0,BMW M8,77285.0,5.0,Europe,France,Dealership
23/01/2023,2023.0,BMW 6 Series,77401.0,1.0,South America,Brazil,Wholesale
25/01/2023,2023.0,BMW 2 Series,105730.0,3.0,North America,Mexico,Dealership
26/01/2023,2023.0,BMW M8,63380.0,4.0,Africa,Egypt,Online
26/01/2023,2023.0,BMW 7 Series,32594.0,3.0,Asia,India,Wholesale
26/01/2023,2023.0,BMW i4,85444.0,5.0,Africa,South Africa,Online
26/01/2023,2023.0,BMW X2,68736.0,2.0,Africa,Kenya,Wholesale
26/01/2023,2023.0,BMW 4 Series,59870.0,5.0,Asia,India,Online
27/01/2023,2023.0,BMW M5,72368.0,5.0,North America,Canada,Wholesale
28/01/2023,2023.0,BMW X1,33774.0,2.0,South America,Colombia,Online
29/01/2023,2023.0,BMW 2 Series,98305.0,4.0,North America,Mexico,Dealership
29/01/2023,2023.0,BMW X2,103916.0,4.0,Europe,United Kingdom,Online
29/01/2023,2023.0,BMW 6 Series,94566.0,3.0,Africa,Nigeria,Wholesale
30/01/2023,2023.0,BMW 8 Series,99561.0,5.0,Asia,South Korea,Wholesale
30/01/2023,2023.0,BMW i3,55839.0,3.0,North America,Mexico,Dealership
30/01/2023,2023.0,BMW iX,71168.0,2.0,South America,Argentina,Dealership
30/01/2023,2023.0,BMW 1 Series,114560.0,1.0,Africa,Morocco,Wholesale
31/01/2023,2023.0,BMW 1 Series,43550.0,4.0,Africa,Nigeria,Dealership
31/01/2023,2023.0,BMW iX3,88215.0,2.0,Europe,France,Dealership
31/01/2023,2023.0,BMW 2 Series,114021.0,4.0,Asia,India,Wholesale
31/01/2023,2023.0,BMW 3 Series,99142.0,3.0,Africa,South Africa,Dealership
01/02/2023,2023.0,BMW 3 Series,117189.0,1.0,Asia,South Korea,Wholesale
01/02/2023,2023.0,BMW 8 Series,41651.0,5.0,North America,United States,Wholesale
03/02/2023,2023.0,BMW M2,88611.0,4.0,South America,Chile,Online
03/02/2023,2023.0,BMW M2,36116.0,5.0,Asia,India,Wholesale
03/02/2023,2023.0,BMW X4,118198.0,3.0,North America,United States,Online
03/02/2023,2023.0,BMW 6 Series,113822.0,4.0,Europe,Spain,Dealership
04/02/2023,2023.0,BMW i3,107228.0,3.0,South America,Argentina,Online
05/02/2023,2023.0,BMW M5,41817.0,5.0,North America,Mexico,Dealership
05/02/2023,2023.0,BMW M3,111119.0,3.0,Asia,Thailand,Dealership
06/02/2023,2023.0,BMW 2 Series,100880.0,3.0,North America,United States,Online
06/02/2023,2023.0,BMW iX,70285.0,3.0,Europe,Spain,Online
07/02/2023,2023.0,BMW 7 Series,34284.0,2.0,Africa,Morocco,Online
07/02/2023,2023.0,BMW M3,37472.0,2.0,Asia,Japan,Dealership
07/02/2023,2023.0,BMW 2 Series,93647.0,4.0,North America,United States,Dealership
07/02/2023,2023.0,BMW M8,69782.0,3.0,Europe,Spain,Wholesale
07/02/2023,2023.0,BMW i4,106661.0,3.0,Asia,Thailand,Dealership
08/02/2023,2023.0,BMW X1,94551.0,3.0,Africa,South Africa,Online
08/02/2023,2023.0,BMW X1,63485.0,2.0,North America,Mexico,Online
08/02/2023,2023.0,BMW Z4,76775.0,5.0,Europe,Germany,Online
09/02/2023,2023.0,BMW M5,45973.0,3.0,North America,Mexico,Dealership
09/02/2023,2023.0,BMW 4 Series,65777.0,1.0,Africa,Egypt,Online
09/02/2023,2023.0,BMW iX,106181.0,4.0,Asia,India,Dealership
10/02/2023,2023.0,BMW 5 Series,32634.0,2.0,Africa,Egypt,Online
10/02/2023,2023.0,BMW 8 Series,57653.0,5.0,Europe,France,Dealership
11/02/2023,2023.0,BMW 7 Series,106345.0,1.0,Europe,United Kingdom,Dealership
11/02/2023,2023.0,BMW M8,63756.0,3.0,Africa,Egypt,Wholesale
11/02/2023,2023.0,BMW iX3,75854.0,2.0,Europe,United Kingdom,Dealership
12/02/2023,2023.0,BMW iX,32057.0,3.0,Asia,China,Dealership
12/02/2023,2023.0,BMW i3,46220.0,4.0,Africa,Egypt,Dealership
13/02/2023,2023.0,BMW X6,34509.0,2.0,Africa,South Africa,Wholesale
13/02/2023,2023.0,BMW X5,113890.0,1.0,Africa,Morocco,Wholesale
14/02/2023,2023.0,BMW 1 Series,96083.0,5.0,South America,Brazil,Online
14/02/2023,2023.0,BMW 8 Series,92876.0,5.0,South America,Peru,Dealership
15/02/2023,2023.0,BMW X4,117581.0,4.0,Europe,France,Online
15/02/2023,2023.0,BMW i3,101922.0,5.0,South America,Peru,Wholesale
15/02/2023,2023.0,BMW 4 Series,79641.0,5.0,Europe,France,Online
16/02/2023,2023.0,BMW 2 Series,59063.0,4.0,Asia,Thailand,Wholesale
16/02/2023,2023.0,BMW X6,85258.0,1.0,Europe,Spain,Dealership
17/02/2023,2023.0,BMW iX,98867.0,2.0,North America,Canada,Wholesale
17/02/2023,2023.0,BMW M3,65435.0,2.0,Africa,Nigeria,Wholesale
18/02/2023,2023.0,BMW M4,103709.0,4.0,Asia,China,Dealership
18/02/2023,2023.0,BMW M2,53806.0,3.0,Europe,United Kingdom,Online
19/02/2023,2023.0,BMW 6 Series,55278.0,4.0,South America,Chile,Dealership
19/02/2023,2023.0,BMW M5,81738.0,4.0,North America,Canada,Online
19/02/2023,2023.0,BMW i8,119944.0,4.0,Europe,Germany,Dealership
19/02/2023,2023.0,BMW 6 Series,79383.0,4.0,Europe,Italy,Wholesale
20/02/2023,2023.0,BMW M4,97891.0,5.0,Europe,France,Wholesale
21/02/2023,2023.0,BMW i8,50405.0,5.0,North America,Mexico,Wholesale
22/02/2023,2023.0,BMW M8,111622.0,1.0,Africa,South Africa,Wholesale
22/02/2023,2023.0,BMW Z4,63268.0,4.0,South America,Argentina,Dealership
23/02/2023,2023.0,BMW Z4,86195.0,2.0,South America,Colombia,Dealership
23/02/2023,2023.0,BMW M4,80338.0,3.0,North America,Canada,Online
24/02/2023,2023.0,BMW Z4,118333.0,5.0,Africa,South Africa,Wholesale
24/02/2023,2023.0,BMW 4 Series,71074.0,2.0,Africa,Nigeria,Online
25/02/2023,2023.0,BMW X2,113795.0,5.0,South America,Peru,Online
25/02/2023,2023.0,BMW X6,97494.0,1.0,Europe,Spain,Dealership
25/02/2023,2023.0,BMW M3,77083.0,3.0,South America,Peru,Dealership
25/02/2023,2023.0,BMW X4,61518.0,5.0,Asia,South Korea,Dealership
27/02/2023,2023.0,BMW iX,94940.0,3.0,Africa,Egypt,Dealership
27/02/2023,2023.0,BMW iX,48394.0,3.0,Africa,South Africa,Dealership
27/02/2023,2023.0,BMW 2 Series,105043.0,2.0,South America,Chile,Online
28/02/2023,2023.0,BMW iX3,97262.0,5.0,Asia,Japan,Wholesale
28/02/2023,2023.0,BMW X1,67252.0,3.0,Europe,France,Wholesale
28/02/2023,2023.0,BMW 2 Series,106821.0,4.0,South America,Colombia,Online
01/03/2023,2023.0,BMW 5 Series,99126.0,3.0,Africa,Nigeria,Online
01/03/2023,2023.0,BMW X7,41151.0,3.0,Europe,Italy,Online
01/03/2023,2023.0,BMW M3,69708.0,5.0,South America,Brazil,Wholesale
02/03/2023,2023.0,BMW X2,59472.0,4.0,North America,Canada,Dealership
02/03/2023,2023.0,BMW X5,50428.0,3.0,South America,Argentina,Wholesale
02/03/2023,2023.0,BMW X4,88896.0,5.0,Europe,Italy,Wholesale
02/03/2023,2023.0,BMW 5 Series,108655.0,5.0,Europe,Spain,Online
03/03/2023,2023.0,BMW 1 Series,30076.0,3.0,South America,Peru,Wholesale
04/03/2023,2023.0,BMW iX,70770.0,1.0,Africa,Egypt,Online
04/03/2023,2023.0,BMW X7,86812.0,1.0,South America,Chile,Wholesale
04/03/2023,2023.0,BMW iX3,74894.0,2.0,Africa,South Africa,Dealership
05/03/2023,2023.0,BMW Z4,37404.0,1.0,North America,United States,Wholesale
05/03/2023,2023.0,BMW M8,68930.0,1.0,Asia,South Korea,Dealership
06/03/2023,2023.0,BMW 2 Series,61594.0,5.0,South America,Brazil,Online
07/03/2023,2023.0,BMW i3,37288.0,5.0,North America,Canada,Dealership
07/03/2023,2023.0,BMW M2,106803.0,3.0,Africa,South Africa,Dealership
09/03/2023,2023.0,BMW 6 Series,81235.0,3.0,North America,United States,Wholesale
09/03/2023,2023.0,BMW M8,35605.0,5.0,Africa,Egypt,Dealership
09/03/2023,2023.0,BMW 7 Series,111462.0,3.0,North America,Canada,Online
09/03/2023,2023.0,BMW 1 Series,58821.0,5.0,South America,Brazil,Online
10/03/2023,2023.0,BMW 7 Series,85305.0,1.0,North America,Mexico,Dealership
10/03/2023,2023.0,BMW 3 Series,119468.0,3.0,Asia,Thailand,Wholesale
10/03/2023,2023.0,BMW 6 Series,70194.0,1.0,Africa,Kenya,Online
10/03/2023,2023.0,BMW 3 Series,110000.0,2.0,Africa,South Africa,Online
10/03/2023,2023.0,BMW 2 Series,53461.0,3.0,Asia,Thailand,Dealership
11/03/2023,2023.0,BMW X2,57446.0,5.0,North America,Canada,Wholesale
12/03/2023,2023.0,BMW X6,63712.0,5.0,Africa,Morocco,Wholesale
12/03/2023,2023.0,BMW Z4,93948.0,2.0,Europe,Spain,Online
13/03/2023,2023.0,BMW i4,105973.0,5.0,South America,Peru,Wholesale
13/03/2023,2023.0,BMW i3,90503.0,1.0,Africa,Kenya,Online
13/03/2023,2023.0,BMW Z4,116538.0,5.0,Asia,South Korea,Online
13/03/2023,2023.0,BMW X3,73050.0,2.0,Europe,Spain,Dealership
13/03/2023,2023.0,BMW i8,110908.0,4.0,North America,Canada,Dealership
13/03/2023,2023.0,BMW 3 Series,63375.0,4.0,Africa,Kenya,Online
14/03/2023,2023.0,BMW iX3,44096.0,1.0,North America,Mexico,Wholesale
14/03/2023,2023.0,BMW iX3,50578.0,4.0,North America,Canada,Wholesale
15/03/2023,2023.0,BMW X5,115030.0,5.0,North America,Mexico,Online
15/03/2023,2023.0,BMW 3 Series,88958.0,2.0,Europe,United Kingdom,Wholesale
15/03/2023,2023.0,BMW i8,85803.0,1.0,Africa,Nigeria,Online
16/03/2023,2023.0,BMW X2,60289.0,4.0,Africa,Morocco,Dealership
16/03/2023,2023.0,BMW Z4,47977.0,5.0,South America,Colombia,Dealership
17/03/2023,2023.0,BMW i3,58962.0,5.0,North America,Canada,Online
17/03/2023,2023.0,BMW X5,32665.0,3.0,North America,Mexico,Online
17/03/2023,2023.0,BMW X7,37377.0,3.0,Europe,Germany,Dealership
18/03/2023,2023.0,BMW Z4,91338.0,2.0,Asia,Japan,Online
18/03/2023,2023.0,BMW X3,105121.0,1.0,North America,Canada,Online
18/03/2023,2023.0,BMW M3,40683.0,4.0,Africa,South Africa,Online
18/03/2023,2023.0,BMW 4 Series,88014.0,4.0,North America,United States,Wholesale
19/03/2023,2023.0,BMW iX,115907.0,5.0,Asia,Thailand,Wholesale
20/03/2023,2023.0,BMW M8,36511.0,4.0,South America,Brazil,Online
20/03/2023,2023.0,BMW X7,38911.0,2.0,Africa,Kenya,Online
20/03/2023,2023.0,BMW X2,43950.0,3.0,Asia,China,Online
20/03/2023,2023.0,BMW X4,35973.0,5.0,North America,Mexico,Online
20/03/2023,2023.0,BMW M2,83537.0,1.0,South America,Brazil,Dealership
21/03/2023,2023.0,BMW iX3,74549.0,5.0,Africa,Morocco,Dealership
21/03/2023,2023.0,BMW X4,43790.0,4.0,South America,Colombia,Dealership
22/03/2023,2023.0,BMW M4,116649.0,2.0,North America,Canada,Dealership
22/03/2023,2023.0,BMW 2 Series,94936.0,1.0,Asia,China,Dealership
23/03/2023,2023.0,BMW X4,39868.0,5.0,Africa,South Africa,Online
23/03/2023,2023.0,BMW X1,110220.0,4.0,South America,Argentina,Dealership
23/03/2023,2023.0,BMW i4,119579.0,5.0,South America,Brazil,Dealership
24/03/2023,2023.0,BMW iX,64828.0,1.0,Africa,Egypt,Wholesale
24/03/2023,2023.0,BMW X4,97762.0,4.0,Africa,Nigeria,Wholesale
24/03/2023,2023.0,BMW 2 Series,42017.0,3.0,South America,Argentina,Online
24/03/2023,2023.0,BMW X3,64533.0,1.0,North America,Canada,Dealership
24/03/2023,2023.0,BMW iX,46333.0,3.0,Africa,Egypt,Dealership
25/03/2023,2023.0,BMW X6,114935.0,3.0,Africa,Egypt,Online
25/03/2023,2023.0,BMW iX3,111096.0,4.0,North America,Canada,Wholesale
25/03/2023,2023.0,BMW 5 Series,61230.0,5.0,Europe,Italy,Wholesale
26/03/2023,2023.0,BMW i4,65949.0,5.0,Asia,Japan,Wholesale
26/03/2023,2023.0,BMW X2,104613.0,2.0,North America,United States,Online
26/03/2023,2023.0,BMW 7 Series,84833.0,1.0,Asia,India,Wholesale
26/03/2023,2023.0,BMW M5,119782.0,1.0,Asia,Japan,Dealership
26/03/2023,2023.0,BMW iX3,65674.0,4.0,Asia,India,Dealership
27/03/2023,2023.0,BMW X4,82599.0,4.0,South America,Colombia,Online
27/03/2023,2023.0,BMW 8 Series,102941.0,2.0,Asia,South Korea,Wholesale
28/03/2023,2023.0,BMW i8,119694.0,2.0,Africa,South Africa,Dealership
29/03/2023,2023.0,BMW X6,59415.0,3.0,Asia,South Korea,Online
29/03/2023,2023.0,BMW X2,38348.0,2.0,North America,Mexico,Online
30/03/2023,2023.0,BMW 5 Series,105888.0,5.0,Africa,Kenya,Wholesale
30/03/2023,2023.0,BMW M3,88335.0,3.0,South America,Argentina,Online
30/03/2023,2023.0,BMW X6,63379.0,2.0,South America,Argentina,Wholesale
30/03/2023,2023.0,BMW X1,64422.0,5.0,Europe,Germany,Wholesale
31/03/2023,2023.0,BMW i4,49088.0,5.0,North America,Mexico,Online
31/03/2023,2023.0,BMW 1 Series,117843.0,3.0,Europe,France,Online
31/03/2023,2023.0,BMW 8 Series,82191.0,3.0,Africa,Egypt,Dealership
31/03/2023,2023.0,BMW M8,58833.0,5.0,North America,United States,Dealership
31/03/2023,2023.0,BMW X1,47428.0,4.0,Europe,Germany,Wholesale
31/03/2023,2023.0,BMW 7 Series,68199.0,3.0,Asia,China,Wholesale
31/03/2023,2023.0,BMW M8,78960.0,1.0,Africa,Morocco,Online
01/04/2023,2023.0,BMW 4 Series,82616.0,4.0,South America,Argentina,Wholesale
01/04/2023,2023.0,BMW iX3,90572.0,1.0,Africa,Nigeria,Wholesale
01/04/2023,2023.0,BMW X3,91645.0,2.0,North America,Canada,Dealership
02/04/2023,2023.0,BMW X3,72980.0,3.0,Asia,Thailand,Dealership
02/04/2023,2023.0,BMW 8 Series,64850.0,3.0,Asia,South Korea,Dealership
02/04/2023,2023.0,BMW M4,65751.0,5.0,Africa,Egypt,Dealership
02/04/2023,2023.0,BMW X1,31267.0,3.0,South America,Chile,Online
03/04/2023,2023.0,BMW 7 Series,77401.0,1.0,South America,Chile,Dealership
03/04/2023,2023.0,BMW X1,107930.0,4.0,Africa,Nigeria,Dealership
03/04/2023,2023.0,BMW X3,64889.0,2.0,Europe,Spain,Wholesale
04/04/2023,2023.0,BMW 6 Series,82062.0,4.0,Asia,China,Dealership
05/04/2023,2023.0,BMW 3 Series,60475.0,1.0,Europe,Italy,Wholesale
05/04/2023,2023.0,BMW 1 Series,69767.0,2.0,Asia,Thailand,Wholesale
05/04/2023,2023.0,BMW Z4,93056.0,5.0,Africa,Kenya,Dealership
06/04/2023,2023.0,BMW Z4,44003.0,3.0,Africa,Egypt,Wholesale
06/04/2023,2023.0,BMW 5 Series,58787.0,3.0,Europe,Italy,Online
06/04/2023,2023.0,BMW X7,72154.0,5.0,Africa,Morocco,Wholesale
06/04/2023,2023.0,BMW M3,109199.0,1.0,Asia,India,Wholesale
06/04/2023,2023.0,BMW M5,105923.0,5.0,Asia,Thailand,Online
06/04/2023,2023.0,BMW X3,61716.0,1.0,North America,United States,Wholesale
06/04/2023,2023.0,BMW i4,95152.0,2.0,North America,Mexico,Online
06/04/2023,2023.0,BMW 5 Series,39849.0,4.0,Asia,Thailand,Dealership
07/04/2023,2023.0,BMW X2,110350.0,4.0,North America,Mexico,Wholesale
07/04/2023,2023.0,BMW 2 Series,63545.0,5.0,North America,United States,Online
07/04/2023,2023.0,BMW 8 Series,54774.0,3.0,South America,Brazil,Wholesale
08/04/2023,2023.0,BMW 6 Series,86558.0,5.0,South America,Peru,Wholesale
09/04/2023,2023.0,BMW X3,62161.0,3.0,Africa,Egypt,Dealership
09/04/2023,2023.0,BMW 6 Series,117951.0,5.0,Asia,Japan,Online
10/04/2023,2023.0,BMW 8 Series,95138.0,5.0,Europe,United Kingdom,Online
10/04/2023,2023.0,BMW i8,104548.0,4.0,South America,Chile,Wholesale
10/04/2023,2023.0,BMW 1 Series,112158.0,3.0,Europe,Germany,Dealership
10/04/2023,2023.0,BMW M2,36716.0,4.0,North America,Mexico,Wholesale
10/04/2023,2023.0,BMW X3,72706.0,3.0,Europe,United Kingdom,Dealership
11/04/2023,2023.0,BMW X4,49703.0,2.0,Asia,China,Wholesale
11/04/2023,2023.0,BMW X4,104305.0,2.0,Africa,Morocco,Dealership
11/04/2023,2023.0,BMW M3,36228.0,2.0,Europe,Spain,Dealership
11/04/2023,2023.0,BMW X4,47798.0,1.0,Africa,Egypt,Dealership
12/04/2023,2023.0,BMW iX,70494.0,4.0,North America,Canada,Dealership
12/04/2023,2023.0,BMW i8,30818.0,4.0,Africa,Nigeria,Online
13/04/2023,2023.0,BMW M3,33590.0,2.0,South America,Peru,Online
13/04/2023,2023.0,BMW iX3,46205.0,5.0,North America,United States,Online
14/04/2023,2023.0,BMW X1,83105.0,4.0,Africa,Morocco,Wholesale
14/04/2023,2023.0,BMW M5,45569.0,3.0,South America,Chile,Wholesale
15/04/2023,2023.0,BMW 8 Series,118619.0,4.0,Africa,Kenya,Wholesale
15/04/2023,2023.0,BMW i3,113750.0,4.0,Europe,France,Dealership
15/04/2023,2023.0,BMW 4 Series,89051.0,3.0,Africa,Kenya,Wholesale
15/04/2023,2023.0,BMW X5,34019.0,2.0,South America,Chile,Online
15/04/2023,2023.0,BMW X5,110824.0,2.0,Asia,South Korea,Dealership
16/04/2023,2023.0,BMW iX,109152.0,3.0,Europe,France,Dealership
16/04/2023,2023.0,BMW i3,75487.0,4.0,Africa,Egypt,Dealership
17/04/2023,2023.0,BMW 1 Series,58875.0,4.0,North America,United States,Dealership
17/04/2023,2023.0,BMW 6 Series,51459.0,2.0,North America,Canada,Wholesale
17/04/2023,2023.0,BMW 6 Series,46010.0,1.0,Africa,South Africa,Dealership
18/04/2023,2023.0,BMW iX3,37739.0,2.0,South America,Chile,Dealership
18/04/2023,2023.0,BMW X3,56209.0,3.0,Europe,Germany,Dealership
19/04/2023,2023.0,BMW X6,51545.0,1.0,North America,Canada,Wholesale
20/04/2023,2023.0,BMW X6,95057.0,1.0,South America,Colombia,Wholesale
20/04/2023,2023.0,BMW X1,108346.0,3.0,Europe,United Kingdom,Wholesale
20/04/2023,2023.0,BMW 7 Series,100529.0,5.0,Asia,South Korea,Online
20/04/2023,2023.0,BMW X6,95526.0,2.0,North America,Mexico,Wholesale
20/04/2023,2023.0,BMW X4,68639.0,4.0,Asia,Japan,Online
21/04/2023,2023.0,BMW iX,110987.0,2.0,South America,Peru,Wholesale
21/04/2023,2023.0,BMW 4 Series,87824.0,3.0,North America,Canada,Wholesale
21/04/2023,2023.0,BMW M2,57675.0,4.0,Africa,Egypt,Online
21/04/2023,2023.0,BMW 3 Series,108754.0,5.0,North America,Canada,Wholesale
21/04/2023,2023.0,BMW 3 Series,52625.0,3.0,Africa,Egypt,Online
22/04/2023,2023.0,BMW X6,109244.0,2.0,North America,United States,Online
23/04/2023,2023.0,BMW 2 Series,92167.0,1.0,North America,Mexico,Online
24/04/2023,2023.0,BMW M4,69935.0,3.0,South America,Argentina,Online
26/04/2023,2023.0,BMW 1 Series,79322.0,3.0,Africa,Morocco,Wholesale
26/04/2023,2023.0,BMW X1,88132.0,2.0,Asia,India,Online
26/04/2023,2023.0,BMW Z4,73915.0,5.0,North America,United States,Dealership
26/04/2023,2023.0,BMW M8,92761.0,2.0,Europe,United Kingdom,Online
27/04/2023,2023.0,BMW iX3,106593.0,2.0,South America,Brazil,Wholesale
27/04/2023,2023.0,BMW 4 Series,90532.0,5.0,Asia,Japan,Wholesale
29/04/2023,2023.0,BMW i8,79803.0,5.0,Asia,India,Dealership
30/04/2023,2023.0,BMW X7,87142.0,3.0,North America,Mexico,Wholesale
30/04/2023,2023.0,BMW X3,87477.0,1.0,Europe,Spain,Online
01/05/2023,2023.0,BMW 2 Series,53089.0,2.0,North America,United States,Online
01/05/2023,2023.0,BMW i3,86395.0,1.0,South America,Peru,Dealership
01/05/2023,2023.0,BMW 3 Series,46236.0,5.0,South America,Argentina,Online
02/05/2023,2023.0,BMW i8,80699.0,5.0,Africa,Kenya,Wholesale
02/05/2023,2023.0,BMW 4 Series,45362.0,2.0,Europe,France,Wholesale
03/05/2023,2023.0,BMW i8,46531.0,3.0,Asia,South Korea,Dealership
04/05/2023,2023.0,BMW X6,110169.0,2.0,Asia,South Korea,Dealership
05/05/2023,2023.0,BMW X6,109852.0,3.0,Africa,Morocco,Dealership
05/05/2023,2023.0,BMW 5 Series,45369.0,4.0,South America,Brazil,Dealership
06/05/2023,2023.0,BMW 8 Series,31767.0,3.0,North America,Mexico,Online
06/05/2023,2023.0,BMW Z4,111776.0,2.0,Europe,United Kingdom,Dealership
06/05/2023,2023.0,BMW M2,95196.0,2.0,Africa,Morocco,Wholesale
06/05/2023,2023.0,BMW X4,39973.0,3.0,Asia,India,Online
07/05/2023,2023.0,BMW i4,64968.0,1.0,North America,Mexico,Wholesale
08/05/2023,2023.0,BMW 6 Series,64047.0,3.0,Africa,Kenya,Wholesale
08/05/2023,2023.0,BMW M5,99222.0,4.0,Asia,Japan,Dealership
08/05/2023,2023.0,BMW M8,73552.0,4.0,South America,Peru,Online
08/05/2023,2023.0,BMW i8,78797.0,1.0,Europe,United Kingdom,Dealership
09/05/2023,2023.0,BMW M4,57955.0,4.0,Europe,France,Online
09/05/2023,2023.0,BMW X4,117359.0,2.0,South America,Colombia,Wholesale
09/05/2023,2023.0,BMW Z4,39495.0,1.0,Asia,Thailand,Wholesale
11/05/2023,2023.0,BMW X2,72836.0,1.0,North America,United States,Dealership
11/05/2023,2023.0,BMW 7 Series,65455.0,1.0,South America,Chile,Wholesale
11/05/2023,2023.0,BMW M5,48898.0,3.0,South America,Colombia,Wholesale
11/05/2023,2023.0,BMW X6,101571.0,3.0,Africa,Egypt,Dealership
11/05/2023,2023.0,BMW X1,112731.0,1.0,Europe,Spain,Dealership
11/05/2023,2023.0,BMW iX,31132.0,4.0,Europe,Italy,Online
13/05/2023,2023.0,BMW X2,114285.0,2.0,Asia,South Korea,Wholesale
13/05/2023,2023.0,BMW M2,77941.0,2.0,Africa,Kenya,Online
13/05/2023,2023.0,BMW iX3,94813.0,3.0,South America,Peru,Online
13/05/2023,2023.0,BMW X5,95326.0,5.0,North America,United States,Online
14/05/2023,2023.0,BMW X1,108243.0,1.0,Asia,China,Online
14/05/2023,2023.0,BMW X1,69288.0,5.0,Asia,Thailand,Dealership
15/05/2023,2023.0,BMW 3 Series,93535.0,2.0,Asia,India,Dealership
15/05/2023,2023.0,BMW 5 Series,78100.0,3.0,Africa,Egypt,Dealership
16/05/2023,2023.0,BMW 6 Series,102934.0,3.0,Europe,Germany,Dealership
16/05/2023,2023.0,BMW X6,107702.0,3.0,Asia,South Korea,Wholesale
16/05/2023,2023.0,BMW X5,57005.0,3.0,South America,Peru,Dealership
16/05/2023,2023.0,BMW M2,50760.0,3.0,Africa,Nigeria,Wholesale
17/05/2023,2023.0,BMW 4 Series,52236.0,1.0,Europe,Italy,Online
17/05/2023,2023.0,BMW X6,33280.0,5.0,North America,Canada,Wholesale
17/05/2023,2023.0,BMW i3,90282.0,2.0,South America,Peru,Wholesale
18/05/2023,2023.0,BMW X7,91971.0,2.0,South America,Chile,Dealership
18/05/2023,2023.0,BMW 4 Series,53107.0,3.0,Asia,Thailand,Online
19/05/2023,2023.0,BMW i4,83606.0,3.0,North America,United States,Wholesale
19/05/2023,2023.0,BMW X1,89790.0,3.0,Africa,Nigeria,Wholesale
19/05/2023,2023.0,BMW M3,38255.0,4.0,Europe,United Kingdom,Dealership
20/05/2023,2023.0,BMW X1,57431.0,2.0,South America,Argentina,Dealership
20/05/2023,2023.0,BMW X4,42992.0,3.0,Africa,Kenya,Wholesale
20/05/2023,2023.0,BMW M4,37591.0,5.0,South America,Argentina,Wholesale
20/05/2023,2023.0,BMW M8,117467.0,4.0,Asia,South Korea,Dealership
20/05/2023,2023.0,BMW 1 Series,98577.0,1.0,Asia,India,Dealership
20/05/2023,2023.0,BMW 6 Series,87357.0,4.0,North America,United States,Online
21/05/2023,2023.0,BMW iX,94948.0,4.0,Europe,Germany,Wholesale
21/05/2023,2023.0,BMW M4,77782.0,4.0,Asia,India,Dealership
21/05/2023,2023.0,BMW X4,108348.0,5.0,Asia,China,Wholesale
21/05/2023,2023.0,BMW 2 Series,58557.0,2.0,Africa,Kenya,Online
22/05/2023,2023.0,BMW i4,52416.0,3.0,Asia,Thailand,Online
22/05/2023,2023.0,BMW X7,93428.0,5.0,North America,United States,Dealership
22/05/2023,2023.0,BMW 1 Series,114661.0,5.0,North America,Mexico,Wholesale
23/05/2023,2023.0,BMW i3,41654.0,3.0,Africa,Kenya,Dealership
23/05/2023,2023.0,BMW i4,59018.0,4.0,South America,Brazil,Dealership
24/05/2023,2023.0,BMW 1 Series,116708.0,1.0,South America,Argentina,Dealership
24/05/2023,2023.0,BMW 7 Series,53426.0,4.0,Europe,United Kingdom,Online
24/05/2023,2023.0,BMW i8,104583.0,4.0,South America,Argentina,Online
24/05/2023,2023.0,BMW M2,38689.0,2.0,South America,Colombia,Wholesale
25/05/2023,2023.0,BMW X6,34808.0,4.0,Asia,Japan,Dealership
25/05/2023,2023.0,BMW 1 Series,88236.0,1.0,Africa,Nigeria,Online
25/05/2023,2023.0,BMW X2,102778.0,5.0,Europe,Spain,Dealership
26/05/2023,2023.0,BMW 8 Series,80106.0,4.0,Europe,Germany,Online
26/05/2023,2023.0,BMW 5 Series,94399.0,5.0,Asia,China,Online
27/05/2023,2023.0,BMW X4,35778.0,2.0,South America,Argentina,Wholesale
27/05/2023,2023.0,BMW 4 Series,108886.0,1.0,Europe,Germany,Online
27/05/2023,2023.0,BMW M5,78745.0,3.0,Asia,India,Online
27/05/2023,2023.0,BMW X3,49465.0,3.0,South America,Argentina,Dealership
27/05/2023,2023.0,BMW X1,109503.0,2.0,South America,Argentina,Dealership
28/05/2023,2023.0,BMW Z4,51307.0,1.0,North America,Canada,Online
28/05/2023,2023.0,BMW M4,39629.0,5.0,Europe,France,Dealership
28/05/2023,2023.0,BMW 4 Series,103450.0,2.0,Africa,Nigeria,Wholesale
30/05/2023,2023.0,BMW M5,53696.0,4.0,North America,Canada,Wholesale
30/05/2023,2023.0,BMW M5,31363.0,5.0,Asia,China,Dealership
31/05/2023,2023.0,BMW 4 Series,89417.0,4.0,South America,Argentina,Online
01/06/2023,2023.0,BMW 6 Series,102024.0,4.0,Asia,Japan,Online
01/06/2023,2023.0,BMW X5,105824.0,5.0,Europe,United Kingdom,Wholesale
02/06/2023,2023.0,BMW X2,109671.0,4.0,Europe,United Kingdom,Wholesale
02/06/2023,2023.0,BMW 1 Series,69125.0,3.0,Asia,South Korea,Wholesale
03/06/2023,2023.0,BMW 2 Series,105073.0,5.0,South America,Chile,Wholesale
03/06/2023,2023.0,BMW X4,83283.0,2.0,North America,Mexico,Online
04/06/2023,2023.0,BMW Z4,107551.0,3.0,North America,Canada,Wholesale
04/06/2023,2023.0,BMW M4,52887.0,2.0,Asia,South Korea,Online
05/06/2023,2023.0,BMW Z4,67820.0,1.0,South America,Brazil,Online
05/06/2023,2023.0,BMW M4,119446.0,2.0,Asia,Thailand,Dealership
06/06/2023,2023.0,BMW i3,83441.0,5.0,North America,Canada,Dealership
06/06/2023,2023.0,BMW iX,105439.0,2.0,Europe,Germany,Wholesale
06/06/2023,2023.0,BMW i8,96473.0,1.0,North America,Canada,Wholesale
06/06/2023,2023.0,BMW 5 Series,41231.0,4.0,North America,United States,Wholesale
06/06/2023,2023.0,BMW i3,51085.0,5.0,Europe,United Kingdom,Wholesale
06/06/2023,2023.0,BMW iX,91429.0,3.0,Africa,Nigeria,Online
07/06/2023,2023.0,BMW X1,36982.0,3.0,Asia,Thailand,Dealership
08/06/2023,2023.0,BMW i3,90874.0,2.0,South America,Colombia,Dealership
08/06/2023,2023.0,BMW i3,67375.0,3.0,North America,Mexico,Online
08/06/2023,2023.0,BMW X6,87254.0,1.0,Asia,Thailand,Online
10/06/2023,2023.0,BMW M5,42228.0,3.0,South America,Peru,Online
10/06/2023,2023.0,BMW 4 Series,36586.0,2.0,Africa,Kenya,Wholesale
10/06/2023,2023.0,BMW 1 Series,55178.0,3.0,Europe,United Kingdom,Dealership
10/06/2023,2023.0,BMW i4,110873.0,4.0,South America,Argentina,Online
11/06/2023,2023.0,BMW M8,111069.0,4.0,North America,Mexico,Dealership
11/06/2023,2023.0,BMW 7 Series,110906.0,3.0,Africa,Egypt,Online
11/06/2023,2023.0,BMW M8,77042.0,5.0,North America,Mexico,Online
12/06/2023,2023.0,BMW 3 Series,39795.0,3.0,North America,Mexico,Dealership
12/06/2023,2023.0,BMW M4,116924.0,4.0,Europe,France,Dealership
12/06/2023,2023.0,BMW 4 Series,117030.0,4.0,South America,Colombia,Wholesale
13/06/2023,2023.0,BMW 3 Series,89783.0,1.0,South America,Peru,Online
13/06/2023,2023.0,BMW X4,83639.0,2.0,North America,Canada,Online
14/06/2023,2023.0,BMW X7,72331.0,1.0,Asia,Japan,Dealership
14/06/2023,2023.0,BMW 6 Series,112368.0,5.0,North America,Canada,Online
15/06/2023,2023.0,BMW 4 Series,110314.0,2.0,South America,Brazil,Dealership
15/06/2023,2023.0,BMW X1,107665.0,3.0,Africa,Egypt,Wholesale
15/06/2023,2023.0,BMW 3 Series,72255.0,3.0,Africa,Egypt,Wholesale
16/06/2023,2023.0,BMW 1 Series,35213.0,5.0,Europe,France,Wholesale
16/06/2023,2023.0,BMW 4 Series,35474.0,4.0,South America,Brazil,Online
16/06/2023,2023.0,BMW 4 Series,103839.0,3.0,North America,United States,Dealership
16/06/2023,2023.0,BMW 3 Series,34490.0,1.0,South America,Colombia,Online
16/06/2023,2023.0,BMW 5 Series,47813.0,4.0,South America,Chile,Online
17/06/2023,2023.0,BMW 8 Series,30721.0,3.0,North America,Canada,Dealership
17/06/2023,2023.0,BMW 1 Series,102836.0,4.0,North America,Mexico,Dealership
17/06/2023,2023.0,BMW Z4,87428.0,2.0,Africa,Nigeria,Wholesale
17/06/2023,2023.0,BMW i4,61051.0,3.0,Africa,Egypt,Online
17/06/2023,2023.0,BMW X3,83651.0,3.0,South America,Chile,Online
18/06/2023,2023.0,BMW X6,35922.0,4.0,South America,Brazil,Dealership
18/06/2023,2023.0,BMW X3,117638.0,2.0,Asia,Thailand,Wholesale
19/06/2023,2023.0,BMW M2,69355.0,1.0,Africa,South Africa,Online
19/06/2023,2023.0,BMW 5 Series,81676.0,2.0,Asia,Japan,Wholesale
19/06/2023,2023.0,BMW i3,94213.0,1.0,Europe,Italy,Online
20/06/2023,2023.0,BMW Z4,99551.0,5.0,North America,Mexico,Online
20/06/2023,2023.0,BMW 4 Series,39574.0,2.0,Europe,Italy,Wholesale
20/06/2023,2023.0,BMW X2,50826.0,1.0,Africa,Egypt,Online
21/06/2023,2023.0,BMW i4,102053.0,4.0,North America,Canada,Dealership
21/06/2023,2023.0,BMW X2,52474.0,1.0,Africa,Egypt,Dealership
21/06/2023,2023.0,BMW 2 Series,106629.0,5.0,Africa,Kenya,Online
22/06/2023,2023.0,BMW X7,44870.0,1.0,Asia,China,Wholesale
22/06/2023,2023.0,BMW 1 Series,112628.0,2.0,South America,Colombia,Online
23/06/2023,2023.0,BMW X2,31665.0,1.0,Africa,Kenya,Dealership
23/06/2023,2023.0,BMW M5,74802.0,2.0,North America,Mexico,Dealership
24/06/2023,2023.0,BMW 2 Series,35091.0,5.0,Asia,Japan,Dealership
25/06/2023,2023.0,BMW X2,96981.0,1.0,Africa,Egypt,Dealership
25/06/2023,2023.0,BMW Z4,61601.0,1.0,South America,Argentina,Online
26/06/2023,2023.0,BMW X5,85505.0,5.0,North America,United States,Online
26/06/2023,2023.0,BMW i3,85155.0,1.0,Africa,South Africa,Online
26/06/2023,2023.0,BMW X1,100921.0,2.0,South America,Chile,Online
26/06/2023,2023.0,BMW X4,45050.0,3.0,Asia,South Korea,Wholesale
28/06/2023,2023.0,BMW X7,47718.0,3.0,Asia,India,Online
28/06/2023,2023.0,BMW Z4,119523.0,2.0,Europe,Italy,Wholesale
28/06/2023,2023.0,BMW X5,69587.0,1.0,Asia,Japan,Online
29/06/2023,2023.0,BMW 7 Series,109397.0,2.0,Asia,China,Online
29/06/2023,2023.0,BMW iX,117389.0,5.0,North America,Canada,Dealership
30/06/2023,2023.0,BMW X1,102660.0,2.0,Asia,China,Dealership
01/07/2023,2023.0,BMW 1 Series,82703.0,3.0,South America,Argentina,Wholesale
02/07/2023,2023.0,BMW 6 Series,35678.0,4.0,Africa,Morocco,Wholesale
02/07/2023,2023.0,BMW Z4,109756.0,5.0,North America,United States,Dealership
03/07/2023,2023.0,BMW X1,96025.0,1.0,North America,Mexico,Wholesale
04/07/2023,2023.0,BMW 1 Series,119825.0,2.0,South America,Peru,Online
04/07/2023,2023.0,BMW 4 Series,59230.0,5.0,Africa,Egypt,Online
04/07/2023,2023.0,BMW i8,105866.0,3.0,Asia,Japan,Dealership
05/07/2023,2023.0,BMW X2,32221.0,1.0,Asia,South Korea,Online
05/07/2023,2023.0,BMW 7 Series,44862.0,2.0,North America,Mexico,Wholesale
06/07/2023,2023.0,BMW X6,36780.0,2.0,Africa,Nigeria,Wholesale
06/07/2023,2023.0,BMW X2,50100.0,1.0,North America,Mexico,Online
07/07/2023,2023.0,BMW X7,114170.0,4.0,Africa,Nigeria,Dealership
07/07/2023,2023.0,BMW i4,49650.0,4.0,South America,Peru,Dealership
07/07/2023,2023.0,BMW 6 Series,33399.0,5.0,North America,United States,Dealership
07/07/2023,2023.0,BMW M8,77201.0,2.0,Asia,South Korea,Wholesale
08/07/2023,2023.0,BMW 1 Series,48290.0,5.0,North America,United States,Online
09/07/2023,2023.0,BMW iX,97117.0,1.0,South America,Argentina,Wholesale
09/07/2023,2023.0,BMW M4,84462.0,5.0,North America,Mexico,Wholesale
10/07/2023,2023.0,BMW iX,117193.0,2.0,South America,Chile,Dealership
10/07/2023,2023.0,BMW iX3,78634.0,4.0,Asia,South Korea,Wholesale
11/07/2023,2023.0,BMW 7 Series,91720.0,4.0,Africa,South Africa,Online
11/07/2023,2023.0,BMW X3,109215.0,1.0,Asia,Japan,Wholesale
11/07/2023,2023.0,BMW X7,51694.0,3.0,North America,United States,Online
11/07/2023,2023.0,BMW 4 Series,106502.0,5.0,Europe,Italy,Dealership
11/07/2023,2023.0,BMW 4 Series,62976.0,1.0,Asia,Japan,Wholesale
12/07/2023,2023.0,BMW 2 Series,107903.0,4.0,Asia,Japan,Dealership
12/07/2023,2023.0,BMW i3,35725.0,2.0,Europe,United Kingdom,Online
12/07/2023,2023.0,BMW X1,34793.0,2.0,North America,United States,Wholesale
13/07/2023,2023.0,BMW M2,111229.0,3.0,South America,Argentina,Wholesale
13/07/2023,2023.0,BMW i8,77351.0,3.0,Africa,South Africa,Online
13/07/2023,2023.0,BMW 4 Series,70499.0,4.0,South America,Brazil,Online
13/07/2023,2023.0,BMW i8,109951.0,3.0,Asia,Japan,Wholesale
14/07/2023,2023.0,BMW 1 Series,59080.0,3.0,Africa,Morocco,Online
14/07/2023,2023.0,BMW 3 Series,117533.0,2.0,Europe,United Kingdom,Wholesale
14/07/2023,2023.0,BMW 4 Series,97278.0,5.0,Africa,Morocco,Online
15/07/2023,2023.0,BMW M2,33216.0,2.0,Asia,South Korea,Online
15/07/2023,2023.0,BMW Z4,77440.0,2.0,Asia,India,Online
16/07/2023,2023.0,BMW 1 Series,61408.0,4.0,South America,Colombia,Wholesale
16/07/2023,2023.0,BMW 1 Series,75321.0,4.0,North America,United States,Dealership
17/07/2023,2023.0,BMW X5,63161.0,5.0,Africa,Egypt,Online
17/07/2023,2023.0,BMW X4,75952.0,1.0,Asia,India,Wholesale
18/07/2023,2023.0,BMW X5,67924.0,3.0,Asia,India,Online
18/07/2023,2023.0,BMW iX,32871.0,3.0,Europe,Spain,Dealership
18/07/2023,2023.0,BMW X6,35044.0,2.0,Europe,Italy,Online
19/07/2023,2023.0,BMW X1,93229.0,2.0,South America,Brazil,Online
19/07/2023,2023.0,BMW X5,88458.0,5.0,South America,Brazil,Wholesale
19/07/2023,2023.0,BMW 5 Series,66139.0,3.0,Europe,Spain,Wholesale
19/07/2023,2023.0,BMW 7 Series,32422.0,2.0,North America,Canada,Dealership
20/07/2023,2023.0,BMW M8,38629.0,2.0,Asia,Thailand,Wholesale
21/07/2023,2023.0,BMW 8 Series,32482.0,4.0,South America,Colombia,Wholesale
22/07/2023,2023.0,BMW Z4,96105.0,1.0,Asia,Thailand,Wholesale
22/07/2023,2023.0,BMW 1 Series,36066.0,5.0,Europe,France,Online
22/07/2023,2023.0,BMW iX,87163.0,1.0,Asia,China,Online
22/07/2023,2023.0,BMW M2,112966.0,1.0,Asia,India,Online
22/07/2023,2023.0,BMW X4,42785.0,5.0,Europe,United Kingdom,Wholesale
23/07/2023,2023.0,BMW 7 Series,97967.0,3.0,South America,Chile,Dealership
23/07/2023,2023.0,BMW M4,54732.0,2.0,Europe,Germany,Wholesale
23/07/2023,2023.0,BMW X5,94669.0,5.0,South America,Argentina,Dealership
24/07/2023,2023.0,BMW 1 Series,97557.0,2.0,South America,Colombia,Dealership
24/07/2023,2023.0,BMW 6 Series,87822.0,4.0,Africa,Nigeria,Online
25/07/2023,2023.0,BMW M5,99969.0,1.0,Asia,Thailand,Dealership
25/07/2023,2023.0,BMW iX,107988.0,4.0,Asia,China,Online
26/07/2023,2023.0,BMW 4 Series,94136.0,1.0,South America,Peru,Dealership
26/07/2023,2023.0,BMW iX3,63655.0,3.0,North America,Mexico,Wholesale
26/07/2023,2023.0,BMW X1,106400.0,5.0,Europe,Italy,Dealership
26/07/2023,2023.0,BMW M4,79094.0,3.0,North America,United States,Wholesale
27/07/2023,2023.0,BMW 1 Series,86786.0,1.0,Europe,Italy,Dealership
27/07/2023,2023.0,BMW iX3,80467.0,4.0,North America,Canada,Online
27/07/2023,2023.0,BMW Z4,49237.0,1.0,Asia,China,Dealership
28/07/2023,2023.0,BMW i8,40924.0,3.0,Africa,Morocco,Dealership
28/07/2023,2023.0,BMW 6 Series,114509.0,3.0,South America,Chile,Dealership
28/07/2023,2023.0,BMW M4,73087.0,4.0,Africa,Nigeria,Dealership
29/07/2023,2023.0,BMW X2,54881.0,4.0,South America,Colombia,Wholesale
29/07/2023,2023.0,BMW 5 Series,35591.0,3.0,North America,United States,Online
29/07/2023,2023.0,BMW iX3,91957.0,1.0,Africa,South Africa,Online
29/07/2023,2023.0,BMW X1,34122.0,1.0,North America,Canada,Wholesale
29/07/2023,2023.0,BMW 8 Series,87607.0,5.0,South America,Colombia,Online
29/07/2023,2023.0,BMW X3,58022.0,3.0,Africa,Nigeria,Online
30/07/2023,2023.0,BMW 1 Series,118148.0,5.0,North America,Mexico,Dealership
30/07/2023,2023.0,BMW X3,66108.0,3.0,South America,Brazil,Online
30/07/2023,2023.0,BMW M5,111658.0,5.0,North America,United States,Wholesale
30/07/2023,2023.0,BMW M4,72077.0,2.0,Africa,Egypt,Dealership
30/07/2023,2023.0,BMW M2,73819.0,1.0,Africa,Egypt,Dealership
31/07/2023,2023.0,BMW 7 Series,97147.0,1.0,Europe,Germany,Wholesale
31/07/2023,2023.0,BMW iX3,62143.0,2.0,Europe,Germany,Dealership
31/07/2023,2023.0,BMW Z4,65162.0,4.0,Africa,South Africa,Online
31/07/2023,2023.0,BMW iX3,73780.0,2.0,Europe,Spain,Dealership
31/07/2023,2023.0,BMW X5,61742.0,1.0,South America,Brazil,Online
31/07/2023,2023.0,BMW X7,65196.0,3.0,Asia,India,Wholesale
01/08/2023,2023.0,BMW X4,119399.0,5.0,South America,Chile,Wholesale
01/08/2023,2023.0,BMW X5,42213.0,1.0,Europe,United Kingdom,Dealership
01/08/2023,2023.0,BMW Z4,56951.0,2.0,Africa,Egypt,Dealership
01/08/2023,2023.0,BMW i4,56823.0,3.0,North America,Canada,Online
02/08/2023,2023.0,BMW M5,58015.0,1.0,Europe,Germany,Dealership
02/08/2023,2023.0,BMW i4,110573.0,2.0,South America,Colombia,Online
03/08/2023,2023.0,BMW X7,85920.0,1.0,Asia,China,Online
03/08/2023,2023.0,BMW 5 Series,92546.0,2.0,Africa,Egypt,Dealership
04/08/2023,2023.0,BMW M8,113554.0,2.0,South America,Peru,Online
04/08/2023,2023.0,BMW X6,104189.0,1.0,Europe,Spain,Dealership
04/08/2023,2023.0,BMW i4,95270.0,3.0,South America,Peru,Online
04/08/2023,2023.0,BMW 8 Series,46088.0,1.0,South America,Argentina,Dealership
05/08/2023,2023.0,BMW M4,30146.0,1.0,Africa,Egypt,Online
05/08/2023,2023.0,BMW 4 Series,107286.0,3.0,Africa,Nigeria,Wholesale
05/08/2023,2023.0,BMW 2 Series,75797.0,1.0,Asia,South Korea,Wholesale
06/08/2023,2023.0,BMW X7,40933.0,5.0,Europe,Germany,Online
07/08/2023,2023.0,BMW 3 Series,73831.0,5.0,Asia,Thailand,Online
07/08/2023,2023.0,BMW X5,106990.0,5.0,Europe,Spain,Dealership
07/08/2023,2023.0,BMW i3,98881.0,2.0,Asia,South Korea,Online
08/08/2023,2023.0,BMW iX3,115187.0,4.0,North America,Canada,Online
08/08/2023,2023.0,BMW i8,70185.0,1.0,Africa,Nigeria,Online
08/08/2023,2023.0,BMW i4,117163.0,4.0,South America,Chile,Wholesale
08/08/2023,2023.0,BMW 3 Series,97082.0,5.0,North America,United States,Wholesale
08/08/2023,2023.0,BMW Z4,102571.0,3.0,South America,Peru,Online
09/08/2023,2023.0,BMW M5,52074.0,5.0,Asia,Japan,Dealership
09/08/2023,2023.0,BMW X4,80193.0,1.0,South America,Peru,Online
09/08/2023,2023.0,BMW X7,86480.0,4.0,Europe,United Kingdom,Dealership
09/08/2023,2023.0,BMW X3,86198.0,4.0,Asia,India,Online
09/08/2023,2023.0,BMW i8,104528.0,2.0,Europe,Italy,Online
09/08/2023,2023.0,BMW 7 Series,115256.0,3.0,Asia,South Korea,Online
10/08/2023,2023.0,BMW 3 Series,94120.0,5.0,Europe,France,Dealership
10/08/2023,2023.0,BMW i4,30893.0,3.0,North America,United States,Online
10/08/2023,2023.0,BMW X7,114076.0,1.0,Africa,South Africa,Wholesale
10/08/2023,2023.0,BMW X7,106668.0,2.0,Africa,Morocco,Wholesale
10/08/2023,2023.0,BMW X4,44866.0,5.0,South America,Argentina,Online
11/08/2023,2023.0,BMW X5,74390.0,1.0,South America,Brazil,Wholesale
11/08/2023,2023.0,BMW 2 Series,104992.0,3.0,North America,Mexico,Dealership
11/08/2023,2023.0,BMW i8,35378.0,2.0,Africa,Egypt,Online
11/08/2023,2023.0,BMW iX3,104674.0,5.0,South America,Colombia,Dealership
11/08/2023,2023.0,BMW X4,90843.0,3.0,North America,Mexico,Wholesale
12/08/2023,2023.0,BMW 2 Series,100825.0,5.0,Africa,Morocco,Online
13/08/2023,2023.0,BMW 1 Series,84211.0,2.0,Europe,Italy,Dealership
13/08/2023,2023.0,BMW M2,52105.0,2.0,Asia,Thailand,Wholesale
14/08/2023,2023.0,BMW M2,65319.0,3.0,Africa,Nigeria,Online
14/08/2023,2023.0,BMW 7 Series,30125.0,5.0,North America,Canada,Online
14/08/2023,2023.0,BMW X2,108961.0,4.0,Africa,Kenya,Dealership
14/08/2023,2023.0,BMW M8,54838.0,1.0,North America,Canada,Wholesale
14/08/2023,2023.0,BMW 5 Series,57663.0,2.0,Asia,Japan,Dealership
15/08/2023,2023.0,BMW i4,80150.0,5.0,Africa,Morocco,Dealership
15/08/2023,2023.0,BMW X2,70834.0,3.0,Asia,South Korea,Dealership
15/08/2023,2023.0,BMW M4,49517.0,3.0,South America,Argentina,Dealership
15/08/2023,2023.0,BMW M2,88028.0,2.0,North America,Canada,Online
15/08/2023,2023.0,BMW 7 Series,54144.0,2.0,Asia,Thailand,Dealership
16/08/2023,2023.0,BMW M8,64070.0,4.0,Africa,Nigeria,Wholesale
16/08/2023,2023.0,BMW 2 Series,72346.0,3.0,Asia,South Korea,Wholesale
17/08/2023,2023.0,BMW X3,56490.0,5.0,Asia,South Korea,Wholesale
17/08/2023,2023.0,BMW i4,33608.0,1.0,Africa,Egypt,Online
17/08/2023,2023.0,BMW 2 Series,95827.0,1.0,Europe,Italy,Dealership
17/08/2023,2023.0,BMW Z4,62206.0,4.0,Asia,China,Dealership
18/08/2023,2023.0,BMW M8,43627.0,5.0,South America,Colombia,Wholesale
18/08/2023,2023.0,BMW 1 Series,90663.0,1.0,South America,Brazil,Wholesale
18/08/2023,2023.0,BMW M3,32566.0,1.0,South America,Colombia,Online
19/08/2023,2023.0,BMW X1,78169.0,5.0,South America,Colombia,Online
19/08/2023,2023.0,BMW i4,54312.0,5.0,South America,Peru,Online
19/08/2023,2023.0,BMW X1,63733.0,2.0,Africa,Egypt,Online
20/08/2023,2023.0,BMW M3,64117.0,1.0,Africa,Nigeria,Wholesale
21/08/2023,2023.0,BMW M4,68636.0,1.0,Asia,South Korea,Online
21/08/2023,2023.0,BMW M3,76557.0,4.0,Africa,Kenya,Dealership
21/08/2023,2023.0,BMW X4,115898.0,2.0,North America,United States,Online
21/08/2023,2023.0,BMW iX,110429.0,2.0,North America,United States,Wholesale
21/08/2023,2023.0,BMW M4,112203.0,1.0,Asia,South Korea,Online
21/08/2023,2023.0,BMW 7 Series,117862.0,3.0,North America,Mexico,Dealership
21/08/2023,2023.0,BMW M5,85611.0,3.0,South America,Colombia,Online
22/08/2023,2023.0,BMW X5,115621.0,5.0,South America,Argentina,Online
22/08/2023,2023.0,BMW 6 Series,41537.0,2.0,South America,Peru,Online
22/08/2023,2023.0,BMW M8,119998.0,1.0,Europe,Spain,Online
23/08/2023,2023.0,BMW X1,109783.0,1.0,Asia,India,Wholesale
23/08/2023,2023.0,BMW X3,57003.0,1.0,Africa,South Africa,Wholesale
24/08/2023,2023.0,BMW 4 Series,49654.0,4.0,Asia,India,Dealership
25/08/2023,2023.0,BMW M8,69974.0,3.0,Europe,United Kingdom,Wholesale
26/08/2023,2023.0,BMW Z4,54807.0,4.0,Asia,India,Wholesale
26/08/2023,2023.0,BMW 4 Series,54544.0,1.0,North America,Canada,Dealership
26/08/2023,2023.0,BMW 6 Series,62691.0,1.0,Africa,South Africa,Wholesale
26/08/2023,2023.0,BMW 1 Series,57608.0,2.0,Asia,Japan,Dealership
27/08/2023,2023.0,BMW M3,91396.0,2.0,Europe,United Kingdom,Wholesale
27/08/2023,2023.0,BMW M2,43348.0,3.0,South America,Brazil,Online
27/08/2023,2023.0,BMW i8,36356.0,5.0,Africa,Egypt,Dealership
27/08/2023,2023.0,BMW X4,96382.0,1.0,Europe,France,Dealership
28/08/2023,2023.0,BMW X2,85614.0,2.0,Europe,United Kingdom,Dealership
29/08/2023,2023.0,BMW 8 Series,96250.0,3.0,Asia,India,Online
29/08/2023,2023.0,BMW X5,69585.0,4.0,Europe,Germany,Wholesale
29/08/2023,2023.0,BMW X1,115293.0,1.0,Europe,Spain,Online
29/08/2023,2023.0,BMW M4,60178.0,5.0,Africa,South Africa,Wholesale
30/08/2023,2023.0,BMW 1 Series,83948.0,3.0,Africa,Kenya,Dealership
30/08/2023,2023.0,BMW X2,91472.0,5.0,Africa,Nigeria,Wholesale
01/09/2023,2023.0,BMW 3 Series,119410.0,1.0,Asia,India,Online
01/09/2023,2023.0,BMW M5,101445.0,3.0,Asia,Thailand,Wholesale
02/09/2023,2023.0,BMW M5,69583.0,2.0,Africa,Nigeria,Dealership
02/09/2023,2023.0,BMW i8,118961.0,5.0,South America,Peru,Online
02/09/2023,2023.0,BMW i4,86045.0,4.0,Asia,South Korea,Wholesale
03/09/2023,2023.0,BMW 1 Series,49565.0,4.0,Europe,Germany,Wholesale
04/09/2023,2023.0,BMW X6,47301.0,5.0,Africa,Egypt,Dealership
04/09/2023,2023.0,BMW 3 Series,80555.0,1.0,Africa,Kenya,Dealership
04/09/2023,2023.0,BMW 3 Series,59152.0,1.0,Africa,Egypt,Wholesale
04/09/2023,2023.0,BMW X3,99741.0,1.0,North America,United States,Wholesale
04/09/2023,2023.0,BMW 6 Series,43795.0,4.0,South America,Argentina,Online
05/09/2023,2023.0,BMW 1 Series,72585.0,4.0,North America,Canada,Online
05/09/2023,2023.0,BMW M2,43091.0,2.0,South America,Peru,Dealership
05/09/2023,2023.0,BMW i4,57702.0,1.0,Africa,Nigeria,Wholesale
06/09/2023,2023.0,BMW X6,62544.0,4.0,Europe,Italy,Wholesale
06/09/2023,2023.0,BMW M3,106572.0,4.0,Africa,Kenya,Dealership
06/09/2023,2023.0,BMW 2 Series,37826.0,1.0,North America,United States,Dealership
07/09/2023,2023.0,BMW 3 Series,89595.0,1.0,South America,Brazil,Wholesale
08/09/2023,2023.0,BMW X1,86310.0,4.0,Africa,Kenya,Dealership
09/09/2023,2023.0,BMW 1 Series,95550.0,5.0,Africa,Nigeria,Wholesale
09/09/2023,2023.0,BMW 1 Series,72861.0,4.0,Europe,Germany,Dealership
10/09/2023,2023.0,BMW X2,88676.0,2.0,South America,Brazil,Online
10/09/2023,2023.0,BMW X3,47565.0,3.0,Europe,France,Online
11/09/2023,2023.0,BMW i4,107904.0,1.0,Europe,United Kingdom,Online
11/09/2023,2023.0,BMW X2,72423.0,2.0,South America,Colombia,Online
11/09/2023,2023.0,BMW 4 Series,42675.0,5.0,Africa,Morocco,Online
11/09/2023,2023.0,BMW i3,56999.0,3.0,Asia,India,Wholesale
11/09/2023,2023.0,BMW M2,32912.0,4.0,South America,Argentina,Wholesale
12/09/2023,2023.0,BMW i3,88859.0,1.0,North America,United States,Dealership
12/09/2023,2023.0,BMW Z4,52604.0,4.0,North America,Mexico,Online
13/09/2023,2023.0,BMW X6,71132.0,2.0,South America,Chile,Online
13/09/2023,2023.0,BMW 1 Series,103072.0,1.0,South America,Colombia,Wholesale
14/09/2023,2023.0,BMW 2 Series,78352.0,4.0,South America,Colombia,Dealership
14/09/2023,2023.0,BMW X4,117798.0,1.0,North America,Canada,Dealership
14/09/2023,2023.0,BMW X3,55960.0,2.0,Africa,Nigeria,Online
14/09/2023,2023.0,BMW 3 Series,72674.0,4.0,South America,Colombia,Wholesale
15/09/2023,2023.0,BMW Z4,64684.0,3.0,North America,Mexico,Wholesale
15/09/2023,2023.0,BMW Z4,32808.0,5.0,Africa,Nigeria,Wholesale
15/09/2023,2023.0,BMW M3,77025.0,4.0,Asia,Thailand,Wholesale
15/09/2023,2023.0,BMW 2 Series,42540.0,1.0,Africa,Egypt,Online
15/09/2023,2023.0,BMW X3,49089.0,4.0,Africa,Morocco,Wholesale
16/09/2023,2023.0,BMW 4 Series,113940.0,1.0,Asia,Japan,Wholesale
16/09/2023,2023.0,BMW X2,119971.0,2.0,Africa,Nigeria,Wholesale
17/09/2023,2023.0,BMW iX,101386.0,5.0,North America,United States,Wholesale
17/09/2023,2023.0,BMW X6,40518.0,1.0,Africa,Egypt,Dealership
17/09/2023,2023.0,BMW 3 Series,46719.0,4.0,South America,Argentina,Dealership
17/09/2023,2023.0,BMW M4,110587.0,2.0,Africa,Nigeria,Wholesale
18/09/2023,2023.0,BMW 4 Series,46550.0,3.0,Europe,Italy,Wholesale
18/09/2023,2023.0,BMW 8 Series,58562.0,4.0,South America,Brazil,Online
19/09/2023,2023.0,BMW i3,91745.0,5.0,Asia,China,Dealership
19/09/2023,2023.0,BMW X4,98637.0,2.0,Europe,Germany,Wholesale
21/09/2023,2023.0,BMW X3,102454.0,4.0,South America,Brazil,Dealership
21/09/2023,2023.0,BMW M2,89529.0,1.0,Asia,India,Wholesale
21/09/2023,2023.0,BMW X1,67487.0,1.0,North America,Mexico,Online
21/09/2023,2023.0,BMW M4,71534.0,1.0,North America,Canada,Online
21/09/2023,2023.0,BMW i3,65763.0,4.0,Africa,South Africa,Online
22/09/2023,2023.0,BMW M4,115061.0,5.0,South America,Brazil,Dealership
22/09/2023,2023.0,BMW X6,52849.0,1.0,Asia,Japan,Dealership
22/09/2023,2023.0,BMW X5,112424.0,4.0,North America,Mexico,Online
22/09/2023,2023.0,BMW i3,84716.0,4.0,South America,Colombia,Online
22/09/2023,2023.0,BMW X7,78640.0,5.0,Europe,France,Online
22/09/2023,2023.0,BMW 5 Series,47077.0,2.0,Asia,South Korea,Dealership
22/09/2023,2023.0,BMW M5,100325.0,2.0,Africa,South Africa,Wholesale
22/09/2023,2023.0,BMW M4,111596.0,4.0,Asia,China,Online
23/09/2023,2023.0,BMW 1 Series,54717.0,2.0,Africa,Egypt,Dealership
24/09/2023,2023.0,BMW X3,77405.0,3.0,North America,United States,Dealership
24/09/2023,2023.0,BMW 5 Series,73898.0,5.0,North America,Mexico,Wholesale
24/09/2023,2023.0,BMW M5,72240.0,4.0,Europe,Germany,Wholesale
25/09/2023,2023.0,BMW M5,88775.0,2.0,Africa,Nigeria,Online
25/09/2023,2023.0,BMW iX,43194.0,2.0,North America,Canada,Wholesale
26/09/2023,2023.0,BMW i8,60639.0,5.0,South America,Brazil,Dealership
26/09/2023,2023.0,BMW X7,48007.0,1.0,South America,Argentina,Online
27/09/2023,2023.0,BMW 5 Series,106000.0,2.0,Europe,France,Dealership
27/09/2023,2023.0,BMW 4 Series,64734.0,5.0,North America,Mexico,Wholesale
27/09/2023,2023.0,BMW M5,115544.0,1.0,South America,Brazil,Dealership
28/09/2023,2023.0,BMW X2,107678.0,4.0,Asia,China,Wholesale
29/09/2023,2023.0,BMW M8,101616.0,1.0,South America,Chile,Online
30/09/2023,2023.0,BMW 4 Series,67165.0,2.0,Europe,United Kingdom,Wholesale
30/09/2023,2023.0,BMW 2 Series,66801.0,4.0,North America,United States,Dealership
30/09/2023,2023.0,BMW i8,51487.0,4.0,Europe,United Kingdom,Online
01/10/2023,2023.0,BMW X3,71001.0,1.0,Asia,South Korea,Online
01/10/2023,2023.0,BMW X4,60956.0,4.0,North America,Canada,Online
02/10/2023,2023.0,BMW X4,37965.0,1.0,Europe,France,Wholesale
02/10/2023,2023.0,BMW i8,33856.0,1.0,North America,Canada,Wholesale
03/10/2023,2023.0,BMW 8 Series,91826.0,1.0,South America,Brazil,Online
03/10/2023,2023.0,BMW 7 Series,60158.0,5.0,Africa,Egypt,Online
04/10/2023,2023.0,BMW X6,102173.0,2.0,Europe,United Kingdom,Online
04/10/2023,2023.0,BMW i4,90861.0,4.0,Europe,Germany,Online
04/10/2023,2023.0,BMW M8,85652.0,3.0,Europe,United Kingdom,Dealership
04/10/2023,2023.0,BMW i8,48186.0,2.0,South America,Chile,Online
04/10/2023,2023.0,BMW 5 Series,57535.0,3.0,Europe,Italy,Online
05/10/2023,2023.0,BMW X3,103855.0,1.0,North America,United States,Online
05/10/2023,2023.0,BMW i3,59030.0,4.0,South America,Colombia,Online
06/10/2023,2023.0,BMW 3 Series,54541.0,2.0,South America,Colombia,Wholesale
06/10/2023,2023.0,BMW X2,72459.0,3.0,Europe,France,Online
06/10/2023,2023.0,BMW X2,33657.0,3.0,North America,United States,Wholesale
06/10/2023,2023.0,BMW i3,57048.0,3.0,Africa,Egypt,Wholesale
06/10/2023,2023.0,BMW i8,96186.0,2.0,North America,United States,Dealership
06/10/2023,2023.0,BMW iX3,112305.0,5.0,North America,United States,Dealership
07/10/2023,2023.0,BMW M3,61188.0,1.0,North America,Mexico,Dealership
07/10/2023,2023.0,BMW X1,33543.0,4.0,South America,Colombia,Wholesale
07/10/2023,2023.0,BMW X2,57559.0,3.0,Africa,Kenya,Wholesale
08/10/2023,2023.0,BMW 1 Series,43292.0,2.0,Asia,India,Wholesale
08/10/2023,2023.0,BMW M4,44332.0,3.0,South America,Peru,Online
09/10/2023,2023.0,BMW i8,97958.0,2.0,Africa,Kenya,Online
09/10/2023,2023.0,BMW M5,82872.0,5.0,Europe,Spain,Wholesale
09/10/2023,2023.0,BMW 5 Series,41612.0,3.0,Asia,China,Wholesale
10/10/2023,2023.0,BMW M3,45963.0,3.0,South America,Brazil,Wholesale
10/10/2023,2023.0,BMW 6 Series,56011.0,4.0,Europe,United Kingdom,Dealership
11/10/2023,2023.0,BMW X1,60741.0,2.0,Africa,Nigeria,Wholesale
11/10/2023,2023.0,BMW X6,50997.0,2.0,Africa,South Africa,Dealership
11/10/2023,2023.0,BMW X6,38164.0,5.0,North America,Canada,Dealership
12/10/2023,2023.0,BMW iX,94702.0,3.0,South America,Chile,Dealership
12/10/2023,2023.0,BMW M3,99560.0,4.0,Europe,United Kingdom,Wholesale
13/10/2023,2023.0,BMW X2,100908.0,1.0,Europe,Germany,Online
14/10/2023,2023.0,BMW X3,93092.0,4.0,South America,Colombia,Wholesale
14/10/2023,2023.0,BMW i3,116884.0,4.0,Africa,South Africa,Online
14/10/2023,2023.0,BMW 4 Series,114698.0,4.0,Europe,Italy,Wholesale
15/10/2023,2023.0,BMW iX3,45977.0,4.0,Asia,Japan,Dealership
16/10/2023,2023.0,BMW X3,104279.0,3.0,North America,Mexico,Dealership
17/10/2023,2023.0,BMW i4,70213.0,4.0,Asia,India,Online
17/10/2023,2023.0,BMW X5,32500.0,2.0,South America,Brazil,Wholesale
18/10/2023,2023.0,BMW M5,113026.0,2.0,South America,Colombia,Online
18/10/2023,2023.0,BMW Z4,80808.0,4.0,North America,Canada,Dealership
18/10/2023,2023.0,BMW 7 Series,73315.0,2.0,North America,Mexico,Dealership
18/10/2023,2023.0,BMW Z4,84235.0,3.0,South America,Colombia,Dealership
19/10/2023,2023.0,BMW X1,35433.0,1.0,Africa,Egypt,Dealership
19/10/2023,2023.0,BMW M8,71371.0,4.0,Asia,South Korea,Wholesale
19/10/2023,2023.0,BMW Z4,81025.0,2.0,South America,Argentina,Dealership
20/10/2023,2023.0,BMW M5,70452.0,2.0,Africa,Egypt,Online
20/10/2023,2023.0,BMW 6 Series,106177.0,3.0,Europe,France,Dealership
20/10/2023,2023.0,BMW 5 Series,78731.0,3.0,South America,Brazil,Online
22/10/2023,2023.0,BMW i4,39837.0,1.0,Africa,Morocco,Online
22/10/2023,2023.0,BMW M5,104922.0,5.0,Asia,South Korea,Dealership
22/10/2023,2023.0,BMW M3,109602.0,5.0,Africa,Kenya,Wholesale
22/10/2023,2023.0,BMW iX3,76404.0,5.0,Africa,Kenya,Online
23/10/2023,2023.0,BMW i3,61174.0,1.0,Africa,South Africa,Wholesale
24/10/2023,2023.0,BMW X2,86068.0,4.0,Asia,China,Wholesale
24/10/2023,2023.0,BMW X7,35877.0,5.0,Asia,Thailand,Online
25/10/2023,2023.0,BMW iX,61076.0,5.0,Africa,Morocco,Wholesale
25/10/2023,2023.0,BMW iX,116328.0,2.0,Asia,Thailand,Online
25/10/2023,2023.0,BMW i3,52584.0,2.0,Asia,Japan,Dealership
25/10/2023,2023.0,BMW X5,112680.0,4.0,Asia,Japan,Wholesale
26/10/2023,2023.0,BMW X1,72523.0,3.0,Europe,France,Dealership
26/10/2023,2023.0,BMW X4,80375.0,1.0,Europe,Germany,Wholesale
27/10/2023,2023.0,BMW 7 Series,82158.0,5.0,Asia,South Korea,Online
28/10/2023,2023.0,BMW X2,73861.0,1.0,North America,United States,Online
29/10/2023,2023.0,BMW X6,59018.0,2.0,Africa,Nigeria,Online
30/10/2023,2023.0,BMW 8 Series,34698.0,1.0,North America,Mexico,Online
30/10/2023,2023.0,BMW X3,108084.0,2.0,South America,Colombia,Online
30/10/2023,2023.0,BMW X2,83830.0,1.0,Europe,Spain,Dealership
30/10/2023,2023.0,BMW M4,52761.0,2.0,Europe,Spain,Dealership
01/11/2023,2023.0,BMW M4,103375.0,1.0,Europe,United Kingdom,Wholesale
01/11/2023,2023.0,BMW Z4,45419.0,5.0,South America,Chile,Wholesale
01/11/2023,2023.0,BMW M4,109606.0,5.0,South America,Brazil,Online
02/11/2023,2023.0,BMW 6 Series,60932.0,4.0,South America,Argentina,Wholesale
02/11/2023,2023.0,BMW X3,47414.0,1.0,South America,Brazil,Dealership
02/11/2023,2023.0,BMW X2,55274.0,3.0,Africa,Egypt,Dealership
02/11/2023,2023.0,BMW 7 Series,60267.0,4.0,Asia,China,Online
02/11/2023,2023.0,BMW X6,113391.0,1.0,Europe,Italy,Wholesale
03/11/2023,2023.0,BMW M4,114008.0,3.0,Africa,Kenya,Online
03/11/2023,2023.0,BMW X5,117231.0,5.0,Asia,Japan,Online
03/11/2023,2023.0,BMW 4 Series,113176.0,5.0,Africa,South Africa,Online
03/11/2023,2023.0,BMW M8,37017.0,5.0,Africa,Kenya,Wholesale
05/11/2023,2023.0,BMW X6,47958.0,3.0,North America,Mexico,Online
05/11/2023,2023.0,BMW i3,115184.0,2.0,Asia,China,Wholesale
06/11/2023,2023.0,BMW 3 Series,37636.0,1.0,Africa,Morocco,Wholesale
06/11/2023,2023.0,BMW i3,64558.0,4.0,Europe,Spain,Online
06/11/2023,2023.0,BMW X7,85120.0,4.0,Asia,South Korea,Online
06/11/2023,2023.0,BMW X1,38715.0,5.0,Europe,France,Dealership
07/11/2023,2023.0,BMW X5,35702.0,2.0,Europe,United Kingdom,Online
07/11/2023,2023.0,BMW M2,89179.0,1.0,Africa,Nigeria,Dealership
07/11/2023,2023.0,BMW X6,115873.0,1.0,Asia,India,Wholesale
07/11/2023,2023.0,BMW i4,70905.0,4.0,Europe,Spain,Dealership
07/11/2023,2023.0,BMW i4,102578.0,4.0,Asia,India,Dealership
07/11/2023,2023.0,BMW 2 Series,32703.0,4.0,South America,Colombia,Online
08/11/2023,2023.0,BMW X5,87203.0,1.0,Africa,Kenya,Dealership
08/11/2023,2023.0,BMW X3,42444.0,4.0,Africa,South Africa,Wholesale
08/11/2023,2023.0,BMW X1,58355.0,1.0,Africa,Morocco,Wholesale
09/11/2023,2023.0,BMW X3,86360.0,5.0,North America,United States,Dealership
09/11/2023,2023.0,BMW M2,96376.0,2.0,Europe,Germany,Dealership
10/11/2023,2023.0,BMW X5,44482.0,4.0,Europe,France,Online
11/11/2023,2023.0,BMW X1,101708.0,1.0,South America,Chile,Online
11/11/2023,2023.0,BMW 4 Series,92845.0,5.0,South America,Argentina,Online
12/11/2023,2023.0,BMW 7 Series,106230.0,3.0,Europe,Germany,Online
12/11/2023,2023.0,BMW i4,119461.0,5.0,Europe,France,Wholesale
12/11/2023,2023.0,BMW M5,62337.0,2.0,North America,Canada,Dealership
12/11/2023,2023.0,BMW iX3,38738.0,5.0,Europe,Germany,Dealership
12/11/2023,2023.0,BMW 6 Series,34714.0,4.0,Africa,Nigeria,Online
13/11/2023,2023.0,BMW M2,101123.0,4.0,South America,Peru,Online
14/11/2023,2023.0,BMW M5,62286.0,3.0,North America,United States,Online
14/11/2023,2023.0,BMW 3 Series,89053.0,1.0,Africa,Kenya,Online
15/11/2023,2023.0,BMW M8,42129.0,5.0,Europe,Spain,Online
15/11/2023,2023.0,BMW X7,42366.0,3.0,Europe,United Kingdom,Dealership
17/11/2023,2023.0,BMW 8 Series,59698.0,4.0,Europe,Italy,Online
17/11/2023,2023.0,BMW i8,101713.0,1.0,North America,Canada,Online
17/11/2023,2023.0,BMW 2 Series,45689.0,1.0,North America,United States,Wholesale
17/11/2023,2023.0,BMW M5,45151.0,2.0,Europe,Italy,Wholesale
17/11/2023,2023.0,BMW 8 Series,115184.0,4.0,North America,United States,Online
18/11/2023,2023.0,BMW M5,112071.0,1.0,Asia,South Korea,Online
18/11/2023,2023.0,BMW 5 Series,74378.0,2.0,Africa,South Africa,Wholesale
19/11/2023,2023.0,BMW i8,87773.0,2.0,South America,Peru,Dealership
19/11/2023,2023.0,BMW iX,43499.0,4.0,Africa,Nigeria,Wholesale
20/11/2023,2023.0,BMW M2,112273.0,1.0,Asia,China,Dealership
20/11/2023,2023.0,BMW i8,89327.0,1.0,Europe,Italy,Online
20/11/2023,2023.0,BMW i4,112456.0,5.0,Europe,Germany,Dealership
21/11/2023,2023.0,BMW M8,119792.0,1.0,Europe,Spain,Online
21/11/2023,2023.0,BMW M4,112209.0,2.0,South America,Colombia,Online
22/11/2023,2023.0,BMW iX,40515.0,3.0,Africa,Nigeria,Wholesale
22/11/2023,2023.0,BMW 2 Series,60706.0,4.0,South America,Chile,Wholesale
23/11/2023,2023.0,BMW i8,102822.0,3.0,Africa,Nigeria,Dealership
23/11/2023,2023.0,BMW 6 Series,37739.0,1.0,Africa,South Africa,Wholesale
23/11/2023,2023.0,BMW M5,31891.0,2.0,Europe,France,Wholesale
23/11/2023,2023.0,BMW Z4,43730.0,3.0,Asia,Thailand,Wholesale
24/11/2023,2023.0,BMW X5,104675.0,4.0,Asia,South Korea,Dealership
25/11/2023,2023.0,BMW X5,104900.0,5.0,North America,United States,Dealership
25/11/2023,2023.0,BMW 7 Series,63117.0,3.0,Asia,China,Online
25/11/2023,2023.0,BMW iX3,104165.0,5.0,Europe,United Kingdom,Online
25/11/2023,2023.0,BMW 6 Series,68036.0,1.0,North America,Mexico,Online
26/11/2023,2023.0,BMW M2,46385.0,1.0,North America,Mexico,Dealership
27/11/2023,2023.0,BMW 6 Series,86369.0,4.0,Africa,Morocco,Dealership
27/11/2023,2023.0,BMW X5,73375.0,5.0,South America,Brazil,Dealership
28/11/2023,2023.0,BMW Z4,78181.0,5.0,Africa,South Africa,Online
28/11/2023,2023.0,BMW 6 Series,94986.0,4.0,North America,Mexico,Dealership
29/11/2023,2023.0,BMW X7,45055.0,3.0,South America,Peru,Online
29/11/2023,2023.0,BMW 3 Series,55257.0,4.0,Europe,United Kingdom,Dealership
30/11/2023,2023.0,BMW iX,88274.0,1.0,Europe,United Kingdom,Wholesale
30/11/2023,2023.0,BMW X7,34186.0,5.0,Africa,Morocco,Wholesale
30/11/2023,2023.0,BMW X1,81965.0,2.0,North America,Mexico,Dealership
30/11/2023,2023.0,BMW M8,79229.0,2.0,Africa,Nigeria,Wholesale
01/12/2023,2023.0,BMW X3,46685.0,1.0,Asia,South Korea,Dealership
01/12/2023,2023.0,BMW M4,117051.0,5.0,South America,Peru,Wholesale
01/12/2023,2023.0,BMW M4,106992.0,5.0,South America,Brazil,Dealership
01/12/2023,2023.0,BMW i4,76215.0,4.0,South America,Peru,Dealership
02/12/2023,2023.0,BMW X7,44059.0,3.0,North America,United States,Online
02/12/2023,2023.0,BMW X3,31611.0,4.0,Asia,Thailand,Dealership
02/12/2023,2023.0,BMW M3,54599.0,2.0,Asia,South Korea,Dealership
03/12/2023,2023.0,BMW 6 Series,37202.0,5.0,Asia,South Korea,Wholesale
03/12/2023,2023.0,BMW iX3,95524.0,3.0,Europe,Spain,Wholesale
03/12/2023,2023.0,BMW X4,44450.0,4.0,North America,United States,Wholesale
04/12/2023,2023.0,BMW 1 Series,117017.0,3.0,Asia,Thailand,Online
04/12/2023,2023.0,BMW M4,46410.0,2.0,North America,United States,Online
04/12/2023,2023.0,BMW 7 Series,92453.0,3.0,Europe,Italy,Wholesale
04/12/2023,2023.0,BMW M4,76875.0,5.0,North America,Mexico,Wholesale
05/12/2023,2023.0,BMW M3,74739.0,3.0,North America,Canada,Wholesale
06/12/2023,2023.0,BMW i3,81955.0,3.0,Asia,South Korea,Wholesale
06/12/2023,2023.0,BMW X6,45201.0,4.0,South America,Peru,Dealership
07/12/2023,2023.0,BMW 7 Series,94583.0,3.0,Asia,Thailand,Dealership
07/12/2023,2023.0,BMW i4,37882.0,3.0,Africa,South Africa,Online
07/12/2023,2023.0,BMW X1,113668.0,2.0,North America,Canada,Dealership
07/12/2023,2023.0,BMW M4,36733.0,3.0,Africa,Egypt,Wholesale
07/12/2023,2023.0,BMW X4,80411.0,4.0,Africa,Nigeria,Dealership
07/12/2023,2023.0,BMW 8 Series,109787.0,4.0,North America,Canada,Wholesale
09/12/2023,2023.0,BMW i3,80382.0,5.0,Asia,South Korea,Online
09/12/2023,2023.0,BMW X3,93862.0,2.0,Africa,South Africa,Wholesale
09/12/2023,2023.0,BMW X1,74233.0,1.0,South America,Brazil,Online
10/12/2023,2023.0,BMW 8 Series,80736.0,5.0,North America,Mexico,Online
10/12/2023,2023.0,BMW M8,109720.0,3.0,Africa,South Africa,Online
10/12/2023,2023.0,BMW iX,94501.0,2.0,Europe,France,Online
10/12/2023,2023.0,BMW 2 Series,88952.0,5.0,Africa,Nigeria,Wholesale
11/12/2023,2023.0,BMW M3,99396.0,4.0,North America,Mexico,Dealership
11/12/2023,2023.0,BMW M8,89416.0,2.0,Africa,South Africa,Online
12/12/2023,2023.0,BMW i3,111292.0,2.0,Africa,Egypt,Wholesale
12/12/2023,2023.0,BMW i8,58987.0,3.0,South America,Argentina,Dealership
12/12/2023,2023.0,BMW M2,113583.0,2.0,North America,United States,Dealership
12/12/2023,2023.0,BMW Z4,93996.0,2.0,Europe,United Kingdom,Online
13/12/2023,2023.0,BMW iX3,55973.0,1.0,Asia,South Korea,Online
13/12/2023,2023.0,BMW M3,105858.0,3.0,South America,Brazil,Wholesale
14/12/2023,2023.0,BMW i4,51483.0,2.0,Asia,India,Dealership
14/12/2023,2023.0,BMW M4,97803.0,2.0,South America,Colombia,Online
14/12/2023,2023.0,BMW M4,49941.0,1.0,North America,Mexico,Wholesale
15/12/2023,2023.0,BMW X3,74221.0,1.0,Europe,Spain,Online
15/12/2023,2023.0,BMW iX3,85891.0,4.0,Asia,China,Online
15/12/2023,2023.0,BMW M2,88602.0,3.0,North America,Mexico,Dealership
15/12/2023,2023.0,BMW X5,87210.0,1.0,South America,Peru,Online
15/12/2023,2023.0,BMW M4,95795.0,2.0,Africa,Kenya,Wholesale
15/12/2023,2023.0,BMW 5 Series,80734.0,1.0,South America,Peru,Dealership
16/12/2023,2023.0,BMW M8,47658.0,5.0,Europe,Italy,Online
16/12/2023,2023.0,BMW i8,63135.0,4.0,Asia,South Korea,Online
16/12/2023,2023.0,BMW M2,62227.0,4.0,Africa,South Africa,Online
16/12/2023,2023.0,BMW 6 Series,100185.0,3.0,South America,Chile,Online
17/12/2023,2023.0,BMW i8,83702.0,4.0,South America,Chile,Dealership
17/12/2023,2023.0,BMW M8,56507.0,3.0,Asia,Japan,Online
17/12/2023,2023.0,BMW 2 Series,46827.0,5.0,Africa,Nigeria,Online
17/12/2023,2023.0,BMW iX,54440.0,2.0,Asia,South Korea,Wholesale
17/12/2023,2023.0,BMW 8 Series,91635.0,5.0,North America,Canada,Online
18/12/2023,2023.0,BMW i8,77576.0,3.0,Africa,Morocco,Online
18/12/2023,2023.0,BMW X2,46551.0,3.0,South America,Peru,Online
19/12/2023,2023.0,BMW i3,56250.0,3.0,North America,United States,Dealership
19/12/2023,2023.0,BMW iX3,55931.0,2.0,Africa,Kenya,Wholesale
19/12/2023,2023.0,BMW i4,115839.0,3.0,Europe,Italy,Wholesale
19/12/2023,2023.0,BMW 4 Series,42167.0,5.0,North America,United States,Dealership
20/12/2023,2023.0,BMW i4,62229.0,2.0,Africa,Nigeria,Online
20/12/2023,2023.0,BMW Z4,113844.0,5.0,Africa,Egypt,Dealership
20/12/2023,2023.0,BMW 1 Series,78554.0,2.0,North America,United States,Dealership
21/12/2023,2023.0,BMW 1 Series,46683.0,3.0,Africa,Egypt,Dealership
21/12/2023,2023.0,BMW X3,55146.0,2.0,North America,United States,Dealership
22/12/2023,2023.0,BMW X2,117181.0,1.0,Africa,South Africa,Wholesale
22/12/2023,2023.0,BMW 6 Series,94202.0,5.0,Africa,Nigeria,Dealership
23/12/2023,2023.0,BMW 5 Series,81969.0,1.0,Africa,Nigeria,Online
23/12/2023,2023.0,BMW X3,111690.0,1.0,Africa,Morocco,Online
23/12/2023,2023.0,BMW 4 Series,96520.0,3.0,North America,United States,Dealership
23/12/2023,2023.0,BMW 8 Series,91314.0,3.0,South America,Argentina,Dealership
24/12/2023,2023.0,BMW X2,81171.0,1.0,Africa,South Africa,Online
24/12/2023,2023.0,BMW iX,74537.0,2.0,North America,Mexico,Dealership
25/12/2023,2023.0,BMW M5,62059.0,3.0,Africa,Kenya,Dealership
25/12/2023,2023.0,BMW X2,34388.0,5.0,South America,Chile,Online
26/12/2023,2023.0,BMW M8,56878.0,1.0,Africa,Kenya,Wholesale
26/12/2023,2023.0,BMW X6,42549.0,5.0,North America,Canada,Wholesale
27/12/2023,2023.0,BMW 5 Series,60268.0,5.0,Africa,Morocco,Dealership
27/12/2023,2023.0,BMW 2 Series,108037.0,5.0,Asia,India,Online
27/12/2023,2023.0,BMW X5,41326.0,1.0,Africa,Morocco,Dealership
28/12/2023,2023.0,BMW 1 Series,60246.0,4.0,South America,Chile,Dealership
28/12/2023,2023.0,BMW X7,114351.0,3.0,Asia,South Korea,Wholesale
29/12/2023,2023.0,BMW i4,111761.0,5.0,North America,Mexico,Wholesale
29/12/2023,2023.0,BMW Z4,84254.0,1.0,Africa,Kenya,Wholesale
30/12/2023,2023.0,BMW iX3,114795.0,4.0,South America,Peru,Dealership
31/12/2023,2023.0,BMW M5,65411.0,1.0,North America,Canada,Wholesale
31/12/2023,2023.0,BMW M2,114943.0,3.0,Asia,South Korea,Online
31/12/2023,2023.0,BMW M3,58530.0,1.0,Europe,Spain,Wholesale
31/12/2023,2023.0,BMW 4 Series,85902.0,2.0,North America,United States,Online
31/12/2023,2023.0,BMW 5 Series,113394.0,2.0,South America,Chile,Wholesale
31/12/2023,2023.0,BMW 1 Series,73525.0,5.0,Asia,South Korea,Dealership
